[final] running: /home/armaan/phylogfn/.venv/bin/python -u -m learned_reverse_ips.train --run-name learned_reverse_27taxa_noreplay_b4096_seed0 --cfg src/configs/benchmark_dna_cfgs/discrete_branch_lengths/cfg_0.001binsize_50bins_temperature_anneal_0.4_27taxa_shift12000.yaml --dataset dataset/benchmark_datasets/DS1.pickle --output final/runs/27taxa_noreplay_b4096_seed0/learned_reverse --seed 0 --epochs 25000 --steps-per-epoch 1 --on-policy-batch-size 1024 --replay-batch-size 0 --replay-buffer-size 512 --checkpoint-every 1000 --full-model --outcome-level signature --advantage-reward-mode log_reward --grpo-lr 1e-4 --grpo-entropy-coef 0.0 --grpo-num-iterations 1 --rollout-chunk-size 1024 --print-every 25 --disable-replay --reward-target shifted_linear --reverse-lr 0.001 --reverse-train-epochs 8 --reverse-hidden-size 256 --reverse-num-layers 3 --skip-post-train --reverse-policy mlp --resume-from final/runs/27taxa_noreplay_b4096_seed0/learned_reverse/20260825_191559_learned_reverse_27taxa_noreplay_b4096_seed0_learned_reverse_ips_grpo --mini-batch-splits 4
cpu_threads=2
/home/armaan/phylogfn/src/gfn/tb_gfn_phylo.py:126: FutureWarning: `torch.cuda.amp.GradScaler(args...)` is deprecated. Please use `torch.amp.GradScaler('cuda', args...)` instead.
  self.scaler = torch.cuda.amp.GradScaler()
warning: removing 533 metrics records newer than committed checkpoint checkpoint_epoch14999.pt
resuming from checkpoint_epoch14999.pt: global_step=60000 mode=on_policy
  continue epochs [15000, 25000)
restored learned-reverse state from learned_reverse_epoch14999.pt
run_dir=/home/armaan/phylogfn/final/runs/27taxa_noreplay_b4096_seed0/learned_reverse/20260825_191559_learned_reverse_27taxa_noreplay_b4096_seed0_learned_reverse_ips_grpo
method=learned_reverse_ips_grpo device=cuda:0 reverse_policy_type=mlp outcome_level=signature reward_target=shifted_linear full_model=True G_on=1024 G_replay=0 G_total=1024 replay_buffer=0
weight=R(x)*q_phi(tau|x)/P_F(tau); reverse update happens after PPO
step=60000 loss=-0.0154 reverse_nll=0.0000 ESS=0.999 batch_outcomes=256 batch_topologies=256 seen=15360256
step=60025 loss=-0.0123 reverse_nll=0.0000 ESS=0.999 batch_outcomes=256 batch_topologies=256 seen=15366656
step=60050 loss=-0.0105 reverse_nll=0.0001 ESS=0.999 batch_outcomes=256 batch_topologies=256 seen=15373056
step=60075 loss=-0.0079 reverse_nll=0.0001 ESS=0.999 batch_outcomes=256 batch_topologies=256 seen=15379456
step=60100 loss=-0.0061 reverse_nll=0.0001 ESS=0.999 batch_outcomes=256 batch_topologies=256 seen=15385856
step=60125 loss=-0.0065 reverse_nll=0.0001 ESS=0.999 batch_outcomes=256 batch_topologies=256 seen=15392256
step=60150 loss=-0.0035 reverse_nll=0.0001 ESS=0.999 batch_outcomes=256 batch_topologies=256 seen=15398656
step=60175 loss=-0.0036 reverse_nll=0.0001 ESS=0.999 batch_outcomes=256 batch_topologies=256 seen=15405056
step=60200 loss=-0.0007 reverse_nll=0.0001 ESS=0.999 batch_outcomes=256 batch_topologies=256 seen=15411456
step=60225 loss=-0.0022 reverse_nll=0.0001 ESS=0.999 batch_outcomes=256 batch_topologies=256 seen=15417856
step=60250 loss=0.0699 reverse_nll=0.0293 ESS=0.932 batch_outcomes=256 batch_topologies=256 seen=15424256
step=60275 loss=-0.0044 reverse_nll=0.0098 ESS=0.988 batch_outcomes=256 batch_topologies=256 seen=15430656
step=60300 loss=-0.0198 reverse_nll=0.0051 ESS=0.998 batch_outcomes=256 batch_topologies=256 seen=15437056
step=60325 loss=-0.0169 reverse_nll=0.0000 ESS=0.999 batch_outcomes=256 batch_topologies=256 seen=15443456
step=60350 loss=-0.0156 reverse_nll=0.0000 ESS=0.999 batch_outcomes=256 batch_topologies=256 seen=15449856
step=60375 loss=-0.0106 reverse_nll=0.0000 ESS=0.999 batch_outcomes=256 batch_topologies=256 seen=15456256
step=60400 loss=0.0064 reverse_nll=0.0027 ESS=0.986 batch_outcomes=256 batch_topologies=256 seen=15462656
step=60425 loss=0.0026 reverse_nll=0.0095 ESS=0.985 batch_outcomes=256 batch_topologies=256 seen=15469056
step=60450 loss=-0.0160 reverse_nll=0.0006 ESS=0.999 batch_outcomes=256 batch_topologies=256 seen=15475456
step=60475 loss=-0.0154 reverse_nll=0.0001 ESS=0.999 batch_outcomes=256 batch_topologies=256 seen=15481856
step=60500 loss=-0.0100 reverse_nll=0.0000 ESS=0.999 batch_outcomes=256 batch_topologies=256 seen=15488256
step=60525 loss=-0.0091 reverse_nll=0.0000 ESS=0.999 batch_outcomes=256 batch_topologies=256 seen=15494656
step=60550 loss=-0.0086 reverse_nll=0.0000 ESS=0.999 batch_outcomes=256 batch_topologies=256 seen=15501056
step=60575 loss=-0.0067 reverse_nll=0.0001 ESS=0.999 batch_outcomes=256 batch_topologies=256 seen=15507456
step=60600 loss=-0.0005 reverse_nll=0.0001 ESS=0.999 batch_outcomes=256 batch_topologies=256 seen=15513856
step=60625 loss=-0.0064 reverse_nll=0.0001 ESS=0.999 batch_outcomes=256 batch_topologies=256 seen=15520256
step=60650 loss=-0.0023 reverse_nll=0.0001 ESS=0.999 batch_outcomes=256 batch_topologies=256 seen=15526656
step=60675 loss=-0.0036 reverse_nll=0.0001 ESS=0.999 batch_outcomes=256 batch_topologies=256 seen=15533056
step=60700 loss=-0.0006 reverse_nll=0.0001 ESS=0.999 batch_outcomes=256 batch_topologies=256 seen=15539456
step=60725 loss=-0.0018 reverse_nll=0.0001 ESS=0.999 batch_outcomes=256 batch_topologies=256 seen=15545856
step=60750 loss=-0.0024 reverse_nll=0.0001 ESS=0.999 batch_outcomes=256 batch_topologies=256 seen=15552256
step=60775 loss=-0.0001 reverse_nll=0.0001 ESS=0.999 batch_outcomes=256 batch_topologies=256 seen=15558656
step=60800 loss=0.0019 reverse_nll=0.0001 ESS=0.999 batch_outcomes=256 batch_topologies=256 seen=15565056
step=60825 loss=-0.0001 reverse_nll=0.0001 ESS=0.999 batch_outcomes=256 batch_topologies=256 seen=15571455
step=60850 loss=0.2431 reverse_nll=0.1710 ESS=0.798 batch_outcomes=256 batch_topologies=256 seen=15577855
step=60875 loss=0.0115 reverse_nll=0.0401 ESS=0.971 batch_outcomes=256 batch_topologies=256 seen=15584255
step=60900 loss=-0.0296 reverse_nll=0.0623 ESS=0.999 batch_outcomes=256 batch_topologies=256 seen=15590655
step=60925 loss=-0.0084 reverse_nll=0.0356 ESS=0.985 batch_outcomes=256 batch_topologies=256 seen=15597053
step=60950 loss=-0.0220 reverse_nll=0.0058 ESS=0.999 batch_outcomes=256 batch_topologies=256 seen=15603452
step=60975 loss=-0.0162 reverse_nll=0.0001 ESS=0.999 batch_outcomes=256 batch_topologies=256 seen=15609850
step=61000 loss=-0.0179 reverse_nll=0.0000 ESS=0.999 batch_outcomes=256 batch_topologies=256 seen=15616250
step=61025 loss=-0.0095 reverse_nll=0.0000 ESS=0.999 batch_outcomes=256 batch_topologies=256 seen=15622650
step=61050 loss=-0.0075 reverse_nll=0.0000 ESS=0.999 batch_outcomes=256 batch_topologies=256 seen=15629050
step=61075 loss=-0.0074 reverse_nll=0.0001 ESS=0.999 batch_outcomes=256 batch_topologies=256 seen=15635443
step=61100 loss=-0.0044 reverse_nll=0.0001 ESS=0.999 batch_outcomes=256 batch_topologies=256 seen=15641839
step=61125 loss=-0.0042 reverse_nll=0.0001 ESS=0.999 batch_outcomes=256 batch_topologies=256 seen=15648237
step=61150 loss=-0.0031 reverse_nll=0.0001 ESS=0.999 batch_outcomes=256 batch_topologies=256 seen=15654635
step=61175 loss=-0.0028 reverse_nll=0.0001 ESS=0.999 batch_outcomes=256 batch_topologies=256 seen=15661032
step=61200 loss=0.1321 reverse_nll=0.2357 ESS=0.884 batch_outcomes=256 batch_topologies=256 seen=15667431
step=61225 loss=0.0560 reverse_nll=0.0238 ESS=0.949 batch_outcomes=256 batch_topologies=256 seen=15673828
step=61250 loss=0.0022 reverse_nll=0.0007 ESS=0.981 batch_outcomes=256 batch_topologies=256 seen=15680224
step=61275 loss=-0.0208 reverse_nll=0.0051 ESS=0.999 batch_outcomes=256 batch_topologies=256 seen=15686620
step=61300 loss=-0.0151 reverse_nll=0.0181 ESS=0.999 batch_outcomes=256 batch_topologies=256 seen=15693015
step=61325 loss=-0.0170 reverse_nll=0.0000 ESS=0.999 batch_outcomes=256 batch_topologies=256 seen=15699409
step=61350 loss=-0.0144 reverse_nll=0.0000 ESS=0.999 batch_outcomes=256 batch_topologies=256 seen=15705801
step=61375 loss=-0.0100 reverse_nll=0.0000 ESS=0.999 batch_outcomes=256 batch_topologies=256 seen=15712190
step=61400 loss=-0.0064 reverse_nll=0.0000 ESS=0.999 batch_outcomes=256 batch_topologies=256 seen=15718575
step=61425 loss=-0.0079 reverse_nll=0.0000 ESS=0.999 batch_outcomes=256 batch_topologies=256 seen=15724964
step=61450 loss=-0.0044 reverse_nll=0.0001 ESS=0.999 batch_outcomes=256 batch_topologies=256 seen=15731316
step=61475 loss=0.0657 reverse_nll=0.0143 ESS=0.949 batch_outcomes=256 batch_topologies=256 seen=15737700
step=61500 loss=0.0205 reverse_nll=0.0386 ESS=0.981 batch_outcomes=256 batch_topologies=256 seen=15744086
step=61525 loss=-0.0111 reverse_nll=0.0000 ESS=0.999 batch_outcomes=256 batch_topologies=256 seen=15750468
step=61550 loss=-0.0086 reverse_nll=0.0000 ESS=0.999 batch_outcomes=256 batch_topologies=256 seen=15756846
step=61575 loss=-0.0071 reverse_nll=0.0000 ESS=0.999 batch_outcomes=256 batch_topologies=256 seen=15763230
step=61600 loss=-0.0046 reverse_nll=0.0001 ESS=0.999 batch_outcomes=256 batch_topologies=256 seen=15769599
step=61625 loss=-0.0043 reverse_nll=0.0001 ESS=0.999 batch_outcomes=256 batch_topologies=256 seen=15775969
step=61650 loss=-0.0028 reverse_nll=0.0000 ESS=0.999 batch_outcomes=256 batch_topologies=256 seen=15782340
step=61675 loss=-0.0040 reverse_nll=0.0001 ESS=0.999 batch_outcomes=256 batch_topologies=256 seen=15788714
step=61700 loss=-0.0032 reverse_nll=0.0000 ESS=0.999 batch_outcomes=256 batch_topologies=256 seen=15795079
step=61725 loss=0.0806 reverse_nll=2.9908 ESS=0.946 batch_outcomes=256 batch_topologies=256 seen=15801432
step=61750 loss=0.0264 reverse_nll=0.0440 ESS=0.965 batch_outcomes=256 batch_topologies=256 seen=15807790
step=61775 loss=-0.0073 reverse_nll=0.0023 ESS=0.992 batch_outcomes=256 batch_topologies=256 seen=15814138
step=61800 loss=-0.0058 reverse_nll=0.0004 ESS=0.987 batch_outcomes=256 batch_topologies=256 seen=15820496
step=61825 loss=-0.0152 reverse_nll=0.0112 ESS=0.995 batch_outcomes=256 batch_topologies=256 seen=15826855
step=61850 loss=0.0084 reverse_nll=0.0003 ESS=0.988 batch_outcomes=256 batch_topologies=256 seen=15833182
step=61875 loss=-0.0132 reverse_nll=0.0000 ESS=0.999 batch_outcomes=256 batch_topologies=256 seen=15839514
step=61900 loss=-0.0120 reverse_nll=0.0000 ESS=0.999 batch_outcomes=256 batch_topologies=256 seen=15845837
step=61925 loss=-0.0113 reverse_nll=0.0000 ESS=0.999 batch_outcomes=256 batch_topologies=256 seen=15852160
step=61950 loss=-0.0096 reverse_nll=0.0000 ESS=0.999 batch_outcomes=256 batch_topologies=256 seen=15858475
step=61975 loss=-0.0028 reverse_nll=0.0000 ESS=0.999 batch_outcomes=256 batch_topologies=256 seen=15864790
step=62000 loss=-0.0014 reverse_nll=0.0001 ESS=0.999 batch_outcomes=256 batch_topologies=256 seen=15871092
step=62025 loss=-0.0018 reverse_nll=0.0001 ESS=0.999 batch_outcomes=256 batch_topologies=256 seen=15877369
step=62050 loss=-0.0016 reverse_nll=0.0001 ESS=0.999 batch_outcomes=256 batch_topologies=256 seen=15883661
step=62075 loss=-0.0020 reverse_nll=0.0001 ESS=0.999 batch_outcomes=256 batch_topologies=256 seen=15889951
step=62100 loss=0.0086 reverse_nll=0.0811 ESS=0.990 batch_outcomes=256 batch_topologies=256 seen=15896251
step=62125 loss=0.0230 reverse_nll=0.2582 ESS=0.977 batch_outcomes=256 batch_topologies=256 seen=15902551
step=62150 loss=-0.0161 reverse_nll=0.0005 ESS=0.999 batch_outcomes=256 batch_topologies=256 seen=15908825
step=62175 loss=-0.0116 reverse_nll=0.0152 ESS=0.998 batch_outcomes=256 batch_topologies=256 seen=15915068
step=62200 loss=0.0036 reverse_nll=0.0002 ESS=0.981 batch_outcomes=256 batch_topologies=256 seen=15921301
step=62225 loss=-0.0120 reverse_nll=0.0002 ESS=0.995 batch_outcomes=256 batch_topologies=256 seen=15927486
step=62250 loss=-0.0133 reverse_nll=0.0000 ESS=0.999 batch_outcomes=256 batch_topologies=256 seen=15933672
step=62275 loss=-0.0083 reverse_nll=0.0000 ESS=0.999 batch_outcomes=256 batch_topologies=256 seen=15939909
step=62300 loss=-0.0091 reverse_nll=0.0000 ESS=0.999 batch_outcomes=256 batch_topologies=256 seen=15946101
step=62325 loss=-0.0042 reverse_nll=0.0001 ESS=0.999 batch_outcomes=256 batch_topologies=256 seen=15952275
step=62350 loss=-0.0023 reverse_nll=0.0001 ESS=0.999 batch_outcomes=256 batch_topologies=256 seen=15958477
step=62375 loss=-0.0024 reverse_nll=0.0001 ESS=0.999 batch_outcomes=256 batch_topologies=256 seen=15964679
step=62400 loss=-0.0037 reverse_nll=0.0001 ESS=0.999 batch_outcomes=256 batch_topologies=256 seen=15970787
step=62425 loss=0.0455 reverse_nll=0.3775 ESS=0.974 batch_outcomes=256 batch_topologies=256 seen=15976957
step=62450 loss=0.0118 reverse_nll=0.0034 ESS=0.982 batch_outcomes=256 batch_topologies=256 seen=15983088
step=62475 loss=-0.0032 reverse_nll=0.0016 ESS=0.994 batch_outcomes=256 batch_topologies=256 seen=15989241
step=62500 loss=0.0574 reverse_nll=0.0311 ESS=0.956 batch_outcomes=256 batch_topologies=256 seen=15995365
step=62525 loss=-0.0060 reverse_nll=0.0005 ESS=0.992 batch_outcomes=256 batch_topologies=256 seen=16001461
step=62550 loss=-0.0095 reverse_nll=0.0002 ESS=0.999 batch_outcomes=256 batch_topologies=256 seen=16007522
step=62575 loss=-0.0108 reverse_nll=0.0000 ESS=0.999 batch_outcomes=256 batch_topologies=256 seen=16013552
step=62600 loss=-0.0090 reverse_nll=0.0000 ESS=0.999 batch_outcomes=256 batch_topologies=256 seen=16019596
step=62625 loss=-0.0056 reverse_nll=0.0000 ESS=0.999 batch_outcomes=256 batch_topologies=256 seen=16025688
step=62650 loss=-0.0039 reverse_nll=0.0000 ESS=0.999 batch_outcomes=256 batch_topologies=256 seen=16031741
step=62675 loss=-0.0035 reverse_nll=0.0001 ESS=0.999 batch_outcomes=256 batch_topologies=256 seen=16037819
step=62700 loss=-0.0053 reverse_nll=0.0001 ESS=0.999 batch_outcomes=256 batch_topologies=256 seen=16043921
step=62725 loss=0.0089 reverse_nll=0.0486 ESS=0.988 batch_outcomes=256 batch_topologies=256 seen=16050011
step=62750 loss=0.0009 reverse_nll=0.0004 ESS=0.992 batch_outcomes=256 batch_topologies=256 seen=16056103
step=62775 loss=-0.0054 reverse_nll=0.0002 ESS=0.995 batch_outcomes=256 batch_topologies=256 seen=16062197
step=62800 loss=-0.0068 reverse_nll=0.0069 ESS=0.997 batch_outcomes=256 batch_topologies=256 seen=16068326
step=62825 loss=-0.0119 reverse_nll=0.0000 ESS=0.999 batch_outcomes=256 batch_topologies=256 seen=16074406
step=62850 loss=-0.0068 reverse_nll=0.0000 ESS=0.999 batch_outcomes=256 batch_topologies=256 seen=16080468
step=62875 loss=-0.0045 reverse_nll=0.0000 ESS=0.999 batch_outcomes=256 batch_topologies=256 seen=16086556
step=62900 loss=-0.0039 reverse_nll=0.0001 ESS=0.999 batch_outcomes=256 batch_topologies=256 seen=16092668
step=62925 loss=-0.0027 reverse_nll=0.0000 ESS=0.999 batch_outcomes=256 batch_topologies=256 seen=16098646
step=62950 loss=-0.0026 reverse_nll=0.0001 ESS=0.999 batch_outcomes=256 batch_topologies=256 seen=16104607
step=62975 loss=-0.0042 reverse_nll=0.0001 ESS=0.999 batch_outcomes=256 batch_topologies=256 seen=16110532
step=63000 loss=0.0009 reverse_nll=0.0001 ESS=0.999 batch_outcomes=256 batch_topologies=256 seen=16116418
step=63025 loss=-0.0037 reverse_nll=0.0001 ESS=0.999 batch_outcomes=256 batch_topologies=256 seen=16122389
step=63050 loss=-0.0028 reverse_nll=0.0001 ESS=0.999 batch_outcomes=256 batch_topologies=256 seen=16128283
step=63075 loss=0.0003 reverse_nll=0.0001 ESS=0.999 batch_outcomes=256 batch_topologies=256 seen=16134152
step=63100 loss=0.0827 reverse_nll=0.0260 ESS=0.936 batch_outcomes=256 batch_topologies=256 seen=16139948
step=63125 loss=0.0141 reverse_nll=0.0017 ESS=0.979 batch_outcomes=256 batch_topologies=256 seen=16145783
step=63150 loss=0.0525 reverse_nll=0.0070 ESS=0.940 batch_outcomes=256 batch_topologies=256 seen=16151619
step=63175 loss=-0.0234 reverse_nll=0.0156 ESS=0.999 batch_outcomes=256 batch_topologies=256 seen=16157350
step=63200 loss=-0.0095 reverse_nll=0.0012 ESS=0.990 batch_outcomes=256 batch_topologies=256 seen=16163110
step=63225 loss=0.0445 reverse_nll=0.0210 ESS=0.944 batch_outcomes=256 batch_topologies=256 seen=16168910
step=63250 loss=-0.0189 reverse_nll=0.0000 ESS=0.999 batch_outcomes=256 batch_topologies=256 seen=16174667
step=63275 loss=-0.0145 reverse_nll=0.0000 ESS=0.999 batch_outcomes=256 batch_topologies=256 seen=16180386
step=63300 loss=-0.0109 reverse_nll=0.0000 ESS=0.999 batch_outcomes=256 batch_topologies=256 seen=16186041
step=63325 loss=-0.0067 reverse_nll=0.0000 ESS=0.999 batch_outcomes=256 batch_topologies=256 seen=16191733
step=63350 loss=0.0223 reverse_nll=0.0008 ESS=0.971 batch_outcomes=256 batch_topologies=256 seen=16197372
step=63375 loss=0.0078 reverse_nll=0.0003 ESS=0.991 batch_outcomes=256 batch_topologies=256 seen=16202969
step=63400 loss=-0.0088 reverse_nll=0.0001 ESS=0.999 batch_outcomes=256 batch_topologies=256 seen=16208559
step=63425 loss=-0.0093 reverse_nll=0.0000 ESS=0.999 batch_outcomes=256 batch_topologies=256 seen=16214160
step=63450 loss=-0.0053 reverse_nll=0.0000 ESS=0.999 batch_outcomes=256 batch_topologies=256 seen=16219910
step=63475 loss=-0.0048 reverse_nll=0.0000 ESS=0.999 batch_outcomes=256 batch_topologies=256 seen=16225964
step=63500 loss=-0.0050 reverse_nll=0.0000 ESS=0.999 batch_outcomes=256 batch_topologies=256 seen=16231718
step=63525 loss=-0.0020 reverse_nll=0.0000 ESS=0.999 batch_outcomes=256 batch_topologies=256 seen=16237866
step=63550 loss=-0.0011 reverse_nll=0.0001 ESS=0.999 batch_outcomes=256 batch_topologies=256 seen=16243820
step=63575 loss=-0.0010 reverse_nll=0.0001 ESS=0.999 batch_outcomes=256 batch_topologies=256 seen=16249607
step=63600 loss=-0.0021 reverse_nll=0.0001 ESS=0.999 batch_outcomes=256 batch_topologies=256 seen=16255348
step=63625 loss=-0.0010 reverse_nll=0.0001 ESS=0.999 batch_outcomes=256 batch_topologies=256 seen=16261087
step=63650 loss=0.0221 reverse_nll=0.2038 ESS=0.984 batch_outcomes=256 batch_topologies=256 seen=16266832
step=63675 loss=0.0153 reverse_nll=0.0015 ESS=0.979 batch_outcomes=256 batch_topologies=256 seen=16272550
step=63700 loss=-0.0141 reverse_nll=0.0118 ESS=0.991 batch_outcomes=256 batch_topologies=256 seen=16278333
step=63725 loss=-0.0123 reverse_nll=0.0004 ESS=0.992 batch_outcomes=256 batch_topologies=256 seen=16284009
step=63750 loss=-0.0189 reverse_nll=0.0001 ESS=0.999 batch_outcomes=256 batch_topologies=256 seen=16289706
step=63775 loss=0.0810 reverse_nll=0.0031 ESS=0.918 batch_outcomes=256 batch_topologies=256 seen=16295334
step=63800 loss=-0.0123 reverse_nll=0.0001 ESS=0.999 batch_outcomes=256 batch_topologies=256 seen=16300959
step=63825 loss=-0.0099 reverse_nll=0.0000 ESS=0.999 batch_outcomes=256 batch_topologies=256 seen=16306568
step=63850 loss=-0.0122 reverse_nll=0.0000 ESS=0.999 batch_outcomes=256 batch_topologies=256 seen=16312099
step=63875 loss=-0.0071 reverse_nll=0.0000 ESS=0.999 batch_outcomes=256 batch_topologies=256 seen=16317795
step=63900 loss=-0.0079 reverse_nll=0.0000 ESS=0.999 batch_outcomes=256 batch_topologies=256 seen=16323377
step=63925 loss=-0.0050 reverse_nll=0.0000 ESS=0.999 batch_outcomes=256 batch_topologies=256 seen=16328850
step=63950 loss=0.0075 reverse_nll=0.0482 ESS=0.989 batch_outcomes=256 batch_topologies=256 seen=16334215
step=63975 loss=-0.0076 reverse_nll=0.0119 ESS=0.998 batch_outcomes=256 batch_topologies=256 seen=16339555
step=64000 loss=-0.0122 reverse_nll=0.0004 ESS=0.995 batch_outcomes=256 batch_topologies=256 seen=16345043
step=64025 loss=0.0329 reverse_nll=0.0032 ESS=0.958 batch_outcomes=256 batch_topologies=256 seen=16350381
step=64050 loss=-0.0101 reverse_nll=0.0046 ESS=0.998 batch_outcomes=256 batch_topologies=256 seen=16355747
step=64075 loss=0.0102 reverse_nll=0.0003 ESS=0.988 batch_outcomes=256 batch_topologies=256 seen=16361178
step=64100 loss=-0.0148 reverse_nll=0.0001 ESS=0.999 batch_outcomes=256 batch_topologies=256 seen=16366492
step=64125 loss=-0.0117 reverse_nll=0.0000 ESS=0.999 batch_outcomes=256 batch_topologies=256 seen=16371940
step=64150 loss=-0.0064 reverse_nll=0.0000 ESS=0.999 batch_outcomes=256 batch_topologies=256 seen=16377386
step=64175 loss=-0.0085 reverse_nll=0.0000 ESS=0.999 batch_outcomes=256 batch_topologies=256 seen=16382755
step=64200 loss=-0.0044 reverse_nll=0.0000 ESS=0.999 batch_outcomes=256 batch_topologies=256 seen=16388097
step=64225 loss=-0.0047 reverse_nll=0.0000 ESS=0.999 batch_outcomes=256 batch_topologies=256 seen=16393466
step=64250 loss=-0.0003 reverse_nll=0.0000 ESS=0.999 batch_outcomes=256 batch_topologies=256 seen=16398535
step=64275 loss=-0.0048 reverse_nll=0.0001 ESS=0.999 batch_outcomes=256 batch_topologies=256 seen=16403690
step=64300 loss=-0.0017 reverse_nll=0.0001 ESS=0.999 batch_outcomes=256 batch_topologies=256 seen=16408796
step=64325 loss=0.1220 reverse_nll=0.3326 ESS=0.899 batch_outcomes=256 batch_topologies=256 seen=16413742
step=64350 loss=0.0556 reverse_nll=0.0052 ESS=0.947 batch_outcomes=256 batch_topologies=256 seen=16418734
step=64375 loss=-0.0171 reverse_nll=0.0002 ESS=0.999 batch_outcomes=256 batch_topologies=256 seen=16423644
step=64400 loss=0.0358 reverse_nll=0.1684 ESS=0.952 batch_outcomes=256 batch_topologies=256 seen=16428490
step=64425 loss=-0.0097 reverse_nll=0.0007 ESS=0.994 batch_outcomes=256 batch_topologies=256 seen=16433256
step=64450 loss=-0.0145 reverse_nll=0.0000 ESS=0.999 batch_outcomes=256 batch_topologies=256 seen=16438021
step=64475 loss=-0.0117 reverse_nll=0.0000 ESS=0.999 batch_outcomes=256 batch_topologies=256 seen=16442700
step=64500 loss=-0.0094 reverse_nll=0.0000 ESS=0.999 batch_outcomes=256 batch_topologies=256 seen=16447332
step=64525 loss=-0.0065 reverse_nll=0.0000 ESS=0.999 batch_outcomes=256 batch_topologies=256 seen=16451909
step=64550 loss=-0.0036 reverse_nll=0.0000 ESS=0.999 batch_outcomes=256 batch_topologies=256 seen=16456493
step=64575 loss=-0.0038 reverse_nll=0.0000 ESS=0.999 batch_outcomes=256 batch_topologies=256 seen=16460949
step=64600 loss=-0.0040 reverse_nll=0.0000 ESS=0.999 batch_outcomes=256 batch_topologies=256 seen=16465444
step=64625 loss=-0.0036 reverse_nll=0.0000 ESS=0.999 batch_outcomes=256 batch_topologies=256 seen=16469847
step=64650 loss=-0.0027 reverse_nll=0.0000 ESS=0.999 batch_outcomes=256 batch_topologies=256 seen=16474246
step=64675 loss=-0.0026 reverse_nll=0.0000 ESS=0.999 batch_outcomes=256 batch_topologies=256 seen=16478511
step=64700 loss=-0.0005 reverse_nll=0.0001 ESS=0.999 batch_outcomes=256 batch_topologies=256 seen=16482690
step=64725 loss=-0.0028 reverse_nll=0.0001 ESS=0.999 batch_outcomes=256 batch_topologies=256 seen=16486909
step=64750 loss=-0.0024 reverse_nll=0.0000 ESS=0.999 batch_outcomes=256 batch_topologies=256 seen=16491113
step=64775 loss=-0.0005 reverse_nll=0.0001 ESS=0.999 batch_outcomes=256 batch_topologies=256 seen=16495235
step=64800 loss=0.0016 reverse_nll=0.0000 ESS=0.999 batch_outcomes=256 batch_topologies=256 seen=16499380
step=64825 loss=0.1673 reverse_nll=0.1347 ESS=0.856 batch_outcomes=256 batch_topologies=256 seen=16503524
step=64850 loss=0.0568 reverse_nll=0.1144 ESS=0.924 batch_outcomes=256 batch_topologies=256 seen=16507618
step=64875 loss=0.0162 reverse_nll=0.0612 ESS=0.964 batch_outcomes=256 batch_topologies=256 seen=16511801
step=64900 loss=-0.0250 reverse_nll=0.0004 ESS=0.997 batch_outcomes=256 batch_topologies=256 seen=16516075
step=64925 loss=-0.0079 reverse_nll=0.0017 ESS=0.992 batch_outcomes=256 batch_topologies=256 seen=16520322
step=64950 loss=-0.0187 reverse_nll=0.0000 ESS=0.999 batch_outcomes=256 batch_topologies=256 seen=16524563
step=64975 loss=-0.0179 reverse_nll=0.0000 ESS=0.999 batch_outcomes=256 batch_topologies=256 seen=16528666
step=65000 loss=-0.0134 reverse_nll=0.0000 ESS=0.999 batch_outcomes=256 batch_topologies=256 seen=16532768
step=65025 loss=-0.0122 reverse_nll=0.0000 ESS=0.999 batch_outcomes=256 batch_topologies=256 seen=16536877
step=65050 loss=-0.0072 reverse_nll=0.0000 ESS=0.999 batch_outcomes=256 batch_topologies=256 seen=16540909
step=65075 loss=-0.0068 reverse_nll=0.0000 ESS=0.999 batch_outcomes=256 batch_topologies=256 seen=16544988
step=65100 loss=-0.0033 reverse_nll=0.0000 ESS=0.999 batch_outcomes=256 batch_topologies=256 seen=16548960
step=65125 loss=-0.0012 reverse_nll=0.0069 ESS=0.996 batch_outcomes=256 batch_topologies=256 seen=16553132
step=65150 loss=0.0122 reverse_nll=0.0123 ESS=0.977 batch_outcomes=256 batch_topologies=256 seen=16556967
step=65175 loss=0.0162 reverse_nll=0.0012 ESS=0.975 batch_outcomes=256 batch_topologies=256 seen=16560868
step=65200 loss=-0.0082 reverse_nll=0.0009 ESS=0.995 batch_outcomes=256 batch_topologies=256 seen=16564473
step=65225 loss=0.0036 reverse_nll=0.0034 ESS=0.989 batch_outcomes=256 batch_topologies=256 seen=16568223
step=65250 loss=-0.0091 reverse_nll=0.0000 ESS=0.999 batch_outcomes=256 batch_topologies=256 seen=16571782
step=65275 loss=-0.0078 reverse_nll=0.0000 ESS=0.999 batch_outcomes=256 batch_topologies=256 seen=16575406
step=65300 loss=-0.0046 reverse_nll=0.0000 ESS=0.999 batch_outcomes=256 batch_topologies=256 seen=16578993
step=65325 loss=-0.0032 reverse_nll=0.0000 ESS=0.999 batch_outcomes=256 batch_topologies=256 seen=16582596
step=65350 loss=-0.0038 reverse_nll=0.0000 ESS=0.999 batch_outcomes=256 batch_topologies=256 seen=16586053
step=65375 loss=0.0015 reverse_nll=0.0000 ESS=0.999 batch_outcomes=256 batch_topologies=256 seen=16589435
step=65400 loss=-0.0034 reverse_nll=0.0000 ESS=0.999 batch_outcomes=256 batch_topologies=256 seen=16592886
step=65425 loss=-0.0023 reverse_nll=0.0000 ESS=0.999 batch_outcomes=256 batch_topologies=256 seen=16596348
step=65450 loss=-0.0001 reverse_nll=0.0000 ESS=0.999 batch_outcomes=256 batch_topologies=256 seen=16599700
step=65475 loss=-0.0007 reverse_nll=0.0001 ESS=0.999 batch_outcomes=256 batch_topologies=256 seen=16602990
step=65500 loss=-0.0008 reverse_nll=0.0000 ESS=0.999 batch_outcomes=256 batch_topologies=256 seen=16606247
step=65525 loss=0.0398 reverse_nll=0.0047 ESS=0.964 batch_outcomes=256 batch_topologies=256 seen=16609540
step=65550 loss=0.0003 reverse_nll=0.0040 ESS=0.984 batch_outcomes=256 batch_topologies=256 seen=16612677
step=65575 loss=0.0376 reverse_nll=0.0319 ESS=0.955 batch_outcomes=256 batch_topologies=256 seen=16615702
step=65600 loss=0.0000 reverse_nll=0.0009 ESS=0.991 batch_outcomes=256 batch_topologies=256 seen=16618559
step=65625 loss=-0.0127 reverse_nll=0.0002 ESS=0.996 batch_outcomes=256 batch_topologies=256 seen=16621370
step=65650 loss=-0.0105 reverse_nll=0.0007 ESS=0.998 batch_outcomes=256 batch_topologies=256 seen=16624040
step=65675 loss=-0.0121 reverse_nll=0.0001 ESS=0.999 batch_outcomes=256 batch_topologies=256 seen=16626734
step=65700 loss=-0.0097 reverse_nll=0.0000 ESS=0.999 batch_outcomes=256 batch_topologies=256 seen=16629351
step=65725 loss=-0.0112 reverse_nll=0.0000 ESS=0.999 batch_outcomes=256 batch_topologies=256 seen=16631894
step=65750 loss=-0.0037 reverse_nll=0.0000 ESS=0.999 batch_outcomes=256 batch_topologies=256 seen=16634365
step=65775 loss=-0.0049 reverse_nll=0.0000 ESS=0.999 batch_outcomes=256 batch_topologies=256 seen=16636773
step=65800 loss=-0.0029 reverse_nll=0.0000 ESS=0.999 batch_outcomes=256 batch_topologies=256 seen=16639187
step=65825 loss=-0.0055 reverse_nll=0.0001 ESS=0.999 batch_outcomes=256 batch_topologies=256 seen=16641587
step=65850 loss=-0.0035 reverse_nll=0.0000 ESS=0.999 batch_outcomes=256 batch_topologies=256 seen=16644385
step=65875 loss=0.0004 reverse_nll=0.0001 ESS=0.999 batch_outcomes=256 batch_topologies=256 seen=16646944
step=65900 loss=-0.0001 reverse_nll=0.0001 ESS=0.999 batch_outcomes=256 batch_topologies=256 seen=16649309
step=65925 loss=0.0060 reverse_nll=0.0061 ESS=0.992 batch_outcomes=256 batch_topologies=256 seen=16651669
step=65950 loss=0.0223 reverse_nll=1.2148 ESS=0.974 batch_outcomes=256 batch_topologies=256 seen=16653951
step=65975 loss=0.0201 reverse_nll=0.0447 ESS=0.963 batch_outcomes=256 batch_topologies=256 seen=16656206
step=66000 loss=-0.0116 reverse_nll=0.0007 ESS=0.998 batch_outcomes=256 batch_topologies=256 seen=16658474
step=66025 loss=-0.0159 reverse_nll=0.0001 ESS=0.999 batch_outcomes=256 batch_topologies=256 seen=16660674
step=66050 loss=-0.0106 reverse_nll=0.0002 ESS=0.999 batch_outcomes=256 batch_topologies=256 seen=16662822
step=66075 loss=-0.0110 reverse_nll=0.0000 ESS=0.999 batch_outcomes=256 batch_topologies=256 seen=16664888
step=66100 loss=-0.0091 reverse_nll=0.0000 ESS=0.999 batch_outcomes=256 batch_topologies=256 seen=16667365
step=66125 loss=-0.0075 reverse_nll=0.0000 ESS=0.999 batch_outcomes=256 batch_topologies=256 seen=16669889
step=66150 loss=-0.0043 reverse_nll=0.0000 ESS=0.999 batch_outcomes=256 batch_topologies=256 seen=16672491
step=66175 loss=-0.0025 reverse_nll=0.0000 ESS=0.999 batch_outcomes=256 batch_topologies=256 seen=16674934
step=66200 loss=-0.0017 reverse_nll=0.0000 ESS=0.999 batch_outcomes=256 batch_topologies=256 seen=16677198
step=66225 loss=-0.0011 reverse_nll=0.0000 ESS=0.999 batch_outcomes=256 batch_topologies=256 seen=16679452
step=66250 loss=-0.0021 reverse_nll=0.0001 ESS=0.999 batch_outcomes=256 batch_topologies=256 seen=16681574
step=66275 loss=0.0005 reverse_nll=0.0001 ESS=0.999 batch_outcomes=256 batch_topologies=256 seen=16683708
step=66300 loss=-0.0030 reverse_nll=0.0000 ESS=0.999 batch_outcomes=256 batch_topologies=256 seen=16685882
step=66325 loss=0.0776 reverse_nll=0.0386 ESS=0.918 batch_outcomes=256 batch_topologies=256 seen=16688000
step=66350 loss=0.0322 reverse_nll=0.0011 ESS=0.952 batch_outcomes=256 batch_topologies=256 seen=16690118
step=66375 loss=0.0003 reverse_nll=0.0375 ESS=0.974 batch_outcomes=256 batch_topologies=256 seen=16692064
step=66400 loss=0.0036 reverse_nll=0.0003 ESS=0.980 batch_outcomes=256 batch_topologies=256 seen=16693903
step=66425 loss=-0.0041 reverse_nll=0.0005 ESS=0.986 batch_outcomes=256 batch_topologies=256 seen=16695709
step=66450 loss=0.0139 reverse_nll=0.0002 ESS=0.975 batch_outcomes=256 batch_topologies=256 seen=16697821
step=66475 loss=-0.0107 reverse_nll=0.0105 ESS=0.997 batch_outcomes=256 batch_topologies=256 seen=16699713
step=66500 loss=-0.0158 reverse_nll=0.0000 ESS=0.999 batch_outcomes=256 batch_topologies=256 seen=16701460
step=66525 loss=-0.0159 reverse_nll=0.0000 ESS=0.999 batch_outcomes=256 batch_topologies=256 seen=16703186
step=66550 loss=-0.0099 reverse_nll=0.0000 ESS=0.999 batch_outcomes=256 batch_topologies=256 seen=16704844
step=66575 loss=-0.0091 reverse_nll=0.0000 ESS=0.999 batch_outcomes=256 batch_topologies=256 seen=16706492
step=66600 loss=-0.0053 reverse_nll=0.0000 ESS=0.999 batch_outcomes=256 batch_topologies=256 seen=16708357
step=66625 loss=-0.0058 reverse_nll=0.0000 ESS=0.999 batch_outcomes=256 batch_topologies=256 seen=16710214
step=66650 loss=-0.0025 reverse_nll=0.0001 ESS=0.999 batch_outcomes=256 batch_topologies=256 seen=16712227
step=66675 loss=-0.0028 reverse_nll=0.0000 ESS=0.999 batch_outcomes=256 batch_topologies=256 seen=16713947
step=66700 loss=-0.0026 reverse_nll=0.0000 ESS=0.999 batch_outcomes=256 batch_topologies=256 seen=16715629
step=66725 loss=-0.0037 reverse_nll=0.0001 ESS=0.999 batch_outcomes=256 batch_topologies=256 seen=16717385
step=66750 loss=-0.0021 reverse_nll=0.0001 ESS=0.999 batch_outcomes=256 batch_topologies=256 seen=16718925
step=66775 loss=-0.0022 reverse_nll=0.0001 ESS=0.999 batch_outcomes=256 batch_topologies=256 seen=16720527
step=66800 loss=-0.0003 reverse_nll=0.0001 ESS=0.999 batch_outcomes=256 batch_topologies=256 seen=16722137
step=66825 loss=-0.0001 reverse_nll=0.0001 ESS=0.999 batch_outcomes=256 batch_topologies=256 seen=16723620
step=66850 loss=-0.0000 reverse_nll=0.0001 ESS=0.999 batch_outcomes=256 batch_topologies=256 seen=16725042
step=66875 loss=0.0362 reverse_nll=0.0268 ESS=0.950 batch_outcomes=256 batch_topologies=256 seen=16726832
step=66900 loss=-0.0179 reverse_nll=0.0049 ESS=0.991 batch_outcomes=256 batch_topologies=256 seen=16728565
step=66925 loss=-0.0054 reverse_nll=0.0920 ESS=0.987 batch_outcomes=256 batch_topologies=256 seen=16730099
step=66950 loss=-0.0183 reverse_nll=0.0105 ESS=0.995 batch_outcomes=256 batch_topologies=256 seen=16731725
step=66975 loss=0.0113 reverse_nll=0.0007 ESS=0.974 batch_outcomes=256 batch_topologies=256 seen=16733302
step=67000 loss=-0.0114 reverse_nll=0.0002 ESS=0.993 batch_outcomes=256 batch_topologies=256 seen=16734702
step=67025 loss=-0.0143 reverse_nll=0.0004 ESS=0.999 batch_outcomes=256 batch_topologies=256 seen=16736251
step=67050 loss=-0.0067 reverse_nll=0.0003 ESS=0.995 batch_outcomes=256 batch_topologies=256 seen=16737789
step=67075 loss=-0.0103 reverse_nll=0.0000 ESS=0.999 batch_outcomes=256 batch_topologies=256 seen=16739429
step=67100 loss=-0.0103 reverse_nll=0.0000 ESS=0.999 batch_outcomes=256 batch_topologies=256 seen=16740888
step=67125 loss=-0.0088 reverse_nll=0.0000 ESS=0.999 batch_outcomes=256 batch_topologies=256 seen=16742267
step=67150 loss=-0.0065 reverse_nll=0.0000 ESS=0.999 batch_outcomes=256 batch_topologies=256 seen=16743542
step=67175 loss=-0.0039 reverse_nll=0.0000 ESS=0.999 batch_outcomes=256 batch_topologies=256 seen=16744898
step=67200 loss=-0.0042 reverse_nll=0.0001 ESS=0.999 batch_outcomes=256 batch_topologies=256 seen=16746209
step=67225 loss=-0.0036 reverse_nll=0.0001 ESS=0.999 batch_outcomes=256 batch_topologies=256 seen=16747440
step=67250 loss=-0.0018 reverse_nll=0.0001 ESS=0.999 batch_outcomes=256 batch_topologies=256 seen=16748728
step=67275 loss=0.0613 reverse_nll=0.1245 ESS=0.949 batch_outcomes=256 batch_topologies=256 seen=16750020
step=67300 loss=0.0486 reverse_nll=0.0221 ESS=0.954 batch_outcomes=256 batch_topologies=256 seen=16751445
step=67325 loss=0.0190 reverse_nll=0.0066 ESS=0.976 batch_outcomes=256 batch_topologies=256 seen=16752786
step=67350 loss=0.0093 reverse_nll=0.0025 ESS=0.977 batch_outcomes=256 batch_topologies=256 seen=16754238
step=67375 loss=-0.0114 reverse_nll=0.0001 ESS=0.999 batch_outcomes=256 batch_topologies=256 seen=16755596
step=67400 loss=-0.0125 reverse_nll=0.0002 ESS=0.999 batch_outcomes=256 batch_topologies=256 seen=16757813
step=67425 loss=-0.0079 reverse_nll=0.0012 ESS=0.999 batch_outcomes=256 batch_topologies=256 seen=16760418
step=67450 loss=-0.0076 reverse_nll=0.0000 ESS=0.999 batch_outcomes=256 batch_topologies=256 seen=16762176
step=67475 loss=-0.0097 reverse_nll=0.0000 ESS=0.999 batch_outcomes=256 batch_topologies=256 seen=16763580
step=67500 loss=-0.0066 reverse_nll=0.0000 ESS=0.999 batch_outcomes=256 batch_topologies=256 seen=16764897
step=67525 loss=-0.0032 reverse_nll=0.0000 ESS=0.999 batch_outcomes=256 batch_topologies=256 seen=16766251
step=67550 loss=-0.0043 reverse_nll=0.0000 ESS=0.999 batch_outcomes=256 batch_topologies=256 seen=16767666
step=67575 loss=-0.0043 reverse_nll=0.0001 ESS=0.999 batch_outcomes=256 batch_topologies=256 seen=16769013
step=67600 loss=-0.0033 reverse_nll=0.0001 ESS=0.999 batch_outcomes=256 batch_topologies=256 seen=16770299
step=67625 loss=0.0398 reverse_nll=0.0321 ESS=0.961 batch_outcomes=256 batch_topologies=256 seen=16771632
step=67650 loss=-0.0117 reverse_nll=0.0086 ESS=0.999 batch_outcomes=256 batch_topologies=256 seen=16773038
step=67675 loss=-0.0102 reverse_nll=0.0320 ESS=0.997 batch_outcomes=256 batch_topologies=256 seen=16774430
step=67700 loss=-0.0028 reverse_nll=0.0130 ESS=0.990 batch_outcomes=256 batch_topologies=256 seen=16775640
step=67725 loss=-0.0132 reverse_nll=0.0002 ESS=0.999 batch_outcomes=256 batch_topologies=256 seen=16776829
step=67750 loss=-0.0106 reverse_nll=0.0000 ESS=0.999 batch_outcomes=256 batch_topologies=256 seen=16777953
step=67775 loss=-0.0048 reverse_nll=0.0000 ESS=0.999 batch_outcomes=256 batch_topologies=256 seen=16779372
step=67800 loss=-0.0048 reverse_nll=0.0000 ESS=0.999 batch_outcomes=256 batch_topologies=256 seen=16780720
step=67825 loss=-0.0050 reverse_nll=0.0000 ESS=0.999 batch_outcomes=256 batch_topologies=256 seen=16781994
step=67850 loss=-0.0046 reverse_nll=0.0000 ESS=0.999 batch_outcomes=256 batch_topologies=256 seen=16783268
step=67875 loss=-0.0041 reverse_nll=0.0001 ESS=0.999 batch_outcomes=256 batch_topologies=256 seen=16784852
step=67900 loss=-0.0018 reverse_nll=0.0001 ESS=0.999 batch_outcomes=256 batch_topologies=256 seen=16786815
step=67925 loss=-0.0035 reverse_nll=0.0001 ESS=0.999 batch_outcomes=256 batch_topologies=256 seen=16788170
step=67950 loss=-0.0003 reverse_nll=0.0001 ESS=0.999 batch_outcomes=256 batch_topologies=256 seen=16789404
step=67975 loss=-0.0009 reverse_nll=0.0001 ESS=0.999 batch_outcomes=256 batch_topologies=256 seen=16790729
step=68000 loss=-0.0017 reverse_nll=0.0001 ESS=0.999 batch_outcomes=256 batch_topologies=256 seen=16791933
step=68025 loss=0.1408 reverse_nll=0.0878 ESS=0.873 batch_outcomes=256 batch_topologies=256 seen=16793032
step=68050 loss=0.0335 reverse_nll=0.0058 ESS=0.959 batch_outcomes=256 batch_topologies=256 seen=16794274
step=68075 loss=0.0139 reverse_nll=0.0558 ESS=0.979 batch_outcomes=256 batch_topologies=256 seen=16795574
step=68100 loss=-0.0014 reverse_nll=0.1787 ESS=0.984 batch_outcomes=256 batch_topologies=256 seen=16796924
step=68125 loss=-0.0104 reverse_nll=0.1247 ESS=0.995 batch_outcomes=256 batch_topologies=256 seen=16798104
step=68150 loss=0.0036 reverse_nll=0.0013 ESS=0.983 batch_outcomes=256 batch_topologies=256 seen=16799291
step=68175 loss=-0.0148 reverse_nll=0.0001 ESS=0.999 batch_outcomes=256 batch_topologies=256 seen=16800456
step=68200 loss=-0.0136 reverse_nll=0.0000 ESS=0.999 batch_outcomes=256 batch_topologies=256 seen=16801597
step=68225 loss=-0.0128 reverse_nll=0.0000 ESS=0.999 batch_outcomes=256 batch_topologies=256 seen=16802637
step=68250 loss=-0.0101 reverse_nll=0.0000 ESS=0.999 batch_outcomes=256 batch_topologies=256 seen=16803791
step=68275 loss=-0.0063 reverse_nll=0.0000 ESS=0.999 batch_outcomes=256 batch_topologies=256 seen=16804851
step=68300 loss=-0.0015 reverse_nll=0.0000 ESS=0.999 batch_outcomes=256 batch_topologies=256 seen=16805858
step=68325 loss=-0.0034 reverse_nll=0.0001 ESS=0.999 batch_outcomes=256 batch_topologies=256 seen=16806814
step=68350 loss=-0.0012 reverse_nll=0.0000 ESS=0.999 batch_outcomes=256 batch_topologies=256 seen=16807736
step=68375 loss=0.1194 reverse_nll=0.3101 ESS=0.898 batch_outcomes=256 batch_topologies=256 seen=16808610
step=68400 loss=0.0179 reverse_nll=0.0005 ESS=0.973 batch_outcomes=256 batch_topologies=256 seen=16809614
step=68425 loss=0.0122 reverse_nll=0.0014 ESS=0.980 batch_outcomes=256 batch_topologies=256 seen=16810719
step=68450 loss=-0.0156 reverse_nll=0.0001 ESS=0.999 batch_outcomes=256 batch_topologies=256 seen=16811725
step=68475 loss=-0.0128 reverse_nll=0.0000 ESS=0.999 batch_outcomes=256 batch_topologies=256 seen=16812675
step=68500 loss=-0.0119 reverse_nll=0.0000 ESS=0.999 batch_outcomes=256 batch_topologies=256 seen=16813612
step=68525 loss=-0.0066 reverse_nll=0.0000 ESS=0.999 batch_outcomes=256 batch_topologies=256 seen=16814480
step=68550 loss=-0.0058 reverse_nll=0.0001 ESS=0.999 batch_outcomes=256 batch_topologies=256 seen=16815400
step=68575 loss=-0.0050 reverse_nll=0.0001 ESS=0.999 batch_outcomes=256 batch_topologies=256 seen=16816672
step=68600 loss=0.0014 reverse_nll=0.4403 ESS=0.996 batch_outcomes=256 batch_topologies=256 seen=16817915
step=68625 loss=0.0003 reverse_nll=0.0014 ESS=0.997 batch_outcomes=256 batch_topologies=256 seen=16819049
step=68650 loss=-0.0043 reverse_nll=0.0004 ESS=0.995 batch_outcomes=256 batch_topologies=256 seen=16820120
step=68675 loss=-0.0065 reverse_nll=0.0000 ESS=0.999 batch_outcomes=256 batch_topologies=256 seen=16821175
step=68700 loss=-0.0087 reverse_nll=0.0000 ESS=0.999 batch_outcomes=256 batch_topologies=256 seen=16822153
step=68725 loss=-0.0030 reverse_nll=0.0000 ESS=0.999 batch_outcomes=256 batch_topologies=256 seen=16823107
step=68750 loss=-0.0078 reverse_nll=0.0000 ESS=0.999 batch_outcomes=256 batch_topologies=256 seen=16823982
step=68775 loss=0.0137 reverse_nll=0.0255 ESS=0.986 batch_outcomes=256 batch_topologies=256 seen=16824874
step=68800 loss=-0.0063 reverse_nll=0.0270 ESS=0.998 batch_outcomes=256 batch_topologies=256 seen=16825790
step=68825 loss=-0.0068 reverse_nll=0.0002 ESS=0.995 batch_outcomes=256 batch_topologies=256 seen=16826783
step=68850 loss=-0.0062 reverse_nll=0.0003 ESS=0.999 batch_outcomes=256 batch_topologies=256 seen=16827853
step=68875 loss=0.0230 reverse_nll=0.0005 ESS=0.971 batch_outcomes=256 batch_topologies=256 seen=16828864
step=68900 loss=-0.0115 reverse_nll=0.0000 ESS=0.999 batch_outcomes=256 batch_topologies=256 seen=16829753
step=68925 loss=-0.0058 reverse_nll=0.0000 ESS=0.999 batch_outcomes=256 batch_topologies=256 seen=16830693
step=68950 loss=-0.0076 reverse_nll=0.0000 ESS=0.999 batch_outcomes=256 batch_topologies=256 seen=16831677
step=68975 loss=-0.0027 reverse_nll=0.0000 ESS=0.999 batch_outcomes=256 batch_topologies=256 seen=16832590
step=69000 loss=-0.0044 reverse_nll=0.0000 ESS=0.999 batch_outcomes=256 batch_topologies=256 seen=16833410
step=69025 loss=-0.0033 reverse_nll=0.0001 ESS=0.999 batch_outcomes=256 batch_topologies=256 seen=16834348
step=69050 loss=0.0607 reverse_nll=0.0245 ESS=0.947 batch_outcomes=256 batch_topologies=256 seen=16835328
step=69075 loss=-0.0019 reverse_nll=0.0004 ESS=0.997 batch_outcomes=256 batch_topologies=256 seen=16836256
step=69100 loss=-0.0058 reverse_nll=0.0001 ESS=0.998 batch_outcomes=256 batch_topologies=256 seen=16837215
step=69125 loss=-0.0064 reverse_nll=0.0126 ESS=0.999 batch_outcomes=256 batch_topologies=256 seen=16838064
step=69150 loss=-0.0069 reverse_nll=0.0000 ESS=0.999 batch_outcomes=256 batch_topologies=256 seen=16838921
step=69175 loss=-0.0067 reverse_nll=0.0000 ESS=0.999 batch_outcomes=256 batch_topologies=256 seen=16839870
step=69200 loss=-0.0058 reverse_nll=0.0000 ESS=0.999 batch_outcomes=256 batch_topologies=256 seen=16840827
step=69225 loss=-0.0041 reverse_nll=0.0000 ESS=0.999 batch_outcomes=256 batch_topologies=256 seen=16841763
step=69250 loss=-0.0021 reverse_nll=0.0001 ESS=0.999 batch_outcomes=256 batch_topologies=256 seen=16842613
step=69275 loss=0.0236 reverse_nll=0.0496 ESS=0.975 batch_outcomes=256 batch_topologies=256 seen=16843605
step=69300 loss=-0.0076 reverse_nll=0.0001 ESS=0.999 batch_outcomes=256 batch_topologies=256 seen=16844544
step=69325 loss=0.0405 reverse_nll=0.0362 ESS=0.959 batch_outcomes=256 batch_topologies=256 seen=16845556
step=69350 loss=-0.0066 reverse_nll=0.0007 ESS=0.999 batch_outcomes=256 batch_topologies=256 seen=16846493
step=69375 loss=0.0009 reverse_nll=0.0004 ESS=0.993 batch_outcomes=256 batch_topologies=256 seen=16847499
step=69400 loss=-0.0068 reverse_nll=0.0000 ESS=0.999 batch_outcomes=256 batch_topologies=256 seen=16848377
step=69425 loss=-0.0090 reverse_nll=0.0000 ESS=0.999 batch_outcomes=256 batch_topologies=256 seen=16849251
step=69450 loss=-0.0055 reverse_nll=0.0000 ESS=0.999 batch_outcomes=256 batch_topologies=256 seen=16850155
step=69475 loss=-0.0038 reverse_nll=0.0000 ESS=0.999 batch_outcomes=256 batch_topologies=256 seen=16851027
step=69500 loss=-0.0024 reverse_nll=0.0000 ESS=0.999 batch_outcomes=256 batch_topologies=256 seen=16851941
step=69525 loss=-0.0036 reverse_nll=0.0000 ESS=0.999 batch_outcomes=256 batch_topologies=256 seen=16852788
step=69550 loss=-0.0008 reverse_nll=0.0000 ESS=0.999 batch_outcomes=256 batch_topologies=256 seen=16853597
step=69575 loss=-0.0017 reverse_nll=0.0000 ESS=0.999 batch_outcomes=256 batch_topologies=256 seen=16854381
step=69600 loss=-0.0008 reverse_nll=0.0001 ESS=0.999 batch_outcomes=256 batch_topologies=256 seen=16855304
step=69625 loss=0.0046 reverse_nll=0.0971 ESS=0.990 batch_outcomes=256 batch_topologies=256 seen=16856313
step=69650 loss=-0.0059 reverse_nll=0.0009 ESS=0.995 batch_outcomes=256 batch_topologies=256 seen=16857181
step=69675 loss=-0.0081 reverse_nll=0.0183 ESS=0.995 batch_outcomes=256 batch_topologies=256 seen=16858125
step=69700 loss=-0.0114 reverse_nll=0.0000 ESS=0.999 batch_outcomes=256 batch_topologies=256 seen=16858991
step=69725 loss=-0.0116 reverse_nll=0.0000 ESS=0.999 batch_outcomes=256 batch_topologies=256 seen=16859816
step=69750 loss=0.0590 reverse_nll=0.0971 ESS=0.945 batch_outcomes=256 batch_topologies=256 seen=16860629
step=69775 loss=-0.0098 reverse_nll=0.0013 ESS=0.999 batch_outcomes=256 batch_topologies=256 seen=16861505
step=69800 loss=-0.0049 reverse_nll=0.0002 ESS=0.995 batch_outcomes=256 batch_topologies=256 seen=16862350
step=69825 loss=-0.0089 reverse_nll=0.0000 ESS=0.999 batch_outcomes=256 batch_topologies=256 seen=16863108
step=69850 loss=-0.0067 reverse_nll=0.0000 ESS=0.999 batch_outcomes=256 batch_topologies=256 seen=16864016
step=69875 loss=-0.0079 reverse_nll=0.0000 ESS=0.999 batch_outcomes=256 batch_topologies=256 seen=16865166
step=69900 loss=-0.0046 reverse_nll=0.0000 ESS=0.999 batch_outcomes=256 batch_topologies=256 seen=16866202
step=69925 loss=-0.0002 reverse_nll=0.0509 ESS=0.999 batch_outcomes=256 batch_topologies=256 seen=16867118
step=69950 loss=0.0064 reverse_nll=0.0026 ESS=0.987 batch_outcomes=256 batch_topologies=256 seen=16867982
step=69975 loss=0.0181 reverse_nll=0.0361 ESS=0.982 batch_outcomes=256 batch_topologies=256 seen=16868783
step=70000 loss=-0.0078 reverse_nll=0.0006 ESS=0.999 batch_outcomes=256 batch_topologies=256 seen=16869558
step=70025 loss=0.0056 reverse_nll=0.0222 ESS=0.992 batch_outcomes=256 batch_topologies=256 seen=16870361
step=70050 loss=-0.0073 reverse_nll=0.0003 ESS=0.999 batch_outcomes=256 batch_topologies=256 seen=16871114
step=70075 loss=-0.0084 reverse_nll=0.0000 ESS=0.999 batch_outcomes=256 batch_topologies=256 seen=16871851
step=70100 loss=-0.0069 reverse_nll=0.0000 ESS=0.999 batch_outcomes=256 batch_topologies=256 seen=16872719
step=70125 loss=-0.0002 reverse_nll=0.0000 ESS=0.999 batch_outcomes=256 batch_topologies=256 seen=16873585
step=70150 loss=-0.0036 reverse_nll=0.0000 ESS=0.999 batch_outcomes=256 batch_topologies=256 seen=16874932
step=70175 loss=-0.0009 reverse_nll=0.0000 ESS=0.999 batch_outcomes=256 batch_topologies=256 seen=16875859
step=70200 loss=-0.0037 reverse_nll=0.0000 ESS=0.999 batch_outcomes=256 batch_topologies=256 seen=16876706
step=70225 loss=-0.0013 reverse_nll=0.0000 ESS=0.999 batch_outcomes=256 batch_topologies=256 seen=16877444
step=70250 loss=-0.0029 reverse_nll=0.0000 ESS=0.999 batch_outcomes=256 batch_topologies=256 seen=16878189
step=70275 loss=0.0016 reverse_nll=0.0001 ESS=0.999 batch_outcomes=256 batch_topologies=256 seen=16878954
step=70300 loss=0.0022 reverse_nll=0.0001 ESS=0.999 batch_outcomes=256 batch_topologies=256 seen=16879722
step=70325 loss=-0.0003 reverse_nll=0.0001 ESS=0.999 batch_outcomes=256 batch_topologies=256 seen=16880431
step=70350 loss=0.0222 reverse_nll=0.1968 ESS=0.975 batch_outcomes=256 batch_topologies=256 seen=16881540
step=70375 loss=0.0225 reverse_nll=0.0021 ESS=0.969 batch_outcomes=256 batch_topologies=256 seen=16882790
step=70400 loss=0.0111 reverse_nll=0.0022 ESS=0.973 batch_outcomes=256 batch_topologies=256 seen=16883750
step=70425 loss=-0.0120 reverse_nll=0.0001 ESS=0.997 batch_outcomes=256 batch_topologies=256 seen=16884565
step=70450 loss=-0.0142 reverse_nll=0.0010 ESS=0.999 batch_outcomes=256 batch_topologies=256 seen=16885297
step=70475 loss=-0.0074 reverse_nll=0.0003 ESS=0.993 batch_outcomes=256 batch_topologies=256 seen=16886029
step=70500 loss=-0.0097 reverse_nll=0.0014 ESS=0.998 batch_outcomes=256 batch_topologies=256 seen=16886812
step=70525 loss=-0.0089 reverse_nll=0.0000 ESS=0.999 batch_outcomes=256 batch_topologies=256 seen=16887709
step=70550 loss=-0.0105 reverse_nll=0.0001 ESS=0.999 batch_outcomes=256 batch_topologies=256 seen=16888515
step=70575 loss=-0.0080 reverse_nll=0.0001 ESS=0.999 batch_outcomes=256 batch_topologies=256 seen=16889663
step=70600 loss=-0.0042 reverse_nll=0.0003 ESS=0.999 batch_outcomes=256 batch_topologies=256 seen=16890700
step=70625 loss=0.0064 reverse_nll=0.0003 ESS=0.990 batch_outcomes=256 batch_topologies=256 seen=16891701
step=70650 loss=-0.0043 reverse_nll=0.0002 ESS=0.997 batch_outcomes=256 batch_topologies=256 seen=16892550
step=70675 loss=-0.0048 reverse_nll=0.0000 ESS=0.999 batch_outcomes=256 batch_topologies=256 seen=16893315
step=70700 loss=-0.0060 reverse_nll=0.0000 ESS=0.999 batch_outcomes=256 batch_topologies=256 seen=16894116
step=70725 loss=-0.0007 reverse_nll=0.0000 ESS=0.999 batch_outcomes=256 batch_topologies=256 seen=16894863
step=70750 loss=-0.0053 reverse_nll=0.0000 ESS=0.999 batch_outcomes=256 batch_topologies=256 seen=16895559
step=70775 loss=-0.0031 reverse_nll=0.0001 ESS=0.999 batch_outcomes=256 batch_topologies=256 seen=16896322
step=70800 loss=0.0023 reverse_nll=0.0000 ESS=0.999 batch_outcomes=256 batch_topologies=256 seen=16897006
step=70825 loss=-0.0031 reverse_nll=0.0001 ESS=0.999 batch_outcomes=256 batch_topologies=256 seen=16897796
step=70850 loss=0.0003 reverse_nll=0.0000 ESS=0.999 batch_outcomes=256 batch_topologies=256 seen=16898980
step=70875 loss=0.0003 reverse_nll=0.0001 ESS=0.999 batch_outcomes=256 batch_topologies=256 seen=16899966
step=70900 loss=-0.0007 reverse_nll=0.0001 ESS=0.999 batch_outcomes=256 batch_topologies=256 seen=16900911
step=70925 loss=0.0548 reverse_nll=0.1347 ESS=0.941 batch_outcomes=256 batch_topologies=256 seen=16901827
step=70950 loss=0.0022 reverse_nll=0.0148 ESS=0.984 batch_outcomes=256 batch_topologies=256 seen=16902713
step=70975 loss=-0.0202 reverse_nll=0.0040 ESS=0.999 batch_outcomes=256 batch_topologies=256 seen=16903599
step=71000 loss=-0.0137 reverse_nll=0.0009 ESS=0.999 batch_outcomes=256 batch_topologies=256 seen=16904387
step=71025 loss=-0.0134 reverse_nll=0.0000 ESS=0.999 batch_outcomes=256 batch_topologies=256 seen=16905100
step=71050 loss=-0.0102 reverse_nll=0.0000 ESS=0.999 batch_outcomes=256 batch_topologies=256 seen=16905848
step=71075 loss=-0.0060 reverse_nll=0.0000 ESS=0.999 batch_outcomes=256 batch_topologies=256 seen=16906490
step=71100 loss=-0.0075 reverse_nll=0.0000 ESS=0.999 batch_outcomes=256 batch_topologies=256 seen=16907130
step=71125 loss=0.0225 reverse_nll=0.0028 ESS=0.983 batch_outcomes=256 batch_topologies=256 seen=16908005
step=71150 loss=-0.0065 reverse_nll=0.0007 ESS=0.998 batch_outcomes=256 batch_topologies=256 seen=16908900
step=71175 loss=0.0022 reverse_nll=0.0007 ESS=0.990 batch_outcomes=256 batch_topologies=256 seen=16909732
step=71200 loss=-0.0046 reverse_nll=0.0001 ESS=0.997 batch_outcomes=256 batch_topologies=256 seen=16910460
step=71225 loss=-0.0105 reverse_nll=0.0000 ESS=0.999 batch_outcomes=256 batch_topologies=256 seen=16911137
step=71250 loss=-0.0057 reverse_nll=0.0000 ESS=0.999 batch_outcomes=256 batch_topologies=256 seen=16911751
step=71275 loss=-0.0060 reverse_nll=0.0000 ESS=0.999 batch_outcomes=256 batch_topologies=256 seen=16912369
step=71300 loss=-0.0030 reverse_nll=0.0000 ESS=0.999 batch_outcomes=256 batch_topologies=256 seen=16913380
step=71325 loss=-0.0074 reverse_nll=0.0000 ESS=0.999 batch_outcomes=256 batch_topologies=256 seen=16914673
step=71350 loss=-0.0021 reverse_nll=0.0000 ESS=0.999 batch_outcomes=256 batch_topologies=256 seen=16915778
step=71375 loss=-0.0006 reverse_nll=0.0001 ESS=0.999 batch_outcomes=256 batch_topologies=256 seen=16916687
step=71400 loss=0.0002 reverse_nll=0.0001 ESS=0.999 batch_outcomes=256 batch_topologies=256 seen=16917641
step=71425 loss=-0.0019 reverse_nll=0.0001 ESS=0.999 batch_outcomes=256 batch_topologies=256 seen=16918471
step=71450 loss=-0.0002 reverse_nll=0.0000 ESS=0.999 batch_outcomes=256 batch_topologies=256 seen=16919288
step=71475 loss=0.0345 reverse_nll=0.1481 ESS=0.978 batch_outcomes=256 batch_topologies=256 seen=16920101
step=71500 loss=-0.0087 reverse_nll=0.1593 ESS=0.991 batch_outcomes=256 batch_topologies=256 seen=16920937
step=71525 loss=-0.0064 reverse_nll=0.0003 ESS=0.990 batch_outcomes=256 batch_topologies=256 seen=16921817
step=71550 loss=-0.0196 reverse_nll=0.0383 ESS=0.999 batch_outcomes=256 batch_topologies=256 seen=16922599
step=71575 loss=-0.0014 reverse_nll=0.0234 ESS=0.992 batch_outcomes=256 batch_topologies=256 seen=16923369
step=71600 loss=-0.0089 reverse_nll=0.0002 ESS=0.997 batch_outcomes=256 batch_topologies=256 seen=16924077
step=71625 loss=0.0035 reverse_nll=0.2479 ESS=0.993 batch_outcomes=256 batch_topologies=256 seen=16924722
step=71650 loss=-0.0124 reverse_nll=0.0000 ESS=0.999 batch_outcomes=256 batch_topologies=256 seen=16925355
step=71675 loss=-0.0080 reverse_nll=0.0000 ESS=0.999 batch_outcomes=256 batch_topologies=256 seen=16925946
step=71700 loss=-0.0045 reverse_nll=0.0000 ESS=0.999 batch_outcomes=256 batch_topologies=256 seen=16926517
step=71725 loss=-0.0039 reverse_nll=0.0000 ESS=0.999 batch_outcomes=256 batch_topologies=256 seen=16927078
step=71750 loss=-0.0075 reverse_nll=0.0000 ESS=0.999 batch_outcomes=256 batch_topologies=256 seen=16927595
step=71775 loss=-0.0012 reverse_nll=0.0000 ESS=0.999 batch_outcomes=256 batch_topologies=256 seen=16928310
step=71800 loss=-0.0012 reverse_nll=0.0000 ESS=0.999 batch_outcomes=256 batch_topologies=256 seen=16929425
step=71825 loss=0.0615 reverse_nll=0.0015 ESS=0.943 batch_outcomes=256 batch_topologies=256 seen=16930364
step=71850 loss=0.0013 reverse_nll=0.0013 ESS=0.983 batch_outcomes=256 batch_topologies=256 seen=16931278
step=71875 loss=0.0297 reverse_nll=0.0028 ESS=0.967 batch_outcomes=256 batch_topologies=256 seen=16932221
step=71900 loss=-0.0140 reverse_nll=0.0002 ESS=0.999 batch_outcomes=256 batch_topologies=256 seen=16933066
step=71925 loss=-0.0108 reverse_nll=0.0000 ESS=0.999 batch_outcomes=256 batch_topologies=256 seen=16933902
step=71950 loss=-0.0122 reverse_nll=0.0000 ESS=0.999 batch_outcomes=256 batch_topologies=256 seen=16934625
step=71975 loss=-0.0079 reverse_nll=0.0000 ESS=0.999 batch_outcomes=256 batch_topologies=256 seen=16935289
step=72000 loss=-0.0052 reverse_nll=0.0000 ESS=0.999 batch_outcomes=256 batch_topologies=256 seen=16935941
step=72025 loss=-0.0058 reverse_nll=0.0001 ESS=0.999 batch_outcomes=256 batch_topologies=256 seen=16936538
step=72050 loss=-0.0055 reverse_nll=0.0000 ESS=1.000 batch_outcomes=256 batch_topologies=256 seen=16937098
step=72075 loss=-0.0042 reverse_nll=0.0001 ESS=0.999 batch_outcomes=256 batch_topologies=256 seen=16937655
step=72100 loss=-0.0020 reverse_nll=0.0001 ESS=0.999 batch_outcomes=256 batch_topologies=256 seen=16938197
step=72125 loss=0.0172 reverse_nll=0.0089 ESS=0.986 batch_outcomes=256 batch_topologies=256 seen=16938754
step=72150 loss=0.0040 reverse_nll=0.0032 ESS=0.989 batch_outcomes=256 batch_topologies=256 seen=16939407
step=72175 loss=-0.0089 reverse_nll=0.0001 ESS=0.999 batch_outcomes=256 batch_topologies=256 seen=16940177
step=72200 loss=-0.0060 reverse_nll=0.0000 ESS=0.999 batch_outcomes=256 batch_topologies=256 seen=16941284
step=72225 loss=-0.0052 reverse_nll=0.0000 ESS=0.999 batch_outcomes=256 batch_topologies=256 seen=16942241
step=72250 loss=-0.0050 reverse_nll=0.0000 ESS=0.999 batch_outcomes=256 batch_topologies=256 seen=16943061
step=72275 loss=-0.0070 reverse_nll=0.0000 ESS=0.999 batch_outcomes=256 batch_topologies=256 seen=16943772
step=72300 loss=-0.0013 reverse_nll=0.0001 ESS=0.999 batch_outcomes=256 batch_topologies=256 seen=16944450
step=72325 loss=-0.0037 reverse_nll=0.0001 ESS=0.999 batch_outcomes=256 batch_topologies=256 seen=16945094
step=72350 loss=-0.0007 reverse_nll=0.0001 ESS=0.999 batch_outcomes=256 batch_topologies=256 seen=16945836
step=72375 loss=0.0323 reverse_nll=0.1106 ESS=0.977 batch_outcomes=256 batch_topologies=256 seen=16946735
step=72400 loss=0.0311 reverse_nll=0.0009 ESS=0.973 batch_outcomes=256 batch_topologies=256 seen=16947621
step=72425 loss=-0.0004 reverse_nll=0.0006 ESS=0.986 batch_outcomes=256 batch_topologies=256 seen=16948354
step=72450 loss=-0.0073 reverse_nll=0.0005 ESS=0.995 batch_outcomes=256 batch_topologies=256 seen=16948941
step=72475 loss=-0.0133 reverse_nll=0.0000 ESS=0.999 batch_outcomes=256 batch_topologies=256 seen=16949536
step=72500 loss=-0.0118 reverse_nll=0.0000 ESS=0.999 batch_outcomes=256 batch_topologies=256 seen=16950110
step=72525 loss=-0.0105 reverse_nll=0.0000 ESS=0.999 batch_outcomes=256 batch_topologies=256 seen=16950660
step=72550 loss=-0.0051 reverse_nll=0.0000 ESS=0.999 batch_outcomes=256 batch_topologies=256 seen=16951204
step=72575 loss=-0.0020 reverse_nll=0.0001 ESS=0.999 batch_outcomes=256 batch_topologies=256 seen=16951718
step=72600 loss=-0.0045 reverse_nll=0.0001 ESS=0.999 batch_outcomes=256 batch_topologies=256 seen=16952238
step=72625 loss=-0.0008 reverse_nll=0.0001 ESS=0.999 batch_outcomes=256 batch_topologies=256 seen=16953512
step=72650 loss=-0.0041 reverse_nll=0.0001 ESS=0.999 batch_outcomes=256 batch_topologies=256 seen=16954577
step=72675 loss=0.1008 reverse_nll=0.0033 ESS=0.920 batch_outcomes=256 batch_topologies=256 seen=16955458
step=72700 loss=-0.0009 reverse_nll=0.2018 ESS=0.988 batch_outcomes=256 batch_topologies=256 seen=16956344
step=72725 loss=-0.0057 reverse_nll=0.0169 ESS=0.989 batch_outcomes=256 batch_topologies=256 seen=16957154
step=72750 loss=0.2884 reverse_nll=0.9784 ESS=0.747 batch_outcomes=256 batch_topologies=256 seen=16957989
step=72775 loss=-0.0132 reverse_nll=0.0001 ESS=0.999 batch_outcomes=256 batch_topologies=256 seen=16958811
step=72800 loss=0.0034 reverse_nll=0.0010 ESS=0.990 batch_outcomes=256 batch_topologies=256 seen=16959580
step=72825 loss=-0.0091 reverse_nll=0.0001 ESS=0.999 batch_outcomes=256 batch_topologies=256 seen=16960292
step=72850 loss=-0.0058 reverse_nll=0.0156 ESS=0.996 batch_outcomes=256 batch_topologies=256 seen=16961037
step=72875 loss=-0.0018 reverse_nll=0.0004 ESS=0.992 batch_outcomes=256 batch_topologies=256 seen=16961804
step=72900 loss=-0.0077 reverse_nll=0.0001 ESS=0.999 batch_outcomes=256 batch_topologies=256 seen=16962718
step=72925 loss=-0.0075 reverse_nll=0.0000 ESS=0.999 batch_outcomes=256 batch_topologies=256 seen=16963412
step=72950 loss=-0.0056 reverse_nll=0.0000 ESS=0.999 batch_outcomes=256 batch_topologies=256 seen=16964031
step=72975 loss=-0.0058 reverse_nll=0.0000 ESS=0.999 batch_outcomes=256 batch_topologies=256 seen=16964530
step=73000 loss=-0.0052 reverse_nll=0.0000 ESS=0.999 batch_outcomes=256 batch_topologies=256 seen=16965072
step=73025 loss=-0.0035 reverse_nll=0.0000 ESS=0.999 batch_outcomes=256 batch_topologies=256 seen=16965601
step=73050 loss=-0.0014 reverse_nll=0.0302 ESS=0.997 batch_outcomes=256 batch_topologies=256 seen=16966122
step=73075 loss=-0.0033 reverse_nll=0.0229 ESS=0.999 batch_outcomes=256 batch_topologies=256 seen=16966693
step=73100 loss=-0.0021 reverse_nll=0.0004 ESS=0.995 batch_outcomes=256 batch_topologies=256 seen=16967250
step=73125 loss=-0.0079 reverse_nll=0.0000 ESS=0.999 batch_outcomes=256 batch_topologies=256 seen=16967746
step=73150 loss=-0.0057 reverse_nll=0.0000 ESS=0.999 batch_outcomes=256 batch_topologies=256 seen=16968230
step=73175 loss=-0.0039 reverse_nll=0.0000 ESS=0.999 batch_outcomes=256 batch_topologies=256 seen=16968663
step=73200 loss=-0.0025 reverse_nll=0.0000 ESS=0.999 batch_outcomes=256 batch_topologies=256 seen=16969093
step=73225 loss=0.0155 reverse_nll=0.0002 ESS=0.988 batch_outcomes=256 batch_topologies=256 seen=16969533
step=73250 loss=-0.0069 reverse_nll=0.0110 ESS=0.999 batch_outcomes=256 batch_topologies=256 seen=16970045
step=73275 loss=-0.0032 reverse_nll=0.0002 ESS=0.999 batch_outcomes=256 batch_topologies=256 seen=16970582
step=73300 loss=0.0014 reverse_nll=0.0011 ESS=0.993 batch_outcomes=256 batch_topologies=256 seen=16971099
step=73325 loss=-0.0054 reverse_nll=0.0002 ESS=0.999 batch_outcomes=256 batch_topologies=256 seen=16972552
step=73350 loss=-0.0031 reverse_nll=0.0000 ESS=0.999 batch_outcomes=256 batch_topologies=256 seen=16974219
step=73375 loss=-0.0063 reverse_nll=0.0000 ESS=0.999 batch_outcomes=256 batch_topologies=256 seen=16975652
step=73400 loss=-0.0045 reverse_nll=0.0000 ESS=0.999 batch_outcomes=256 batch_topologies=256 seen=16976743
step=73425 loss=-0.0031 reverse_nll=0.0000 ESS=0.999 batch_outcomes=256 batch_topologies=256 seen=16977746
step=73450 loss=-0.0040 reverse_nll=0.0002 ESS=0.999 batch_outcomes=256 batch_topologies=256 seen=16978675
step=73475 loss=0.0480 reverse_nll=0.0643 ESS=0.958 batch_outcomes=256 batch_topologies=256 seen=16979594
step=73500 loss=0.0339 reverse_nll=0.0003 ESS=0.965 batch_outcomes=256 batch_topologies=256 seen=16980449
step=73525 loss=-0.0044 reverse_nll=0.0021 ESS=0.995 batch_outcomes=256 batch_topologies=256 seen=16981276
step=73550 loss=-0.0082 reverse_nll=0.0000 ESS=0.999 batch_outcomes=256 batch_topologies=256 seen=16982102
step=73575 loss=-0.0043 reverse_nll=0.0000 ESS=0.999 batch_outcomes=256 batch_topologies=256 seen=16982919
step=73600 loss=-0.0040 reverse_nll=0.0000 ESS=0.999 batch_outcomes=256 batch_topologies=256 seen=16983608
step=73625 loss=-0.0012 reverse_nll=0.0000 ESS=0.999 batch_outcomes=256 batch_topologies=256 seen=16984266
step=73650 loss=-0.0062 reverse_nll=0.0000 ESS=0.999 batch_outcomes=256 batch_topologies=256 seen=16984951
step=73675 loss=-0.0004 reverse_nll=0.0003 ESS=0.991 batch_outcomes=256 batch_topologies=256 seen=16985600
step=73700 loss=0.0082 reverse_nll=0.0006 ESS=0.990 batch_outcomes=256 batch_topologies=256 seen=16986505
step=73725 loss=-0.0075 reverse_nll=0.0179 ESS=0.998 batch_outcomes=256 batch_topologies=256 seen=16987329
step=73750 loss=-0.0084 reverse_nll=0.0006 ESS=0.999 batch_outcomes=256 batch_topologies=256 seen=16988046
step=73775 loss=-0.0060 reverse_nll=0.0000 ESS=0.999 batch_outcomes=256 batch_topologies=256 seen=16988826
step=73800 loss=-0.0069 reverse_nll=0.0000 ESS=0.999 batch_outcomes=256 batch_topologies=256 seen=16989505
step=73825 loss=-0.0060 reverse_nll=0.0000 ESS=0.999 batch_outcomes=256 batch_topologies=256 seen=16990195
step=73850 loss=-0.0045 reverse_nll=0.0000 ESS=0.999 batch_outcomes=256 batch_topologies=256 seen=16990849
step=73875 loss=-0.0028 reverse_nll=0.0000 ESS=0.999 batch_outcomes=256 batch_topologies=256 seen=16991407
step=73900 loss=-0.0029 reverse_nll=0.0000 ESS=0.999 batch_outcomes=256 batch_topologies=256 seen=16992025
step=73925 loss=0.0003 reverse_nll=0.0001 ESS=0.999 batch_outcomes=256 batch_topologies=256 seen=16992673
step=73950 loss=-0.0011 reverse_nll=0.0001 ESS=0.999 batch_outcomes=256 batch_topologies=256 seen=16993313
step=73975 loss=0.0254 reverse_nll=0.1353 ESS=0.977 batch_outcomes=256 batch_topologies=256 seen=16994072
step=74000 loss=0.0047 reverse_nll=0.0019 ESS=0.988 batch_outcomes=256 batch_topologies=256 seen=16994875
step=74025 loss=-0.0062 reverse_nll=0.0007 ESS=0.993 batch_outcomes=256 batch_topologies=256 seen=16996003
step=74050 loss=-0.0111 reverse_nll=0.0001 ESS=0.999 batch_outcomes=256 batch_topologies=256 seen=16997048
step=74075 loss=-0.0091 reverse_nll=0.0000 ESS=0.999 batch_outcomes=256 batch_topologies=256 seen=16997785
step=74100 loss=-0.0013 reverse_nll=0.0841 ESS=0.993 batch_outcomes=256 batch_topologies=256 seen=16998470
step=74125 loss=-0.0068 reverse_nll=0.0005 ESS=0.999 batch_outcomes=256 batch_topologies=256 seen=16999072
step=74150 loss=-0.0082 reverse_nll=0.0000 ESS=0.999 batch_outcomes=256 batch_topologies=256 seen=16999676
step=74175 loss=-0.0015 reverse_nll=0.0000 ESS=0.999 batch_outcomes=256 batch_topologies=256 seen=17000270
step=74200 loss=-0.0028 reverse_nll=0.0000 ESS=0.999 batch_outcomes=256 batch_topologies=256 seen=17000878
step=74225 loss=-0.0043 reverse_nll=0.0000 ESS=0.999 batch_outcomes=256 batch_topologies=256 seen=17001520
step=74250 loss=0.0453 reverse_nll=0.1248 ESS=0.961 batch_outcomes=256 batch_topologies=256 seen=17002146
step=74275 loss=0.0200 reverse_nll=0.0416 ESS=0.974 batch_outcomes=256 batch_topologies=256 seen=17003027
step=74300 loss=0.0094 reverse_nll=0.0439 ESS=0.981 batch_outcomes=256 batch_topologies=256 seen=17003772
step=74325 loss=0.0088 reverse_nll=0.0139 ESS=0.983 batch_outcomes=256 batch_topologies=256 seen=17004400
step=74350 loss=0.0107 reverse_nll=0.0002 ESS=0.982 batch_outcomes=256 batch_topologies=256 seen=17005056
step=74375 loss=-0.0069 reverse_nll=0.0000 ESS=0.999 batch_outcomes=256 batch_topologies=256 seen=17005662
step=74400 loss=-0.0078 reverse_nll=0.0000 ESS=0.999 batch_outcomes=256 batch_topologies=256 seen=17006242
step=74425 loss=-0.0034 reverse_nll=0.0000 ESS=0.999 batch_outcomes=256 batch_topologies=256 seen=17006858
step=74450 loss=-0.0022 reverse_nll=0.0000 ESS=0.999 batch_outcomes=256 batch_topologies=256 seen=17007624
step=74475 loss=0.0077 reverse_nll=0.0703 ESS=0.994 batch_outcomes=256 batch_topologies=256 seen=17008263
step=74500 loss=-0.0028 reverse_nll=0.0006 ESS=0.998 batch_outcomes=256 batch_topologies=256 seen=17008968
step=74525 loss=-0.0057 reverse_nll=0.0000 ESS=0.999 batch_outcomes=256 batch_topologies=256 seen=17009611
step=74550 loss=-0.0057 reverse_nll=0.0000 ESS=0.999 batch_outcomes=256 batch_topologies=256 seen=17010210
step=74575 loss=-0.0055 reverse_nll=0.0000 ESS=0.999 batch_outcomes=256 batch_topologies=256 seen=17010771
step=74600 loss=-0.0036 reverse_nll=0.0000 ESS=0.999 batch_outcomes=256 batch_topologies=256 seen=17011367
step=74625 loss=-0.0054 reverse_nll=0.0000 ESS=0.999 batch_outcomes=256 batch_topologies=256 seen=17012007
step=74650 loss=-0.0022 reverse_nll=0.0001 ESS=0.999 batch_outcomes=256 batch_topologies=256 seen=17012585
step=74675 loss=-0.0035 reverse_nll=0.0001 ESS=0.999 batch_outcomes=256 batch_topologies=256 seen=17013272
step=74700 loss=-0.0013 reverse_nll=0.0001 ESS=0.999 batch_outcomes=256 batch_topologies=256 seen=17013879
step=74725 loss=-0.0008 reverse_nll=0.0001 ESS=0.999 batch_outcomes=256 batch_topologies=256 seen=17014369
step=74750 loss=0.0126 reverse_nll=0.0286 ESS=0.981 batch_outcomes=256 batch_topologies=256 seen=17015024
step=74775 loss=0.0193 reverse_nll=0.0668 ESS=0.973 batch_outcomes=256 batch_topologies=256 seen=17015787
step=74800 loss=-0.0147 reverse_nll=0.0004 ESS=0.999 batch_outcomes=256 batch_topologies=256 seen=17016506
step=74825 loss=-0.0158 reverse_nll=0.0124 ESS=0.999 batch_outcomes=256 batch_topologies=256 seen=17017344
step=74850 loss=-0.0141 reverse_nll=0.0000 ESS=0.999 batch_outcomes=256 batch_topologies=256 seen=17018087
step=74875 loss=0.0023 reverse_nll=0.0007 ESS=0.985 batch_outcomes=256 batch_topologies=256 seen=17018739
step=74900 loss=-0.0088 reverse_nll=0.0000 ESS=0.999 batch_outcomes=256 batch_topologies=256 seen=17019278
step=74925 loss=-0.0069 reverse_nll=0.0000 ESS=0.999 batch_outcomes=256 batch_topologies=256 seen=17019806
step=74950 loss=-0.0058 reverse_nll=0.0000 ESS=0.999 batch_outcomes=256 batch_topologies=256 seen=17020253
step=74975 loss=-0.0056 reverse_nll=0.0000 ESS=0.999 batch_outcomes=256 batch_topologies=256 seen=17020702
step=75000 loss=-0.0041 reverse_nll=0.0000 ESS=1.000 batch_outcomes=256 batch_topologies=256 seen=17021139
step=75025 loss=-0.0006 reverse_nll=0.0000 ESS=0.999 batch_outcomes=256 batch_topologies=256 seen=17021563
step=75050 loss=-0.0012 reverse_nll=0.0000 ESS=0.999 batch_outcomes=256 batch_topologies=256 seen=17021957
step=75075 loss=-0.0012 reverse_nll=0.0001 ESS=0.999 batch_outcomes=256 batch_topologies=256 seen=17022387
step=75100 loss=-0.0029 reverse_nll=0.0000 ESS=0.999 batch_outcomes=256 batch_topologies=256 seen=17022781
step=75125 loss=-0.0037 reverse_nll=0.0001 ESS=0.999 batch_outcomes=256 batch_topologies=256 seen=17023191
step=75150 loss=-0.0003 reverse_nll=0.2631 ESS=0.999 batch_outcomes=256 batch_topologies=256 seen=17023606
step=75175 loss=0.0010 reverse_nll=0.0146 ESS=0.986 batch_outcomes=256 batch_topologies=256 seen=17024627
step=75200 loss=0.0074 reverse_nll=0.0044 ESS=0.981 batch_outcomes=256 batch_topologies=256 seen=17025565
step=75225 loss=-0.0030 reverse_nll=0.0005 ESS=0.988 batch_outcomes=256 batch_topologies=256 seen=17026477
step=75250 loss=0.0039 reverse_nll=0.0003 ESS=0.988 batch_outcomes=256 batch_topologies=256 seen=17027259
step=75275 loss=-0.0098 reverse_nll=0.0001 ESS=0.996 batch_outcomes=256 batch_topologies=256 seen=17027984
step=75300 loss=-0.0098 reverse_nll=0.0000 ESS=0.999 batch_outcomes=256 batch_topologies=256 seen=17028627
step=75325 loss=-0.0095 reverse_nll=0.0000 ESS=0.999 batch_outcomes=256 batch_topologies=256 seen=17029134
step=75350 loss=-0.0063 reverse_nll=0.0000 ESS=0.999 batch_outcomes=256 batch_topologies=256 seen=17029597
step=75375 loss=-0.0055 reverse_nll=0.0000 ESS=0.999 batch_outcomes=256 batch_topologies=256 seen=17030035
step=75400 loss=-0.0034 reverse_nll=0.0001 ESS=0.999 batch_outcomes=256 batch_topologies=256 seen=17030487
step=75425 loss=0.0479 reverse_nll=0.0946 ESS=0.954 batch_outcomes=256 batch_topologies=256 seen=17030956
step=75450 loss=-0.0037 reverse_nll=0.0006 ESS=0.995 batch_outcomes=256 batch_topologies=256 seen=17031499
step=75475 loss=-0.0060 reverse_nll=0.0002 ESS=0.995 batch_outcomes=256 batch_topologies=256 seen=17032011
step=75500 loss=-0.0101 reverse_nll=0.0001 ESS=0.999 batch_outcomes=256 batch_topologies=256 seen=17032517
step=75525 loss=0.0002 reverse_nll=0.0011 ESS=0.992 batch_outcomes=256 batch_topologies=256 seen=17033014
step=75550 loss=-0.0079 reverse_nll=0.0001 ESS=0.999 batch_outcomes=256 batch_topologies=256 seen=17033497
step=75575 loss=-0.0016 reverse_nll=0.0001 ESS=0.994 batch_outcomes=256 batch_topologies=256 seen=17033896
step=75600 loss=-0.0040 reverse_nll=0.0000 ESS=0.999 batch_outcomes=256 batch_topologies=256 seen=17034336
step=75625 loss=0.0235 reverse_nll=0.0001 ESS=0.971 batch_outcomes=256 batch_topologies=256 seen=17034788
step=75650 loss=-0.0026 reverse_nll=0.0001 ESS=0.998 batch_outcomes=256 batch_topologies=256 seen=17035271
step=75675 loss=-0.0077 reverse_nll=0.0001 ESS=0.999 batch_outcomes=256 batch_topologies=256 seen=17035696
step=75700 loss=0.0010 reverse_nll=0.0002 ESS=0.991 batch_outcomes=256 batch_topologies=256 seen=17036103
step=75725 loss=0.0106 reverse_nll=0.0001 ESS=0.984 batch_outcomes=256 batch_topologies=256 seen=17036541
step=75750 loss=-0.0051 reverse_nll=0.0001 ESS=0.999 batch_outcomes=256 batch_topologies=256 seen=17037153
step=75775 loss=-0.0036 reverse_nll=0.0002 ESS=0.999 batch_outcomes=256 batch_topologies=256 seen=17038667
step=75800 loss=0.0094 reverse_nll=0.0004 ESS=0.989 batch_outcomes=256 batch_topologies=256 seen=17040085
step=75825 loss=-0.0073 reverse_nll=0.0001 ESS=0.999 batch_outcomes=256 batch_topologies=256 seen=17041233
step=75850 loss=-0.0085 reverse_nll=0.0000 ESS=0.999 batch_outcomes=256 batch_topologies=256 seen=17042212
step=75875 loss=-0.0065 reverse_nll=0.0000 ESS=0.999 batch_outcomes=256 batch_topologies=256 seen=17043008
step=75900 loss=-0.0056 reverse_nll=0.0000 ESS=0.999 batch_outcomes=256 batch_topologies=256 seen=17043785
step=75925 loss=-0.0003 reverse_nll=0.0000 ESS=0.999 batch_outcomes=256 batch_topologies=256 seen=17044489
step=75950 loss=0.0574 reverse_nll=0.0012 ESS=0.949 batch_outcomes=256 batch_topologies=256 seen=17045233
step=75975 loss=0.0366 reverse_nll=0.0018 ESS=0.956 batch_outcomes=256 batch_topologies=256 seen=17045987
step=76000 loss=-0.0052 reverse_nll=0.0001 ESS=0.999 batch_outcomes=256 batch_topologies=256 seen=17046638
step=76025 loss=0.0003 reverse_nll=0.0003 ESS=0.994 batch_outcomes=256 batch_topologies=256 seen=17047293
step=76050 loss=0.0247 reverse_nll=0.0002 ESS=0.972 batch_outcomes=256 batch_topologies=256 seen=17047876
step=76075 loss=-0.0069 reverse_nll=0.0001 ESS=0.999 batch_outcomes=256 batch_topologies=256 seen=17048568
step=76100 loss=-0.0078 reverse_nll=0.0000 ESS=0.999 batch_outcomes=256 batch_topologies=256 seen=17049130
step=76125 loss=-0.0048 reverse_nll=0.0000 ESS=0.999 batch_outcomes=256 batch_topologies=256 seen=17049597
step=76150 loss=-0.0032 reverse_nll=0.0000 ESS=0.999 batch_outcomes=256 batch_topologies=256 seen=17050028
step=76175 loss=-0.0023 reverse_nll=0.0000 ESS=0.999 batch_outcomes=256 batch_topologies=256 seen=17050428
step=76200 loss=-0.0048 reverse_nll=0.0000 ESS=0.999 batch_outcomes=256 batch_topologies=256 seen=17050818
step=76225 loss=-0.0057 reverse_nll=0.0000 ESS=0.999 batch_outcomes=256 batch_topologies=256 seen=17051206
step=76250 loss=0.0327 reverse_nll=0.5710 ESS=0.974 batch_outcomes=256 batch_topologies=256 seen=17051580
step=76275 loss=0.0026 reverse_nll=0.0025 ESS=0.990 batch_outcomes=256 batch_topologies=256 seen=17052184
step=76300 loss=0.0208 reverse_nll=0.0093 ESS=0.970 batch_outcomes=256 batch_topologies=256 seen=17052731
step=76325 loss=-0.0084 reverse_nll=0.0002 ESS=0.999 batch_outcomes=256 batch_topologies=256 seen=17053261
step=76350 loss=-0.0084 reverse_nll=0.0001 ESS=0.999 batch_outcomes=256 batch_topologies=256 seen=17053710
step=76375 loss=-0.0084 reverse_nll=0.0000 ESS=0.999 batch_outcomes=256 batch_topologies=256 seen=17054106
step=76400 loss=-0.0033 reverse_nll=0.0000 ESS=0.999 batch_outcomes=256 batch_topologies=256 seen=17054504
step=76425 loss=-0.0037 reverse_nll=0.0000 ESS=0.999 batch_outcomes=256 batch_topologies=256 seen=17054897
step=76450 loss=0.0194 reverse_nll=0.0002 ESS=0.981 batch_outcomes=256 batch_topologies=256 seen=17055289
step=76475 loss=0.0211 reverse_nll=0.0134 ESS=0.979 batch_outcomes=256 batch_topologies=256 seen=17055751
step=76500 loss=0.0000 reverse_nll=0.2149 ESS=0.991 batch_outcomes=256 batch_topologies=256 seen=17056245
step=76525 loss=-0.0025 reverse_nll=0.0016 ESS=0.999 batch_outcomes=256 batch_topologies=256 seen=17056682
step=76550 loss=-0.0040 reverse_nll=0.0000 ESS=0.999 batch_outcomes=256 batch_topologies=256 seen=17057112
step=76575 loss=-0.0030 reverse_nll=0.0000 ESS=0.999 batch_outcomes=256 batch_topologies=256 seen=17057494
step=76600 loss=0.0116 reverse_nll=0.0018 ESS=0.991 batch_outcomes=256 batch_topologies=256 seen=17057822
step=76625 loss=0.0041 reverse_nll=0.0004 ESS=0.992 batch_outcomes=256 batch_topologies=256 seen=17058225
step=76650 loss=-0.0071 reverse_nll=0.0000 ESS=0.999 batch_outcomes=256 batch_topologies=256 seen=17058696
step=76675 loss=0.0781 reverse_nll=0.0052 ESS=0.932 batch_outcomes=256 batch_topologies=256 seen=17059093
step=76700 loss=-0.0052 reverse_nll=0.0007 ESS=0.999 batch_outcomes=256 batch_topologies=256 seen=17059507
step=76725 loss=-0.0073 reverse_nll=0.0000 ESS=0.999 batch_outcomes=256 batch_topologies=256 seen=17059927
step=76750 loss=-0.0069 reverse_nll=0.0001 ESS=0.999 batch_outcomes=256 batch_topologies=256 seen=17060303
step=76775 loss=-0.0051 reverse_nll=0.0000 ESS=0.999 batch_outcomes=256 batch_topologies=256 seen=17060681
step=76800 loss=-0.0013 reverse_nll=0.0000 ESS=0.999 batch_outcomes=256 batch_topologies=256 seen=17061022
step=76825 loss=-0.0041 reverse_nll=0.0000 ESS=0.999 batch_outcomes=256 batch_topologies=256 seen=17061351
step=76850 loss=0.0284 reverse_nll=0.4422 ESS=0.972 batch_outcomes=256 batch_topologies=256 seen=17062166
step=76875 loss=0.0036 reverse_nll=0.0045 ESS=0.995 batch_outcomes=256 batch_topologies=256 seen=17064386
step=76900 loss=-0.0010 reverse_nll=0.0001 ESS=0.995 batch_outcomes=256 batch_topologies=256 seen=17066033
step=76925 loss=-0.0084 reverse_nll=0.0001 ESS=0.999 batch_outcomes=256 batch_topologies=256 seen=17067333
step=76950 loss=-0.0015 reverse_nll=0.0006 ESS=0.997 batch_outcomes=256 batch_topologies=256 seen=17068500
step=76975 loss=-0.0029 reverse_nll=0.0001 ESS=0.995 batch_outcomes=256 batch_topologies=256 seen=17069472
step=77000 loss=-0.0080 reverse_nll=0.0000 ESS=0.999 batch_outcomes=256 batch_topologies=256 seen=17070430
step=77025 loss=-0.0087 reverse_nll=0.0002 ESS=0.999 batch_outcomes=256 batch_topologies=256 seen=17071361
step=77050 loss=-0.0064 reverse_nll=0.0000 ESS=0.999 batch_outcomes=256 batch_topologies=256 seen=17072193
step=77075 loss=-0.0051 reverse_nll=0.0000 ESS=0.999 batch_outcomes=256 batch_topologies=256 seen=17072936
step=77100 loss=-0.0041 reverse_nll=0.0000 ESS=0.999 batch_outcomes=256 batch_topologies=256 seen=17073644
step=77125 loss=-0.0027 reverse_nll=0.0000 ESS=0.999 batch_outcomes=256 batch_topologies=256 seen=17074378
step=77150 loss=-0.0002 reverse_nll=0.0000 ESS=0.999 batch_outcomes=256 batch_topologies=256 seen=17075003
step=77175 loss=-0.0035 reverse_nll=0.0000 ESS=0.999 batch_outcomes=256 batch_topologies=256 seen=17075577
step=77200 loss=-0.0022 reverse_nll=0.0000 ESS=0.999 batch_outcomes=256 batch_topologies=256 seen=17076144
step=77225 loss=0.0011 reverse_nll=0.0000 ESS=0.999 batch_outcomes=256 batch_topologies=256 seen=17076697
step=77250 loss=-0.0038 reverse_nll=0.0000 ESS=0.999 batch_outcomes=256 batch_topologies=256 seen=17077162
step=77275 loss=0.0159 reverse_nll=0.0856 ESS=0.984 batch_outcomes=256 batch_topologies=256 seen=17077668
step=77300 loss=0.0385 reverse_nll=0.0566 ESS=0.963 batch_outcomes=256 batch_topologies=256 seen=17078246
step=77325 loss=0.0170 reverse_nll=0.0160 ESS=0.975 batch_outcomes=256 batch_topologies=256 seen=17078871
step=77350 loss=-0.0006 reverse_nll=0.0003 ESS=0.989 batch_outcomes=256 batch_topologies=256 seen=17079441
step=77375 loss=-0.0068 reverse_nll=0.0041 ESS=0.996 batch_outcomes=256 batch_topologies=256 seen=17079953
step=77400 loss=-0.0024 reverse_nll=0.0001 ESS=0.992 batch_outcomes=256 batch_topologies=256 seen=17080491
step=77425 loss=-0.0110 reverse_nll=0.0000 ESS=0.999 batch_outcomes=256 batch_topologies=256 seen=17080973
step=77450 loss=-0.0060 reverse_nll=0.0000 ESS=0.999 batch_outcomes=256 batch_topologies=256 seen=17081429
step=77475 loss=-0.0066 reverse_nll=0.0000 ESS=0.999 batch_outcomes=256 batch_topologies=256 seen=17081862
step=77500 loss=-0.0070 reverse_nll=0.0000 ESS=0.999 batch_outcomes=256 batch_topologies=256 seen=17082310
step=77525 loss=-0.0049 reverse_nll=0.0000 ESS=0.999 batch_outcomes=256 batch_topologies=256 seen=17082768
step=77550 loss=-0.0018 reverse_nll=0.0000 ESS=0.999 batch_outcomes=256 batch_topologies=256 seen=17083204
step=77575 loss=0.0014 reverse_nll=0.0044 ESS=0.997 batch_outcomes=256 batch_topologies=256 seen=17083673
step=77600 loss=-0.0029 reverse_nll=0.0212 ESS=0.997 batch_outcomes=256 batch_topologies=256 seen=17084193
step=77625 loss=0.0128 reverse_nll=0.0047 ESS=0.982 batch_outcomes=256 batch_topologies=256 seen=17084729
step=77650 loss=-0.0054 reverse_nll=0.0003 ESS=0.999 batch_outcomes=256 batch_topologies=256 seen=17085214
step=77675 loss=-0.0068 reverse_nll=0.0000 ESS=0.999 batch_outcomes=256 batch_topologies=256 seen=17085663
step=77700 loss=-0.0039 reverse_nll=0.0000 ESS=0.999 batch_outcomes=256 batch_topologies=256 seen=17086071
step=77725 loss=-0.0062 reverse_nll=0.0000 ESS=0.999 batch_outcomes=256 batch_topologies=256 seen=17086471
step=77750 loss=0.0227 reverse_nll=0.6688 ESS=0.980 batch_outcomes=256 batch_topologies=256 seen=17086858
step=77775 loss=0.0008 reverse_nll=0.0043 ESS=0.994 batch_outcomes=256 batch_topologies=256 seen=17087322
step=77800 loss=-0.0065 reverse_nll=0.0003 ESS=0.997 batch_outcomes=256 batch_topologies=256 seen=17087818
step=77825 loss=-0.0072 reverse_nll=0.0000 ESS=0.999 batch_outcomes=256 batch_topologies=256 seen=17088277
step=77850 loss=-0.0077 reverse_nll=0.0000 ESS=0.999 batch_outcomes=256 batch_topologies=256 seen=17088662
step=77875 loss=-0.0038 reverse_nll=0.0000 ESS=0.999 batch_outcomes=256 batch_topologies=256 seen=17089035
step=77900 loss=-0.0004 reverse_nll=0.0000 ESS=0.999 batch_outcomes=256 batch_topologies=256 seen=17089399
step=77925 loss=-0.0052 reverse_nll=0.0000 ESS=0.999 batch_outcomes=256 batch_topologies=256 seen=17089756
step=77950 loss=0.3653 reverse_nll=0.0061 ESS=0.672 batch_outcomes=256 batch_topologies=256 seen=17091200
step=77975 loss=-0.0083 reverse_nll=0.0010 ESS=0.992 batch_outcomes=256 batch_topologies=256 seen=17092901
step=78000 loss=-0.0087 reverse_nll=0.0001 ESS=0.998 batch_outcomes=256 batch_topologies=256 seen=17094261
step=78025 loss=0.0052 reverse_nll=0.0002 ESS=0.982 batch_outcomes=256 batch_topologies=256 seen=17095392
step=78050 loss=-0.0116 reverse_nll=0.0000 ESS=0.999 batch_outcomes=256 batch_topologies=256 seen=17096439
step=78075 loss=-0.0108 reverse_nll=0.0000 ESS=0.999 batch_outcomes=256 batch_topologies=256 seen=17097479
step=78100 loss=-0.0070 reverse_nll=0.0000 ESS=0.999 batch_outcomes=256 batch_topologies=256 seen=17098334
step=78125 loss=-0.0059 reverse_nll=0.0000 ESS=0.999 batch_outcomes=256 batch_topologies=256 seen=17099127
step=78150 loss=-0.0008 reverse_nll=0.0000 ESS=0.999 batch_outcomes=256 batch_topologies=256 seen=17099913
step=78175 loss=-0.0024 reverse_nll=0.0000 ESS=1.000 batch_outcomes=256 batch_topologies=256 seen=17100579
step=78200 loss=0.0951 reverse_nll=0.1196 ESS=0.923 batch_outcomes=256 batch_topologies=256 seen=17101206
step=78225 loss=0.0146 reverse_nll=0.0008 ESS=0.979 batch_outcomes=256 batch_topologies=256 seen=17101892
step=78250 loss=0.0090 reverse_nll=0.0006 ESS=0.980 batch_outcomes=256 batch_topologies=256 seen=17102505
step=78275 loss=0.0015 reverse_nll=0.0037 ESS=0.987 batch_outcomes=256 batch_topologies=256 seen=17103104
step=78300 loss=0.0046 reverse_nll=0.0004 ESS=0.991 batch_outcomes=256 batch_topologies=256 seen=17103624
step=78325 loss=-0.0079 reverse_nll=0.0000 ESS=0.999 batch_outcomes=256 batch_topologies=256 seen=17104112
step=78350 loss=-0.0047 reverse_nll=0.0000 ESS=0.999 batch_outcomes=256 batch_topologies=256 seen=17104621
step=78375 loss=-0.0059 reverse_nll=0.0000 ESS=0.999 batch_outcomes=256 batch_topologies=256 seen=17105067
step=78400 loss=-0.0015 reverse_nll=0.0000 ESS=0.999 batch_outcomes=256 batch_topologies=256 seen=17105503
step=78425 loss=-0.0039 reverse_nll=0.0000 ESS=0.999 batch_outcomes=256 batch_topologies=256 seen=17105945
step=78450 loss=-0.0052 reverse_nll=0.0000 ESS=0.999 batch_outcomes=256 batch_topologies=256 seen=17106366
step=78475 loss=-0.0036 reverse_nll=0.0001 ESS=0.999 batch_outcomes=256 batch_topologies=256 seen=17106807
step=78500 loss=0.0090 reverse_nll=0.0322 ESS=0.989 batch_outcomes=256 batch_topologies=256 seen=17107239
step=78525 loss=0.0209 reverse_nll=0.0114 ESS=0.982 batch_outcomes=256 batch_topologies=256 seen=17107794
step=78550 loss=0.0128 reverse_nll=0.0105 ESS=0.984 batch_outcomes=256 batch_topologies=256 seen=17108324
step=78575 loss=-0.0069 reverse_nll=0.0002 ESS=0.995 batch_outcomes=256 batch_topologies=256 seen=17108841
step=78600 loss=-0.0063 reverse_nll=0.0001 ESS=0.996 batch_outcomes=256 batch_topologies=256 seen=17109331
step=78625 loss=-0.0074 reverse_nll=0.0000 ESS=0.999 batch_outcomes=256 batch_topologies=256 seen=17109796
step=78650 loss=-0.0060 reverse_nll=0.0000 ESS=0.999 batch_outcomes=256 batch_topologies=256 seen=17110194
step=78675 loss=-0.0064 reverse_nll=0.0000 ESS=0.999 batch_outcomes=256 batch_topologies=256 seen=17110561
step=78700 loss=-0.0026 reverse_nll=0.0000 ESS=0.999 batch_outcomes=256 batch_topologies=256 seen=17110959
step=78725 loss=-0.0039 reverse_nll=0.0000 ESS=0.999 batch_outcomes=256 batch_topologies=256 seen=17111335
step=78750 loss=-0.0021 reverse_nll=0.0000 ESS=0.999 batch_outcomes=256 batch_topologies=256 seen=17111727
step=78775 loss=-0.0013 reverse_nll=0.0000 ESS=0.999 batch_outcomes=256 batch_topologies=256 seen=17112099
step=78800 loss=0.0625 reverse_nll=0.0314 ESS=0.942 batch_outcomes=256 batch_topologies=256 seen=17112578
step=78825 loss=0.0101 reverse_nll=0.0130 ESS=0.982 batch_outcomes=256 batch_topologies=256 seen=17113161
step=78850 loss=-0.0121 reverse_nll=0.0000 ESS=0.999 batch_outcomes=256 batch_topologies=256 seen=17113644
step=78875 loss=-0.0091 reverse_nll=0.0000 ESS=0.999 batch_outcomes=256 batch_topologies=256 seen=17114114
step=78900 loss=0.0498 reverse_nll=0.0004 ESS=0.949 batch_outcomes=256 batch_topologies=256 seen=17114521
step=78925 loss=-0.0005 reverse_nll=0.0003 ESS=0.993 batch_outcomes=256 batch_topologies=256 seen=17114971
step=78950 loss=-0.0038 reverse_nll=0.0002 ESS=0.999 batch_outcomes=256 batch_topologies=256 seen=17115416
step=78975 loss=-0.0111 reverse_nll=0.0000 ESS=0.999 batch_outcomes=256 batch_topologies=256 seen=17115854
step=79000 loss=-0.0065 reverse_nll=0.0000 ESS=0.999 batch_outcomes=256 batch_topologies=256 seen=17116277
step=79025 loss=-0.0045 reverse_nll=0.0000 ESS=0.999 batch_outcomes=256 batch_topologies=256 seen=17116658
step=79050 loss=-0.0035 reverse_nll=0.0000 ESS=0.999 batch_outcomes=256 batch_topologies=256 seen=17117021
step=79075 loss=-0.0044 reverse_nll=0.0000 ESS=0.999 batch_outcomes=256 batch_topologies=256 seen=17117387
step=79100 loss=-0.0022 reverse_nll=0.0000 ESS=0.999 batch_outcomes=256 batch_topologies=256 seen=17118675
step=79125 loss=0.0001 reverse_nll=0.0000 ESS=0.999 batch_outcomes=256 batch_topologies=256 seen=17120786
step=79150 loss=-0.0020 reverse_nll=0.0000 ESS=0.999 batch_outcomes=256 batch_topologies=256 seen=17122475
step=79175 loss=0.0103 reverse_nll=0.0138 ESS=0.988 batch_outcomes=256 batch_topologies=256 seen=17123841
step=79200 loss=0.0206 reverse_nll=0.0088 ESS=0.984 batch_outcomes=256 batch_topologies=256 seen=17125043
step=79225 loss=-0.0074 reverse_nll=0.0001 ESS=0.999 batch_outcomes=256 batch_topologies=256 seen=17126143
step=79250 loss=-0.0025 reverse_nll=0.0003 ESS=0.995 batch_outcomes=256 batch_topologies=256 seen=17127148
step=79275 loss=-0.0076 reverse_nll=0.0001 ESS=0.999 batch_outcomes=256 batch_topologies=256 seen=17128001
step=79300 loss=-0.0074 reverse_nll=0.0000 ESS=0.999 batch_outcomes=256 batch_topologies=256 seen=17128729
step=79325 loss=-0.0058 reverse_nll=0.0000 ESS=1.000 batch_outcomes=256 batch_topologies=256 seen=17129336
step=79350 loss=-0.0043 reverse_nll=0.0000 ESS=0.999 batch_outcomes=256 batch_topologies=256 seen=17129943
step=79375 loss=-0.0021 reverse_nll=0.0000 ESS=0.999 batch_outcomes=256 batch_topologies=256 seen=17130517
step=79400 loss=-0.0016 reverse_nll=0.0000 ESS=0.999 batch_outcomes=256 batch_topologies=256 seen=17131068
step=79425 loss=-0.0019 reverse_nll=0.0000 ESS=0.999 batch_outcomes=256 batch_topologies=256 seen=17131563
step=79450 loss=0.0938 reverse_nll=0.0758 ESS=0.928 batch_outcomes=256 batch_topologies=256 seen=17132067
step=79475 loss=0.0044 reverse_nll=0.0245 ESS=0.990 batch_outcomes=256 batch_topologies=256 seen=17132675
step=79500 loss=0.0025 reverse_nll=0.0418 ESS=0.990 batch_outcomes=256 batch_topologies=256 seen=17133294
step=79525 loss=-0.0015 reverse_nll=0.0164 ESS=0.992 batch_outcomes=256 batch_topologies=256 seen=17133817
step=79550 loss=-0.0105 reverse_nll=0.0000 ESS=0.999 batch_outcomes=256 batch_topologies=256 seen=17134321
step=79575 loss=-0.0073 reverse_nll=0.0000 ESS=0.999 batch_outcomes=256 batch_topologies=256 seen=17134796
step=79600 loss=-0.0066 reverse_nll=0.0000 ESS=0.999 batch_outcomes=256 batch_topologies=256 seen=17135221
step=79625 loss=-0.0048 reverse_nll=0.0000 ESS=0.999 batch_outcomes=256 batch_topologies=256 seen=17135666
step=79650 loss=-0.0013 reverse_nll=0.0000 ESS=0.999 batch_outcomes=256 batch_topologies=256 seen=17136097
step=79675 loss=-0.0014 reverse_nll=0.0000 ESS=0.999 batch_outcomes=256 batch_topologies=256 seen=17136504
step=79700 loss=-0.0019 reverse_nll=0.0000 ESS=0.999 batch_outcomes=256 batch_topologies=256 seen=17136979
step=79725 loss=-0.0017 reverse_nll=0.0000 ESS=0.999 batch_outcomes=256 batch_topologies=256 seen=17137406
step=79750 loss=-0.0020 reverse_nll=0.0000 ESS=0.999 batch_outcomes=256 batch_topologies=256 seen=17137791
step=79775 loss=0.0053 reverse_nll=0.0071 ESS=0.991 batch_outcomes=256 batch_topologies=256 seen=17138316
step=79800 loss=-0.0061 reverse_nll=0.0015 ESS=0.996 batch_outcomes=256 batch_topologies=256 seen=17138959
step=79825 loss=-0.0018 reverse_nll=0.0008 ESS=0.993 batch_outcomes=256 batch_topologies=256 seen=17139463
step=79850 loss=0.0039 reverse_nll=0.2470 ESS=0.984 batch_outcomes=256 batch_topologies=256 seen=17139921
step=79875 loss=-0.0135 reverse_nll=0.0001 ESS=0.999 batch_outcomes=256 batch_topologies=256 seen=17140371
step=79900 loss=-0.0105 reverse_nll=0.0000 ESS=0.999 batch_outcomes=256 batch_topologies=256 seen=17140808
step=79925 loss=-0.0074 reverse_nll=0.0000 ESS=0.999 batch_outcomes=256 batch_topologies=256 seen=17141208
step=79950 loss=-0.0035 reverse_nll=0.0000 ESS=0.999 batch_outcomes=256 batch_topologies=256 seen=17141598
step=79975 loss=-0.0064 reverse_nll=0.0000 ESS=0.999 batch_outcomes=256 batch_topologies=256 seen=17141954
step=80000 loss=-0.0062 reverse_nll=0.0000 ESS=1.000 batch_outcomes=256 batch_topologies=256 seen=17142339
step=80025 loss=-0.0021 reverse_nll=0.0000 ESS=0.999 batch_outcomes=256 batch_topologies=256 seen=17142754
step=80050 loss=0.0561 reverse_nll=0.2452 ESS=0.952 batch_outcomes=256 batch_topologies=256 seen=17143163
step=80075 loss=-0.0019 reverse_nll=0.0013 ESS=0.993 batch_outcomes=256 batch_topologies=256 seen=17143682
step=80100 loss=0.0023 reverse_nll=0.0002 ESS=0.991 batch_outcomes=256 batch_topologies=256 seen=17144148
step=80125 loss=-0.0092 reverse_nll=0.0001 ESS=0.999 batch_outcomes=256 batch_topologies=256 seen=17144552
step=80150 loss=-0.0021 reverse_nll=0.1039 ESS=0.995 batch_outcomes=256 batch_topologies=256 seen=17144959
step=80175 loss=0.0012 reverse_nll=0.0043 ESS=0.991 batch_outcomes=256 batch_topologies=256 seen=17145391
step=80200 loss=-0.0111 reverse_nll=0.0029 ESS=0.999 batch_outcomes=256 batch_topologies=256 seen=17145762
step=80225 loss=-0.0058 reverse_nll=0.0000 ESS=0.999 batch_outcomes=256 batch_topologies=256 seen=17146165
step=80250 loss=-0.0035 reverse_nll=0.0000 ESS=0.999 batch_outcomes=256 batch_topologies=256 seen=17146561
step=80275 loss=-0.0020 reverse_nll=0.0000 ESS=0.999 batch_outcomes=256 batch_topologies=256 seen=17148048
step=80300 loss=-0.0023 reverse_nll=0.0000 ESS=0.999 batch_outcomes=256 batch_topologies=256 seen=17149648
step=80325 loss=-0.0018 reverse_nll=0.0000 ESS=0.999 batch_outcomes=256 batch_topologies=256 seen=17151196
step=80350 loss=-0.0043 reverse_nll=0.0001 ESS=0.999 batch_outcomes=256 batch_topologies=256 seen=17152363
step=80375 loss=-0.0016 reverse_nll=0.0088 ESS=0.995 batch_outcomes=256 batch_topologies=256 seen=17153434
step=80400 loss=0.0107 reverse_nll=0.0005 ESS=0.983 batch_outcomes=256 batch_topologies=256 seen=17154411
step=80425 loss=-0.0063 reverse_nll=0.0016 ESS=0.995 batch_outcomes=256 batch_topologies=256 seen=17155246
step=80450 loss=-0.0025 reverse_nll=0.0001 ESS=0.999 batch_outcomes=256 batch_topologies=256 seen=17156084
step=80475 loss=-0.0079 reverse_nll=0.0000 ESS=0.999 batch_outcomes=256 batch_topologies=256 seen=17156816
step=80500 loss=-0.0062 reverse_nll=0.0000 ESS=0.999 batch_outcomes=256 batch_topologies=256 seen=17157488
step=80525 loss=0.0011 reverse_nll=0.0012 ESS=0.999 batch_outcomes=256 batch_topologies=256 seen=17158168
step=80550 loss=0.0097 reverse_nll=0.0001 ESS=0.988 batch_outcomes=256 batch_topologies=256 seen=17158747
step=80575 loss=-0.0062 reverse_nll=0.0000 ESS=0.999 batch_outcomes=256 batch_topologies=256 seen=17159326
step=80600 loss=-0.0030 reverse_nll=0.0000 ESS=0.999 batch_outcomes=256 batch_topologies=256 seen=17159835
step=80625 loss=-0.0023 reverse_nll=0.0000 ESS=0.999 batch_outcomes=256 batch_topologies=256 seen=17160272
step=80650 loss=-0.0021 reverse_nll=0.0000 ESS=0.999 batch_outcomes=256 batch_topologies=256 seen=17160688
step=80675 loss=-0.0040 reverse_nll=0.0000 ESS=0.999 batch_outcomes=256 batch_topologies=256 seen=17161136
step=80700 loss=0.0196 reverse_nll=0.3421 ESS=0.987 batch_outcomes=256 batch_topologies=256 seen=17161597
step=80725 loss=-0.0004 reverse_nll=0.0014 ESS=0.993 batch_outcomes=256 batch_topologies=256 seen=17162114
step=80750 loss=0.0040 reverse_nll=0.0003 ESS=0.984 batch_outcomes=256 batch_topologies=256 seen=17162676
step=80775 loss=-0.0056 reverse_nll=0.0015 ESS=0.999 batch_outcomes=256 batch_topologies=256 seen=17163192
step=80800 loss=-0.0064 reverse_nll=0.0002 ESS=0.999 batch_outcomes=256 batch_topologies=256 seen=17163690
step=80825 loss=-0.0023 reverse_nll=0.0000 ESS=0.996 batch_outcomes=256 batch_topologies=256 seen=17164118
step=80850 loss=0.0001 reverse_nll=0.0001 ESS=0.994 batch_outcomes=256 batch_topologies=256 seen=17164576
step=80875 loss=0.0101 reverse_nll=0.0003 ESS=0.989 batch_outcomes=256 batch_topologies=256 seen=17165058
step=80900 loss=0.0023 reverse_nll=0.0006 ESS=0.991 batch_outcomes=256 batch_topologies=256 seen=17165497
step=80925 loss=-0.0052 reverse_nll=0.0005 ESS=0.999 batch_outcomes=256 batch_topologies=256 seen=17165937
step=80950 loss=0.0048 reverse_nll=0.0004 ESS=0.992 batch_outcomes=256 batch_topologies=256 seen=17166366
step=80975 loss=-0.0029 reverse_nll=0.0000 ESS=0.999 batch_outcomes=256 batch_topologies=256 seen=17166748
step=81000 loss=-0.0041 reverse_nll=0.0000 ESS=0.999 batch_outcomes=256 batch_topologies=256 seen=17167143
step=81025 loss=-0.0048 reverse_nll=0.0000 ESS=0.999 batch_outcomes=256 batch_topologies=256 seen=17167505
step=81050 loss=-0.0030 reverse_nll=0.0000 ESS=0.999 batch_outcomes=256 batch_topologies=256 seen=17167890
step=81075 loss=-0.0015 reverse_nll=0.0000 ESS=0.999 batch_outcomes=256 batch_topologies=256 seen=17168274
step=81100 loss=-0.0040 reverse_nll=0.0000 ESS=0.999 batch_outcomes=256 batch_topologies=256 seen=17168659
step=81125 loss=-0.0016 reverse_nll=0.0001 ESS=0.999 batch_outcomes=256 batch_topologies=256 seen=17169019
step=81150 loss=0.0218 reverse_nll=0.0013 ESS=0.981 batch_outcomes=256 batch_topologies=256 seen=17169448
step=81175 loss=-0.0005 reverse_nll=0.0015 ESS=0.996 batch_outcomes=256 batch_topologies=256 seen=17169895
step=81200 loss=0.0008 reverse_nll=0.0003 ESS=0.995 batch_outcomes=256 batch_topologies=256 seen=17170402
step=81225 loss=-0.0074 reverse_nll=0.0000 ESS=0.999 batch_outcomes=256 batch_topologies=256 seen=17170872
step=81250 loss=-0.0058 reverse_nll=0.0000 ESS=0.999 batch_outcomes=256 batch_topologies=256 seen=17171265
step=81275 loss=-0.0052 reverse_nll=0.0000 ESS=0.999 batch_outcomes=256 batch_topologies=256 seen=17171685
step=81300 loss=-0.0020 reverse_nll=0.0640 ESS=0.998 batch_outcomes=256 batch_topologies=256 seen=17172067
step=81325 loss=0.0181 reverse_nll=0.0005 ESS=0.977 batch_outcomes=256 batch_topologies=256 seen=17172489
step=81350 loss=-0.0008 reverse_nll=0.0001 ESS=0.994 batch_outcomes=256 batch_topologies=256 seen=17172923
step=81375 loss=0.0095 reverse_nll=0.0001 ESS=0.987 batch_outcomes=256 batch_topologies=256 seen=17173315
step=81400 loss=-0.0060 reverse_nll=0.0001 ESS=0.999 batch_outcomes=256 batch_topologies=256 seen=17173694
step=81425 loss=-0.0076 reverse_nll=0.0000 ESS=0.999 batch_outcomes=256 batch_topologies=256 seen=17174112
step=81450 loss=-0.0069 reverse_nll=0.0000 ESS=0.999 batch_outcomes=256 batch_topologies=256 seen=17174478
step=81475 loss=-0.0041 reverse_nll=0.0000 ESS=0.999 batch_outcomes=256 batch_topologies=256 seen=17174808
step=81500 loss=-0.0051 reverse_nll=0.0000 ESS=0.999 batch_outcomes=256 batch_topologies=256 seen=17176538
step=81525 loss=-0.0025 reverse_nll=0.0000 ESS=0.999 batch_outcomes=256 batch_topologies=256 seen=17178274
step=81550 loss=-0.0019 reverse_nll=0.0000 ESS=0.999 batch_outcomes=256 batch_topologies=256 seen=17179677
step=81575 loss=0.0011 reverse_nll=0.0001 ESS=0.999 batch_outcomes=256 batch_topologies=256 seen=17180779
step=81600 loss=-0.0010 reverse_nll=0.0001 ESS=0.999 batch_outcomes=256 batch_topologies=256 seen=17181752
step=81625 loss=0.0004 reverse_nll=0.0001 ESS=0.999 batch_outcomes=256 batch_topologies=256 seen=17182644
step=81650 loss=-0.0015 reverse_nll=0.0000 ESS=0.999 batch_outcomes=256 batch_topologies=256 seen=17183488
step=81675 loss=-0.0000 reverse_nll=0.0001 ESS=0.999 batch_outcomes=256 batch_topologies=256 seen=17184284
step=81700 loss=-0.0054 reverse_nll=0.0000 ESS=0.999 batch_outcomes=256 batch_topologies=256 seen=17184941
step=81725 loss=0.0350 reverse_nll=0.3007 ESS=0.962 batch_outcomes=256 batch_topologies=256 seen=17185651
step=81750 loss=-0.0159 reverse_nll=0.0004 ESS=0.995 batch_outcomes=256 batch_topologies=256 seen=17186476
step=81775 loss=-0.0092 reverse_nll=0.0029 ESS=0.992 batch_outcomes=256 batch_topologies=256 seen=17187178
step=81800 loss=-0.0150 reverse_nll=0.0076 ESS=0.997 batch_outcomes=256 batch_topologies=256 seen=17187807
step=81825 loss=-0.0096 reverse_nll=0.0002 ESS=0.996 batch_outcomes=256 batch_topologies=256 seen=17188379
step=81850 loss=-0.0110 reverse_nll=0.0005 ESS=0.999 batch_outcomes=256 batch_topologies=256 seen=17188961
step=81875 loss=-0.0139 reverse_nll=0.0001 ESS=0.999 batch_outcomes=256 batch_topologies=256 seen=17189450
step=81900 loss=-0.0103 reverse_nll=0.0000 ESS=0.999 batch_outcomes=256 batch_topologies=256 seen=17189957
step=81925 loss=-0.0078 reverse_nll=0.0000 ESS=0.999 batch_outcomes=256 batch_topologies=256 seen=17190420
step=81950 loss=-0.0064 reverse_nll=0.0000 ESS=0.999 batch_outcomes=256 batch_topologies=256 seen=17190897
step=81975 loss=-0.0052 reverse_nll=0.0000 ESS=0.999 batch_outcomes=256 batch_topologies=256 seen=17191305
step=82000 loss=-0.0060 reverse_nll=0.0000 ESS=0.999 batch_outcomes=256 batch_topologies=256 seen=17191754
step=82025 loss=-0.0059 reverse_nll=0.0000 ESS=0.999 batch_outcomes=256 batch_topologies=256 seen=17192150
step=82050 loss=-0.0011 reverse_nll=0.0000 ESS=0.999 batch_outcomes=256 batch_topologies=256 seen=17192554
step=82075 loss=-0.0043 reverse_nll=0.0000 ESS=0.999 batch_outcomes=256 batch_topologies=256 seen=17192968
step=82100 loss=-0.0015 reverse_nll=0.0001 ESS=0.999 batch_outcomes=256 batch_topologies=256 seen=17193413
step=82125 loss=0.0198 reverse_nll=0.0124 ESS=0.980 batch_outcomes=256 batch_topologies=256 seen=17193907
step=82150 loss=0.0055 reverse_nll=0.0003 ESS=0.986 batch_outcomes=256 batch_topologies=256 seen=17194470
step=82175 loss=-0.0063 reverse_nll=0.0002 ESS=0.992 batch_outcomes=256 batch_topologies=256 seen=17194954
step=82200 loss=-0.0054 reverse_nll=0.0003 ESS=0.999 batch_outcomes=256 batch_topologies=256 seen=17195448
step=82225 loss=-0.0093 reverse_nll=0.0000 ESS=0.999 batch_outcomes=256 batch_topologies=256 seen=17195888
step=82250 loss=-0.0031 reverse_nll=0.0000 ESS=0.999 batch_outcomes=256 batch_topologies=256 seen=17196308
step=82275 loss=-0.0054 reverse_nll=0.0000 ESS=0.999 batch_outcomes=256 batch_topologies=256 seen=17196719
step=82300 loss=-0.0055 reverse_nll=0.0000 ESS=0.999 batch_outcomes=256 batch_topologies=256 seen=17197136
step=82325 loss=-0.0078 reverse_nll=0.0000 ESS=0.999 batch_outcomes=256 batch_topologies=256 seen=17197500
step=82350 loss=-0.0005 reverse_nll=0.0000 ESS=0.999 batch_outcomes=256 batch_topologies=256 seen=17197870
step=82375 loss=-0.0054 reverse_nll=0.0000 ESS=0.999 batch_outcomes=256 batch_topologies=256 seen=17198290
step=82400 loss=-0.0015 reverse_nll=0.0000 ESS=0.999 batch_outcomes=256 batch_topologies=256 seen=17198671
step=82425 loss=-0.0006 reverse_nll=0.0000 ESS=0.999 batch_outcomes=256 batch_topologies=256 seen=17199019
step=82450 loss=0.0014 reverse_nll=0.0000 ESS=0.999 batch_outcomes=256 batch_topologies=256 seen=17199418
step=82475 loss=0.0379 reverse_nll=0.0373 ESS=0.963 batch_outcomes=256 batch_topologies=256 seen=17199872
step=82500 loss=-0.0033 reverse_nll=0.0003 ESS=0.995 batch_outcomes=256 batch_topologies=256 seen=17200412
step=82525 loss=-0.0122 reverse_nll=0.0003 ESS=0.995 batch_outcomes=256 batch_topologies=256 seen=17200900
step=82550 loss=-0.0121 reverse_nll=0.0015 ESS=0.999 batch_outcomes=256 batch_topologies=256 seen=17201391
step=82575 loss=-0.0090 reverse_nll=0.0000 ESS=0.999 batch_outcomes=256 batch_topologies=256 seen=17201836
step=82600 loss=-0.0098 reverse_nll=0.0000 ESS=0.999 batch_outcomes=256 batch_topologies=256 seen=17202211
step=82625 loss=-0.0086 reverse_nll=0.0000 ESS=1.000 batch_outcomes=256 batch_topologies=256 seen=17202563
step=82650 loss=-0.0064 reverse_nll=0.0000 ESS=0.999 batch_outcomes=256 batch_topologies=256 seen=17202907
step=82675 loss=-0.0052 reverse_nll=0.0000 ESS=0.999 batch_outcomes=256 batch_topologies=256 seen=17203284
step=82700 loss=0.0042 reverse_nll=0.0427 ESS=0.998 batch_outcomes=256 batch_topologies=256 seen=17203637
step=82725 loss=0.0098 reverse_nll=0.0028 ESS=0.990 batch_outcomes=256 batch_topologies=256 seen=17204069
step=82750 loss=0.0050 reverse_nll=0.0399 ESS=0.987 batch_outcomes=256 batch_topologies=256 seen=17204528
step=82775 loss=-0.0064 reverse_nll=0.0008 ESS=0.999 batch_outcomes=256 batch_topologies=256 seen=17204994
step=82800 loss=-0.0089 reverse_nll=0.0001 ESS=0.999 batch_outcomes=256 batch_topologies=256 seen=17205407
step=82825 loss=-0.0049 reverse_nll=0.0001 ESS=0.999 batch_outcomes=256 batch_topologies=256 seen=17205815
step=82850 loss=-0.0029 reverse_nll=0.0000 ESS=0.999 batch_outcomes=256 batch_topologies=256 seen=17206857
step=82875 loss=-0.0039 reverse_nll=0.0000 ESS=0.999 batch_outcomes=256 batch_topologies=256 seen=17208412
step=82900 loss=-0.0029 reverse_nll=0.0000 ESS=0.999 batch_outcomes=256 batch_topologies=256 seen=17209656
step=82925 loss=-0.0029 reverse_nll=0.0000 ESS=0.999 batch_outcomes=256 batch_topologies=256 seen=17210685
step=82950 loss=-0.0035 reverse_nll=0.0000 ESS=0.999 batch_outcomes=256 batch_topologies=256 seen=17211709
step=82975 loss=-0.0011 reverse_nll=0.0000 ESS=0.999 batch_outcomes=256 batch_topologies=256 seen=17212538
step=83000 loss=-0.0009 reverse_nll=0.0000 ESS=0.999 batch_outcomes=256 batch_topologies=256 seen=17213228
step=83025 loss=0.0007 reverse_nll=0.0000 ESS=0.999 batch_outcomes=256 batch_topologies=256 seen=17213940
step=83050 loss=0.0020 reverse_nll=0.0653 ESS=0.991 batch_outcomes=256 batch_topologies=256 seen=17214612
step=83075 loss=-0.0018 reverse_nll=0.0018 ESS=0.994 batch_outcomes=256 batch_topologies=256 seen=17215240
step=83100 loss=0.0133 reverse_nll=0.0220 ESS=0.980 batch_outcomes=256 batch_topologies=256 seen=17215862
step=83125 loss=-0.0117 reverse_nll=0.0002 ESS=0.999 batch_outcomes=256 batch_topologies=256 seen=17216368
step=83150 loss=-0.0081 reverse_nll=0.0001 ESS=0.999 batch_outcomes=256 batch_topologies=256 seen=17216866
step=83175 loss=-0.0077 reverse_nll=0.0002 ESS=0.999 batch_outcomes=256 batch_topologies=256 seen=17217322
step=83200 loss=-0.0067 reverse_nll=0.0001 ESS=0.997 batch_outcomes=256 batch_topologies=256 seen=17217800
step=83225 loss=0.0045 reverse_nll=0.0119 ESS=0.991 batch_outcomes=256 batch_topologies=256 seen=17218275
step=83250 loss=-0.0063 reverse_nll=0.0000 ESS=0.999 batch_outcomes=256 batch_topologies=256 seen=17218725
step=83275 loss=-0.0039 reverse_nll=0.0000 ESS=0.999 batch_outcomes=256 batch_topologies=256 seen=17219095
step=83300 loss=-0.0062 reverse_nll=0.0000 ESS=0.999 batch_outcomes=256 batch_topologies=256 seen=17219492
step=83325 loss=-0.0023 reverse_nll=0.0000 ESS=0.999 batch_outcomes=256 batch_topologies=256 seen=17219892
step=83350 loss=-0.0039 reverse_nll=0.0000 ESS=0.999 batch_outcomes=256 batch_topologies=256 seen=17220283
step=83375 loss=-0.0040 reverse_nll=0.0000 ESS=0.999 batch_outcomes=256 batch_topologies=256 seen=17220634
step=83400 loss=0.0007 reverse_nll=0.0000 ESS=0.999 batch_outcomes=256 batch_topologies=256 seen=17220989
step=83425 loss=-0.0011 reverse_nll=0.0000 ESS=0.999 batch_outcomes=256 batch_topologies=256 seen=17221358
step=83450 loss=-0.0002 reverse_nll=0.0000 ESS=0.999 batch_outcomes=256 batch_topologies=256 seen=17221701
step=83475 loss=-0.0003 reverse_nll=0.0000 ESS=0.999 batch_outcomes=256 batch_topologies=256 seen=17222100
step=83500 loss=-0.0033 reverse_nll=0.0000 ESS=0.999 batch_outcomes=256 batch_topologies=256 seen=17222453
step=83525 loss=0.0055 reverse_nll=0.0585 ESS=0.986 batch_outcomes=256 batch_topologies=256 seen=17222900
step=83550 loss=0.0381 reverse_nll=0.0007 ESS=0.950 batch_outcomes=256 batch_topologies=256 seen=17223437
step=83575 loss=-0.0201 reverse_nll=0.0000 ESS=0.999 batch_outcomes=256 batch_topologies=256 seen=17223959
step=83600 loss=-0.0121 reverse_nll=0.0000 ESS=0.999 batch_outcomes=256 batch_topologies=256 seen=17224409
step=83625 loss=-0.0052 reverse_nll=0.0000 ESS=0.999 batch_outcomes=256 batch_topologies=256 seen=17224781
step=83650 loss=-0.0059 reverse_nll=0.0000 ESS=0.999 batch_outcomes=256 batch_topologies=256 seen=17225157
step=83675 loss=-0.0098 reverse_nll=0.0000 ESS=0.999 batch_outcomes=256 batch_topologies=256 seen=17225508
step=83700 loss=-0.0063 reverse_nll=0.0000 ESS=0.999 batch_outcomes=256 batch_topologies=256 seen=17225858
step=83725 loss=-0.0017 reverse_nll=0.0000 ESS=0.999 batch_outcomes=256 batch_topologies=256 seen=17226200
step=83750 loss=-0.0018 reverse_nll=0.0000 ESS=0.999 batch_outcomes=256 batch_topologies=256 seen=17226576
step=83775 loss=-0.0015 reverse_nll=0.0000 ESS=0.999 batch_outcomes=256 batch_topologies=256 seen=17226889
step=83800 loss=0.0001 reverse_nll=0.0001 ESS=0.999 batch_outcomes=256 batch_topologies=256 seen=17227223
step=83825 loss=-0.0006 reverse_nll=0.0001 ESS=0.999 batch_outcomes=256 batch_topologies=256 seen=17227580
step=83850 loss=0.0347 reverse_nll=0.3814 ESS=0.970 batch_outcomes=256 batch_topologies=256 seen=17227926
step=83875 loss=0.0295 reverse_nll=0.8265 ESS=0.966 batch_outcomes=256 batch_topologies=256 seen=17228540
step=83900 loss=-0.0058 reverse_nll=0.0015 ESS=0.991 batch_outcomes=256 batch_topologies=256 seen=17229097
step=83925 loss=-0.0133 reverse_nll=0.0001 ESS=0.999 batch_outcomes=256 batch_topologies=256 seen=17229579
step=83950 loss=-0.0174 reverse_nll=0.0000 ESS=0.999 batch_outcomes=256 batch_topologies=256 seen=17230098
step=83975 loss=-0.0140 reverse_nll=0.0000 ESS=0.999 batch_outcomes=256 batch_topologies=256 seen=17230558
step=84000 loss=-0.0109 reverse_nll=0.0000 ESS=0.999 batch_outcomes=256 batch_topologies=256 seen=17230936
step=84025 loss=-0.0079 reverse_nll=0.0000 ESS=0.999 batch_outcomes=256 batch_topologies=256 seen=17231284
step=84050 loss=-0.0054 reverse_nll=0.0000 ESS=0.999 batch_outcomes=256 batch_topologies=256 seen=17231600
step=84075 loss=-0.0048 reverse_nll=0.0000 ESS=1.000 batch_outcomes=256 batch_topologies=256 seen=17231969
step=84100 loss=-0.0035 reverse_nll=0.0000 ESS=0.999 batch_outcomes=256 batch_topologies=256 seen=17232262
step=84125 loss=0.0277 reverse_nll=0.0035 ESS=0.975 batch_outcomes=256 batch_topologies=256 seen=17232625
step=84150 loss=0.0044 reverse_nll=0.0006 ESS=0.990 batch_outcomes=256 batch_topologies=256 seen=17233071
step=84175 loss=-0.0037 reverse_nll=0.0001 ESS=0.991 batch_outcomes=256 batch_topologies=256 seen=17233529
step=84200 loss=-0.0102 reverse_nll=0.0000 ESS=0.999 batch_outcomes=256 batch_topologies=256 seen=17233900
step=84225 loss=-0.0087 reverse_nll=0.0000 ESS=0.999 batch_outcomes=256 batch_topologies=256 seen=17235701
step=84250 loss=-0.0070 reverse_nll=0.0000 ESS=0.999 batch_outcomes=256 batch_topologies=256 seen=17237883
step=84275 loss=-0.0081 reverse_nll=0.0000 ESS=0.999 batch_outcomes=256 batch_topologies=256 seen=17239535
step=84300 loss=-0.0022 reverse_nll=0.0000 ESS=0.999 batch_outcomes=256 batch_topologies=256 seen=17240812
step=84325 loss=-0.0070 reverse_nll=0.0000 ESS=0.999 batch_outcomes=256 batch_topologies=256 seen=17241912
step=84350 loss=0.0118 reverse_nll=0.0063 ESS=0.989 batch_outcomes=256 batch_topologies=256 seen=17242796
step=84375 loss=-0.0077 reverse_nll=0.0134 ESS=0.999 batch_outcomes=256 batch_topologies=256 seen=17243577
step=84400 loss=-0.0064 reverse_nll=0.0002 ESS=0.997 batch_outcomes=256 batch_topologies=256 seen=17244383
step=84425 loss=-0.0037 reverse_nll=0.0002 ESS=0.995 batch_outcomes=256 batch_topologies=256 seen=17245130
step=84450 loss=-0.0082 reverse_nll=0.0000 ESS=0.999 batch_outcomes=256 batch_topologies=256 seen=17245883
step=84475 loss=-0.0102 reverse_nll=0.0000 ESS=0.999 batch_outcomes=256 batch_topologies=256 seen=17246489
step=84500 loss=-0.0045 reverse_nll=0.0000 ESS=0.999 batch_outcomes=256 batch_topologies=256 seen=17247089
step=84525 loss=-0.0042 reverse_nll=0.0000 ESS=0.999 batch_outcomes=256 batch_topologies=256 seen=17247618
step=84550 loss=-0.0003 reverse_nll=0.0000 ESS=0.999 batch_outcomes=256 batch_topologies=256 seen=17248101
step=84575 loss=-0.0012 reverse_nll=0.0000 ESS=0.999 batch_outcomes=256 batch_topologies=256 seen=17248593
step=84600 loss=-0.0021 reverse_nll=0.0000 ESS=0.999 batch_outcomes=256 batch_topologies=256 seen=17249028
step=84625 loss=0.0185 reverse_nll=0.0082 ESS=0.982 batch_outcomes=256 batch_topologies=256 seen=17249521
step=84650 loss=-0.0003 reverse_nll=0.0021 ESS=0.991 batch_outcomes=256 batch_topologies=256 seen=17250089
step=84675 loss=-0.0071 reverse_nll=0.0002 ESS=0.997 batch_outcomes=256 batch_topologies=256 seen=17250628
step=84700 loss=0.0086 reverse_nll=0.0001 ESS=0.985 batch_outcomes=256 batch_topologies=256 seen=17251059
step=84725 loss=-0.0080 reverse_nll=0.0001 ESS=0.999 batch_outcomes=256 batch_topologies=256 seen=17251492
step=84750 loss=0.0067 reverse_nll=0.0054 ESS=0.990 batch_outcomes=256 batch_topologies=256 seen=17251937
step=84775 loss=-0.0067 reverse_nll=0.0003 ESS=0.999 batch_outcomes=256 batch_topologies=256 seen=17252372
step=84800 loss=-0.0037 reverse_nll=0.0000 ESS=0.999 batch_outcomes=256 batch_topologies=256 seen=17252802
step=84825 loss=-0.0058 reverse_nll=0.0000 ESS=0.999 batch_outcomes=256 batch_topologies=256 seen=17253201
step=84850 loss=-0.0048 reverse_nll=0.0000 ESS=0.999 batch_outcomes=256 batch_topologies=256 seen=17253635
step=84875 loss=-0.0030 reverse_nll=0.0000 ESS=0.999 batch_outcomes=256 batch_topologies=256 seen=17254005
step=84900 loss=-0.0032 reverse_nll=0.0000 ESS=0.999 batch_outcomes=256 batch_topologies=256 seen=17254429
step=84925 loss=-0.0016 reverse_nll=0.0000 ESS=0.999 batch_outcomes=256 batch_topologies=256 seen=17254789
step=84950 loss=0.0122 reverse_nll=0.0248 ESS=0.991 batch_outcomes=256 batch_topologies=256 seen=17255161
step=84975 loss=-0.0052 reverse_nll=0.0004 ESS=0.998 batch_outcomes=256 batch_topologies=256 seen=17255648
step=85000 loss=-0.0036 reverse_nll=0.0030 ESS=0.995 batch_outcomes=256 batch_topologies=256 seen=17256062
step=85025 loss=0.0043 reverse_nll=0.0080 ESS=0.990 batch_outcomes=256 batch_topologies=256 seen=17256556
step=85050 loss=-0.0074 reverse_nll=0.0212 ESS=0.995 batch_outcomes=256 batch_topologies=256 seen=17256981
step=85075 loss=-0.0092 reverse_nll=0.0000 ESS=0.999 batch_outcomes=256 batch_topologies=256 seen=17257442
step=85100 loss=-0.0051 reverse_nll=0.0002 ESS=0.999 batch_outcomes=256 batch_topologies=256 seen=17257840
step=85125 loss=-0.0080 reverse_nll=0.0002 ESS=0.999 batch_outcomes=256 batch_topologies=256 seen=17258210
step=85150 loss=-0.0032 reverse_nll=0.0001 ESS=0.999 batch_outcomes=256 batch_topologies=256 seen=17258621
step=85175 loss=-0.0063 reverse_nll=0.0000 ESS=0.999 batch_outcomes=256 batch_topologies=256 seen=17259044
step=85200 loss=-0.0049 reverse_nll=0.0001 ESS=0.999 batch_outcomes=256 batch_topologies=256 seen=17259402
step=85225 loss=-0.0035 reverse_nll=0.0000 ESS=0.999 batch_outcomes=256 batch_topologies=256 seen=17259755
step=85250 loss=-0.0025 reverse_nll=0.0000 ESS=0.999 batch_outcomes=256 batch_topologies=256 seen=17260108
step=85275 loss=-0.0039 reverse_nll=0.0000 ESS=0.999 batch_outcomes=256 batch_topologies=256 seen=17260468
step=85300 loss=0.0003 reverse_nll=0.0000 ESS=0.999 batch_outcomes=256 batch_topologies=256 seen=17260815
step=85325 loss=-0.0019 reverse_nll=0.0000 ESS=0.999 batch_outcomes=256 batch_topologies=256 seen=17261141
step=85350 loss=0.0006 reverse_nll=0.0000 ESS=0.999 batch_outcomes=256 batch_topologies=256 seen=17261471
step=85375 loss=-0.0006 reverse_nll=0.0000 ESS=0.999 batch_outcomes=256 batch_topologies=256 seen=17261833
step=85400 loss=-0.0017 reverse_nll=0.0000 ESS=0.999 batch_outcomes=256 batch_topologies=256 seen=17262143
step=85425 loss=0.0771 reverse_nll=0.0314 ESS=0.926 batch_outcomes=256 batch_topologies=256 seen=17262531
step=85450 loss=0.0089 reverse_nll=0.0456 ESS=0.981 batch_outcomes=256 batch_topologies=256 seen=17263210
step=85475 loss=0.0077 reverse_nll=0.0003 ESS=0.981 batch_outcomes=256 batch_topologies=256 seen=17263808
step=85500 loss=-0.0031 reverse_nll=0.0001 ESS=0.991 batch_outcomes=256 batch_topologies=256 seen=17265253
step=85525 loss=-0.0143 reverse_nll=0.0000 ESS=0.999 batch_outcomes=256 batch_topologies=256 seen=17267166
step=85550 loss=-0.0110 reverse_nll=0.0000 ESS=0.999 batch_outcomes=256 batch_topologies=256 seen=17268704
step=85575 loss=-0.0072 reverse_nll=0.0000 ESS=0.999 batch_outcomes=256 batch_topologies=256 seen=17270104
step=85600 loss=-0.0078 reverse_nll=0.0000 ESS=1.000 batch_outcomes=256 batch_topologies=256 seen=17271414
step=85625 loss=-0.0046 reverse_nll=0.0000 ESS=0.999 batch_outcomes=256 batch_topologies=256 seen=17272423
step=85650 loss=-0.0023 reverse_nll=0.0000 ESS=0.999 batch_outcomes=256 batch_topologies=256 seen=17273310
step=85675 loss=-0.0040 reverse_nll=0.0000 ESS=0.999 batch_outcomes=256 batch_topologies=256 seen=17274213
step=85700 loss=-0.0030 reverse_nll=0.0000 ESS=0.999 batch_outcomes=256 batch_topologies=256 seen=17274982
step=85725 loss=-0.0019 reverse_nll=0.0000 ESS=0.999 batch_outcomes=256 batch_topologies=256 seen=17275709
step=85750 loss=0.0221 reverse_nll=0.0015 ESS=0.981 batch_outcomes=256 batch_topologies=256 seen=17276343
step=85775 loss=-0.0076 reverse_nll=0.0014 ESS=0.996 batch_outcomes=256 batch_topologies=256 seen=17277029
step=85800 loss=-0.0064 reverse_nll=0.0004 ESS=0.998 batch_outcomes=256 batch_topologies=256 seen=17277659
step=85825 loss=-0.0014 reverse_nll=0.0489 ESS=0.992 batch_outcomes=256 batch_topologies=256 seen=17278181
step=85850 loss=-0.0050 reverse_nll=0.0001 ESS=0.995 batch_outcomes=256 batch_topologies=256 seen=17278719
step=85875 loss=-0.0086 reverse_nll=0.0000 ESS=0.999 batch_outcomes=256 batch_topologies=256 seen=17279240
step=85900 loss=-0.0069 reverse_nll=0.0000 ESS=0.999 batch_outcomes=256 batch_topologies=256 seen=17279741
step=85925 loss=-0.0009 reverse_nll=0.0000 ESS=0.999 batch_outcomes=256 batch_topologies=256 seen=17280200
step=85950 loss=-0.0056 reverse_nll=0.0000 ESS=0.999 batch_outcomes=256 batch_topologies=256 seen=17280641
step=85975 loss=-0.0024 reverse_nll=0.0000 ESS=0.999 batch_outcomes=256 batch_topologies=256 seen=17281069
step=86000 loss=-0.0024 reverse_nll=0.0000 ESS=0.999 batch_outcomes=256 batch_topologies=256 seen=17281515
step=86025 loss=-0.0047 reverse_nll=0.0000 ESS=0.999 batch_outcomes=256 batch_topologies=256 seen=17281933
step=86050 loss=0.0008 reverse_nll=0.0000 ESS=0.999 batch_outcomes=256 batch_topologies=256 seen=17282312
step=86075 loss=-0.0032 reverse_nll=0.0000 ESS=0.999 batch_outcomes=256 batch_topologies=256 seen=17282746
step=86100 loss=-0.0018 reverse_nll=0.0019 ESS=0.999 batch_outcomes=256 batch_topologies=256 seen=17283169
step=86125 loss=0.0399 reverse_nll=0.0049 ESS=0.961 batch_outcomes=256 batch_topologies=256 seen=17283741
step=86150 loss=-0.0105 reverse_nll=0.0006 ESS=0.999 batch_outcomes=256 batch_topologies=256 seen=17284395
step=86175 loss=0.0150 reverse_nll=0.0010 ESS=0.981 batch_outcomes=256 batch_topologies=256 seen=17284920
step=86200 loss=0.0251 reverse_nll=0.0008 ESS=0.971 batch_outcomes=256 batch_topologies=256 seen=17285403
step=86225 loss=-0.0087 reverse_nll=0.0001 ESS=0.999 batch_outcomes=256 batch_topologies=256 seen=17285832
step=86250 loss=0.0108 reverse_nll=0.0002 ESS=0.984 batch_outcomes=256 batch_topologies=256 seen=17286257
step=86275 loss=-0.0048 reverse_nll=0.0000 ESS=0.999 batch_outcomes=256 batch_topologies=256 seen=17286664
step=86300 loss=-0.0059 reverse_nll=0.0000 ESS=0.999 batch_outcomes=256 batch_topologies=256 seen=17287032
step=86325 loss=-0.0029 reverse_nll=0.0000 ESS=0.999 batch_outcomes=256 batch_topologies=256 seen=17287385
step=86350 loss=-0.0035 reverse_nll=0.0000 ESS=0.999 batch_outcomes=256 batch_topologies=256 seen=17287787
step=86375 loss=-0.0030 reverse_nll=0.0000 ESS=0.999 batch_outcomes=256 batch_topologies=256 seen=17288190
step=86400 loss=-0.0024 reverse_nll=0.0000 ESS=0.999 batch_outcomes=256 batch_topologies=256 seen=17289869
step=86425 loss=0.0672 reverse_nll=0.0026 ESS=0.939 batch_outcomes=256 batch_topologies=256 seen=17291141
step=86450 loss=0.0335 reverse_nll=0.0118 ESS=0.968 batch_outcomes=256 batch_topologies=256 seen=17292142
step=86475 loss=-0.0003 reverse_nll=0.0007 ESS=0.991 batch_outcomes=256 batch_topologies=256 seen=17293010
step=86500 loss=-0.0086 reverse_nll=0.0000 ESS=0.999 batch_outcomes=256 batch_topologies=256 seen=17293855
step=86525 loss=-0.0049 reverse_nll=0.0000 ESS=0.999 batch_outcomes=256 batch_topologies=256 seen=17294731
step=86550 loss=-0.0057 reverse_nll=0.0000 ESS=0.999 batch_outcomes=256 batch_topologies=256 seen=17295400
step=86575 loss=-0.0060 reverse_nll=0.0000 ESS=0.999 batch_outcomes=256 batch_topologies=256 seen=17296029
step=86600 loss=-0.0048 reverse_nll=0.0000 ESS=0.999 batch_outcomes=256 batch_topologies=256 seen=17296618
step=86625 loss=0.0193 reverse_nll=0.0755 ESS=0.980 batch_outcomes=256 batch_topologies=256 seen=17297140
step=86650 loss=0.0002 reverse_nll=0.0009 ESS=0.992 batch_outcomes=256 batch_topologies=256 seen=17297714
step=86675 loss=-0.0079 reverse_nll=0.0524 ESS=0.998 batch_outcomes=256 batch_topologies=256 seen=17298300
step=86700 loss=-0.0033 reverse_nll=0.0001 ESS=0.991 batch_outcomes=256 batch_topologies=256 seen=17298847
step=86725 loss=-0.0122 reverse_nll=0.0000 ESS=0.999 batch_outcomes=256 batch_topologies=256 seen=17299393
step=86750 loss=-0.0037 reverse_nll=0.0000 ESS=0.999 batch_outcomes=256 batch_topologies=256 seen=17299838
step=86775 loss=-0.0071 reverse_nll=0.0000 ESS=0.999 batch_outcomes=256 batch_topologies=256 seen=17300273
step=86800 loss=-0.0022 reverse_nll=0.0000 ESS=0.999 batch_outcomes=256 batch_topologies=256 seen=17300693
step=86825 loss=-0.0063 reverse_nll=0.0000 ESS=0.999 batch_outcomes=256 batch_topologies=256 seen=17301141
step=86850 loss=0.0379 reverse_nll=0.0022 ESS=0.962 batch_outcomes=256 batch_topologies=256 seen=17301562
step=86875 loss=0.0063 reverse_nll=0.0006 ESS=0.991 batch_outcomes=256 batch_topologies=256 seen=17302037
step=86900 loss=-0.0116 reverse_nll=0.0002 ESS=0.999 batch_outcomes=256 batch_topologies=256 seen=17302458
step=86925 loss=-0.0050 reverse_nll=0.0001 ESS=0.999 batch_outcomes=256 batch_topologies=256 seen=17302880
step=86950 loss=-0.0005 reverse_nll=0.0002 ESS=0.995 batch_outcomes=256 batch_topologies=256 seen=17303258
step=86975 loss=-0.0055 reverse_nll=0.0135 ESS=0.999 batch_outcomes=256 batch_topologies=256 seen=17303632
step=87000 loss=-0.0051 reverse_nll=0.0000 ESS=0.999 batch_outcomes=256 batch_topologies=256 seen=17304066
step=87025 loss=-0.0033 reverse_nll=0.0000 ESS=0.999 batch_outcomes=256 batch_topologies=256 seen=17304466
step=87050 loss=-0.0045 reverse_nll=0.0000 ESS=0.999 batch_outcomes=256 batch_topologies=256 seen=17304845
step=87075 loss=-0.0059 reverse_nll=0.0000 ESS=0.999 batch_outcomes=256 batch_topologies=256 seen=17305200
step=87100 loss=-0.0038 reverse_nll=0.0000 ESS=0.999 batch_outcomes=256 batch_topologies=256 seen=17305529
step=87125 loss=-0.0011 reverse_nll=0.0000 ESS=0.999 batch_outcomes=256 batch_topologies=256 seen=17305901
step=87150 loss=-0.0018 reverse_nll=0.0000 ESS=0.999 batch_outcomes=256 batch_topologies=256 seen=17306277
step=87175 loss=-0.0008 reverse_nll=0.0000 ESS=0.999 batch_outcomes=256 batch_topologies=256 seen=17306645
step=87200 loss=0.0010 reverse_nll=0.0000 ESS=0.999 batch_outcomes=256 batch_topologies=256 seen=17306988
step=87225 loss=0.0003 reverse_nll=0.0000 ESS=0.999 batch_outcomes=256 batch_topologies=256 seen=17307303
step=87250 loss=-0.0007 reverse_nll=0.0000 ESS=0.999 batch_outcomes=256 batch_topologies=256 seen=17307662
step=87275 loss=0.0024 reverse_nll=0.0000 ESS=0.999 batch_outcomes=256 batch_topologies=256 seen=17307999
step=87300 loss=0.0004 reverse_nll=0.0000 ESS=0.999 batch_outcomes=256 batch_topologies=256 seen=17308344
step=87325 loss=-0.0013 reverse_nll=0.0000 ESS=0.999 batch_outcomes=256 batch_topologies=256 seen=17308662
step=87350 loss=0.0598 reverse_nll=0.0038 ESS=0.949 batch_outcomes=256 batch_topologies=256 seen=17309110
step=87375 loss=0.0044 reverse_nll=0.0016 ESS=0.985 batch_outcomes=256 batch_topologies=256 seen=17309777
step=87400 loss=-0.0141 reverse_nll=0.0000 ESS=0.999 batch_outcomes=256 batch_topologies=256 seen=17310316
step=87425 loss=-0.0093 reverse_nll=0.0000 ESS=0.999 batch_outcomes=256 batch_topologies=256 seen=17310716
step=87450 loss=-0.0087 reverse_nll=0.0000 ESS=0.999 batch_outcomes=256 batch_topologies=256 seen=17311096
step=87475 loss=-0.0074 reverse_nll=0.0000 ESS=0.999 batch_outcomes=256 batch_topologies=256 seen=17311423
step=87500 loss=-0.0037 reverse_nll=0.0000 ESS=0.999 batch_outcomes=256 batch_topologies=256 seen=17311746
step=87525 loss=-0.0051 reverse_nll=0.0000 ESS=0.999 batch_outcomes=256 batch_topologies=256 seen=17312076
step=87550 loss=-0.0018 reverse_nll=0.0000 ESS=0.999 batch_outcomes=256 batch_topologies=256 seen=17312391
step=87575 loss=-0.0006 reverse_nll=0.0000 ESS=0.999 batch_outcomes=256 batch_topologies=256 seen=17312707
step=87600 loss=0.0562 reverse_nll=0.0892 ESS=0.947 batch_outcomes=256 batch_topologies=256 seen=17313744
step=87625 loss=0.0258 reverse_nll=0.0003 ESS=0.973 batch_outcomes=256 batch_topologies=256 seen=17315445
step=87650 loss=-0.0086 reverse_nll=0.0007 ESS=0.997 batch_outcomes=256 batch_topologies=256 seen=17316869
step=87675 loss=-0.0125 reverse_nll=0.0000 ESS=0.999 batch_outcomes=256 batch_topologies=256 seen=17318117
step=87700 loss=-0.0116 reverse_nll=0.0000 ESS=0.999 batch_outcomes=256 batch_topologies=256 seen=17319149
step=87725 loss=-0.0038 reverse_nll=0.0000 ESS=0.999 batch_outcomes=256 batch_topologies=256 seen=17320008
step=87750 loss=-0.0038 reverse_nll=0.0000 ESS=0.999 batch_outcomes=256 batch_topologies=256 seen=17320849
step=87775 loss=-0.0052 reverse_nll=0.0000 ESS=0.999 batch_outcomes=256 batch_topologies=256 seen=17321558
step=87800 loss=-0.0033 reverse_nll=0.0000 ESS=0.999 batch_outcomes=256 batch_topologies=256 seen=17322205
step=87825 loss=-0.0034 reverse_nll=0.0000 ESS=0.999 batch_outcomes=256 batch_topologies=256 seen=17322756
step=87850 loss=-0.0028 reverse_nll=0.0000 ESS=0.999 batch_outcomes=256 batch_topologies=256 seen=17323273
step=87875 loss=0.0008 reverse_nll=0.3548 ESS=0.990 batch_outcomes=256 batch_topologies=256 seen=17323856
step=87900 loss=-0.0069 reverse_nll=0.0024 ESS=0.998 batch_outcomes=256 batch_topologies=256 seen=17324461
step=87925 loss=0.0110 reverse_nll=0.0059 ESS=0.980 batch_outcomes=256 batch_topologies=256 seen=17324980
step=87950 loss=-0.0061 reverse_nll=0.0000 ESS=0.999 batch_outcomes=256 batch_topologies=256 seen=17325501
step=87975 loss=-0.0069 reverse_nll=0.0000 ESS=0.999 batch_outcomes=256 batch_topologies=256 seen=17325991
step=88000 loss=-0.0024 reverse_nll=0.0003 ESS=0.996 batch_outcomes=256 batch_topologies=256 seen=17326421
step=88025 loss=-0.0047 reverse_nll=0.0000 ESS=0.999 batch_outcomes=256 batch_topologies=256 seen=17326900
step=88050 loss=0.0022 reverse_nll=0.0003 ESS=0.992 batch_outcomes=256 batch_topologies=256 seen=17327350
step=88075 loss=-0.0077 reverse_nll=0.0001 ESS=0.999 batch_outcomes=256 batch_topologies=256 seen=17327813
step=88100 loss=-0.0063 reverse_nll=0.0001 ESS=0.999 batch_outcomes=256 batch_topologies=256 seen=17328238
step=88125 loss=-0.0069 reverse_nll=0.0001 ESS=0.999 batch_outcomes=256 batch_topologies=256 seen=17328656
step=88150 loss=0.0040 reverse_nll=0.0001 ESS=0.993 batch_outcomes=256 batch_topologies=256 seen=17329032
step=88175 loss=-0.0042 reverse_nll=0.0000 ESS=0.999 batch_outcomes=256 batch_topologies=256 seen=17329438
step=88200 loss=-0.0007 reverse_nll=0.0000 ESS=0.999 batch_outcomes=256 batch_topologies=256 seen=17329816
step=88225 loss=-0.0046 reverse_nll=0.0000 ESS=0.999 batch_outcomes=256 batch_topologies=256 seen=17330205
step=88250 loss=-0.0056 reverse_nll=0.0000 ESS=0.999 batch_outcomes=256 batch_topologies=256 seen=17330585
step=88275 loss=0.0001 reverse_nll=0.0000 ESS=0.999 batch_outcomes=256 batch_topologies=256 seen=17330963
step=88300 loss=-0.0013 reverse_nll=0.0000 ESS=0.999 batch_outcomes=256 batch_topologies=256 seen=17331338
step=88325 loss=0.0009 reverse_nll=0.0000 ESS=0.999 batch_outcomes=256 batch_topologies=256 seen=17331663
step=88350 loss=-0.0014 reverse_nll=0.0000 ESS=0.999 batch_outcomes=256 batch_topologies=256 seen=17332015
step=88375 loss=0.0041 reverse_nll=0.0231 ESS=0.991 batch_outcomes=256 batch_topologies=256 seen=17332406
step=88400 loss=0.0046 reverse_nll=0.0006 ESS=0.990 batch_outcomes=256 batch_topologies=256 seen=17332894
step=88425 loss=-0.0079 reverse_nll=0.0002 ESS=0.999 batch_outcomes=256 batch_topologies=256 seen=17333353
step=88450 loss=-0.0053 reverse_nll=0.0000 ESS=0.997 batch_outcomes=256 batch_topologies=256 seen=17333780
step=88475 loss=-0.0096 reverse_nll=0.0001 ESS=0.999 batch_outcomes=256 batch_topologies=256 seen=17334206
step=88500 loss=-0.0081 reverse_nll=0.0001 ESS=0.999 batch_outcomes=256 batch_topologies=256 seen=17334600
step=88525 loss=-0.0052 reverse_nll=0.0000 ESS=0.999 batch_outcomes=256 batch_topologies=256 seen=17334958
step=88550 loss=0.0003 reverse_nll=0.0002 ESS=0.996 batch_outcomes=256 batch_topologies=256 seen=17335350
step=88575 loss=-0.0062 reverse_nll=0.0000 ESS=0.999 batch_outcomes=256 batch_topologies=256 seen=17335702
step=88600 loss=-0.0066 reverse_nll=0.0000 ESS=0.999 batch_outcomes=256 batch_topologies=256 seen=17336077
step=88625 loss=-0.0042 reverse_nll=0.0000 ESS=0.999 batch_outcomes=256 batch_topologies=256 seen=17336947
step=88650 loss=0.0002 reverse_nll=0.0000 ESS=0.999 batch_outcomes=256 batch_topologies=256 seen=17338824
step=88675 loss=-0.0014 reverse_nll=0.0000 ESS=0.999 batch_outcomes=256 batch_topologies=256 seen=17340237
step=88700 loss=-0.0031 reverse_nll=0.0000 ESS=0.999 batch_outcomes=256 batch_topologies=256 seen=17341323
step=88725 loss=0.0000 reverse_nll=0.0000 ESS=0.999 batch_outcomes=256 batch_topologies=256 seen=17342205
step=88750 loss=0.0338 reverse_nll=0.0600 ESS=0.962 batch_outcomes=256 batch_topologies=256 seen=17343034
step=88775 loss=0.0032 reverse_nll=0.0259 ESS=0.988 batch_outcomes=256 batch_topologies=256 seen=17343878
step=88800 loss=0.0069 reverse_nll=0.0333 ESS=0.983 batch_outcomes=256 batch_topologies=256 seen=17344619
step=88825 loss=-0.0125 reverse_nll=0.0001 ESS=0.999 batch_outcomes=256 batch_topologies=256 seen=17345278
step=88850 loss=-0.0100 reverse_nll=0.0000 ESS=0.999 batch_outcomes=256 batch_topologies=256 seen=17345953
step=88875 loss=-0.0055 reverse_nll=0.0000 ESS=0.999 batch_outcomes=256 batch_topologies=256 seen=17346548
step=88900 loss=-0.0048 reverse_nll=0.0000 ESS=0.999 batch_outcomes=256 batch_topologies=256 seen=17347123
step=88925 loss=-0.0082 reverse_nll=0.0000 ESS=0.999 batch_outcomes=256 batch_topologies=256 seen=17347686
step=88950 loss=-0.0014 reverse_nll=0.0000 ESS=0.999 batch_outcomes=256 batch_topologies=256 seen=17348175
step=88975 loss=-0.0025 reverse_nll=0.0000 ESS=0.999 batch_outcomes=256 batch_topologies=256 seen=17348661
step=89000 loss=-0.0038 reverse_nll=0.0004 ESS=0.996 batch_outcomes=256 batch_topologies=256 seen=17349208
step=89025 loss=-0.0104 reverse_nll=0.2854 ESS=0.995 batch_outcomes=256 batch_topologies=256 seen=17349752
step=89050 loss=-0.0108 reverse_nll=0.0000 ESS=0.999 batch_outcomes=256 batch_topologies=256 seen=17350323
step=89075 loss=-0.0002 reverse_nll=0.0001 ESS=0.992 batch_outcomes=256 batch_topologies=256 seen=17350772
step=89100 loss=-0.0049 reverse_nll=0.0004 ESS=0.997 batch_outcomes=256 batch_topologies=256 seen=17351221
step=89125 loss=-0.0034 reverse_nll=0.0002 ESS=0.996 batch_outcomes=256 batch_topologies=256 seen=17351685
step=89150 loss=-0.0055 reverse_nll=0.0002 ESS=0.999 batch_outcomes=256 batch_topologies=256 seen=17352142
step=89175 loss=-0.0046 reverse_nll=0.0000 ESS=0.999 batch_outcomes=256 batch_topologies=256 seen=17352548
step=89200 loss=-0.0069 reverse_nll=0.0000 ESS=0.999 batch_outcomes=256 batch_topologies=256 seen=17352968
step=89225 loss=-0.0032 reverse_nll=0.0000 ESS=0.999 batch_outcomes=256 batch_topologies=256 seen=17353352
step=89250 loss=-0.0026 reverse_nll=0.0000 ESS=0.999 batch_outcomes=256 batch_topologies=256 seen=17353691
step=89275 loss=-0.0030 reverse_nll=0.0000 ESS=0.999 batch_outcomes=256 batch_topologies=256 seen=17354056
step=89300 loss=-0.0065 reverse_nll=0.0144 ESS=0.999 batch_outcomes=256 batch_topologies=256 seen=17354458
step=89325 loss=-0.0072 reverse_nll=0.0002 ESS=0.999 batch_outcomes=256 batch_topologies=256 seen=17354926
step=89350 loss=-0.0054 reverse_nll=0.0000 ESS=0.999 batch_outcomes=256 batch_topologies=256 seen=17355372
step=89375 loss=-0.0107 reverse_nll=0.0000 ESS=0.999 batch_outcomes=256 batch_topologies=256 seen=17355806
step=89400 loss=-0.0067 reverse_nll=0.0000 ESS=0.999 batch_outcomes=256 batch_topologies=256 seen=17356217
step=89425 loss=-0.0043 reverse_nll=0.0000 ESS=0.999 batch_outcomes=256 batch_topologies=256 seen=17356544
step=89450 loss=-0.0045 reverse_nll=0.0000 ESS=0.999 batch_outcomes=256 batch_topologies=256 seen=17356886
step=89475 loss=0.0459 reverse_nll=0.0098 ESS=0.954 batch_outcomes=256 batch_topologies=256 seen=17357271
step=89500 loss=-0.0053 reverse_nll=0.0001 ESS=0.999 batch_outcomes=256 batch_topologies=256 seen=17357722
step=89525 loss=0.0016 reverse_nll=0.0002 ESS=0.995 batch_outcomes=256 batch_topologies=256 seen=17358168
step=89550 loss=0.0074 reverse_nll=0.0092 ESS=0.990 batch_outcomes=256 batch_topologies=256 seen=17358547
step=89575 loss=0.0046 reverse_nll=0.0000 ESS=0.988 batch_outcomes=256 batch_topologies=256 seen=17359023
step=89600 loss=-0.0073 reverse_nll=0.0001 ESS=0.999 batch_outcomes=256 batch_topologies=256 seen=17359429
step=89625 loss=-0.0042 reverse_nll=0.0000 ESS=0.999 batch_outcomes=256 batch_topologies=256 seen=17359808
step=89650 loss=-0.0061 reverse_nll=0.0001 ESS=0.999 batch_outcomes=256 batch_topologies=256 seen=17360160
step=89675 loss=-0.0043 reverse_nll=0.0000 ESS=0.999 batch_outcomes=256 batch_topologies=256 seen=17360504
step=89700 loss=-0.0053 reverse_nll=0.0001 ESS=0.999 batch_outcomes=256 batch_topologies=256 seen=17362408
step=89725 loss=-0.0046 reverse_nll=0.0001 ESS=0.999 batch_outcomes=256 batch_topologies=256 seen=17363707
step=89750 loss=-0.0014 reverse_nll=0.0058 ESS=0.997 batch_outcomes=256 batch_topologies=256 seen=17364767
step=89775 loss=-0.0075 reverse_nll=0.0000 ESS=0.999 batch_outcomes=256 batch_topologies=256 seen=17365711
step=89800 loss=-0.0055 reverse_nll=0.0000 ESS=0.999 batch_outcomes=256 batch_topologies=256 seen=17366549
step=89825 loss=-0.0038 reverse_nll=0.0000 ESS=0.999 batch_outcomes=256 batch_topologies=256 seen=17367237
step=89850 loss=-0.0005 reverse_nll=0.0000 ESS=0.999 batch_outcomes=256 batch_topologies=256 seen=17367889
step=89875 loss=-0.0009 reverse_nll=0.0000 ESS=0.999 batch_outcomes=256 batch_topologies=256 seen=17368487
step=89900 loss=-0.0010 reverse_nll=0.0000 ESS=0.999 batch_outcomes=256 batch_topologies=256 seen=17369020
step=89925 loss=-0.0014 reverse_nll=0.0000 ESS=0.999 batch_outcomes=256 batch_topologies=256 seen=17369502
step=89950 loss=-0.0017 reverse_nll=0.0000 ESS=0.999 batch_outcomes=256 batch_topologies=256 seen=17369926
step=89975 loss=-0.0011 reverse_nll=0.0000 ESS=0.999 batch_outcomes=256 batch_topologies=256 seen=17370358
step=90000 loss=0.0433 reverse_nll=0.0495 ESS=0.956 batch_outcomes=256 batch_topologies=256 seen=17370863
step=90025 loss=-0.0022 reverse_nll=0.0179 ESS=0.993 batch_outcomes=256 batch_topologies=256 seen=17371473
step=90050 loss=0.0004 reverse_nll=0.0002 ESS=0.988 batch_outcomes=256 batch_topologies=256 seen=17371970
step=90075 loss=-0.0151 reverse_nll=0.0000 ESS=0.999 batch_outcomes=256 batch_topologies=256 seen=17372585
step=90100 loss=-0.0131 reverse_nll=0.0000 ESS=0.999 batch_outcomes=256 batch_topologies=256 seen=17373080
step=90125 loss=-0.0129 reverse_nll=0.0000 ESS=0.999 batch_outcomes=256 batch_topologies=256 seen=17373503
step=90150 loss=-0.0073 reverse_nll=0.0000 ESS=0.999 batch_outcomes=256 batch_topologies=256 seen=17373882
step=90175 loss=-0.0058 reverse_nll=0.0000 ESS=0.999 batch_outcomes=256 batch_topologies=256 seen=17374253
step=90200 loss=-0.0051 reverse_nll=0.0000 ESS=0.999 batch_outcomes=256 batch_topologies=256 seen=17374628
step=90225 loss=-0.0012 reverse_nll=0.0000 ESS=0.999 batch_outcomes=256 batch_topologies=256 seen=17374962
step=90250 loss=-0.0014 reverse_nll=0.0000 ESS=0.999 batch_outcomes=256 batch_topologies=256 seen=17375351
step=90275 loss=-0.0023 reverse_nll=0.0000 ESS=0.999 batch_outcomes=256 batch_topologies=256 seen=17375702
step=90300 loss=-0.0021 reverse_nll=0.0000 ESS=0.999 batch_outcomes=256 batch_topologies=256 seen=17376041
step=90325 loss=-0.0027 reverse_nll=0.0000 ESS=0.999 batch_outcomes=256 batch_topologies=256 seen=17376417
step=90350 loss=-0.0011 reverse_nll=0.0000 ESS=0.999 batch_outcomes=256 batch_topologies=256 seen=17376746
step=90375 loss=-0.0009 reverse_nll=0.0000 ESS=0.999 batch_outcomes=256 batch_topologies=256 seen=17377089
step=90400 loss=0.0114 reverse_nll=0.0811 ESS=0.994 batch_outcomes=256 batch_topologies=256 seen=17377387
step=90425 loss=0.0062 reverse_nll=0.0035 ESS=0.987 batch_outcomes=256 batch_topologies=256 seen=17377937
step=90450 loss=-0.0015 reverse_nll=0.0010 ESS=0.989 batch_outcomes=256 batch_topologies=256 seen=17378494
step=90475 loss=-0.0088 reverse_nll=0.0001 ESS=0.992 batch_outcomes=256 batch_topologies=256 seen=17378968
step=90500 loss=-0.0060 reverse_nll=0.0001 ESS=0.999 batch_outcomes=256 batch_topologies=256 seen=17379370
step=90525 loss=-0.0054 reverse_nll=0.0002 ESS=0.999 batch_outcomes=256 batch_topologies=256 seen=17380318
step=90550 loss=-0.0084 reverse_nll=0.0008 ESS=0.999 batch_outcomes=256 batch_topologies=256 seen=17381518
step=90575 loss=-0.0080 reverse_nll=0.0004 ESS=0.997 batch_outcomes=256 batch_topologies=256 seen=17382463
step=90600 loss=0.0102 reverse_nll=0.0009 ESS=0.984 batch_outcomes=256 batch_topologies=256 seen=17383243
step=90625 loss=-0.0049 reverse_nll=0.0001 ESS=0.995 batch_outcomes=256 batch_topologies=256 seen=17383968
step=90650 loss=-0.0060 reverse_nll=0.0000 ESS=0.999 batch_outcomes=256 batch_topologies=256 seen=17384611
step=90675 loss=-0.0061 reverse_nll=0.0000 ESS=0.999 batch_outcomes=256 batch_topologies=256 seen=17385168
step=90700 loss=-0.0035 reverse_nll=0.0000 ESS=0.999 batch_outcomes=256 batch_topologies=256 seen=17385742
step=90725 loss=-0.0042 reverse_nll=0.0000 ESS=0.999 batch_outcomes=256 batch_topologies=256 seen=17386301
step=90750 loss=-0.0025 reverse_nll=0.0000 ESS=0.999 batch_outcomes=256 batch_topologies=256 seen=17386764
step=90775 loss=-0.0022 reverse_nll=0.0000 ESS=0.999 batch_outcomes=256 batch_topologies=256 seen=17387233
step=90800 loss=-0.0029 reverse_nll=0.0000 ESS=0.999 batch_outcomes=256 batch_topologies=256 seen=17387596
step=90825 loss=0.0029 reverse_nll=0.0004 ESS=0.995 batch_outcomes=256 batch_topologies=256 seen=17388038
step=90850 loss=0.0020 reverse_nll=0.0059 ESS=0.993 batch_outcomes=256 batch_topologies=256 seen=17388516
step=90875 loss=-0.0088 reverse_nll=0.0247 ESS=0.997 batch_outcomes=256 batch_topologies=256 seen=17389017
step=90900 loss=-0.0102 reverse_nll=0.0001 ESS=0.999 batch_outcomes=256 batch_topologies=256 seen=17389474
step=90925 loss=-0.0025 reverse_nll=0.0001 ESS=0.996 batch_outcomes=256 batch_topologies=256 seen=17389869
step=90950 loss=-0.0063 reverse_nll=0.0001 ESS=0.998 batch_outcomes=256 batch_topologies=256 seen=17390250
step=90975 loss=-0.0022 reverse_nll=0.0000 ESS=0.995 batch_outcomes=256 batch_topologies=256 seen=17390621
step=91000 loss=-0.0079 reverse_nll=0.0000 ESS=0.999 batch_outcomes=256 batch_topologies=256 seen=17390998
step=91025 loss=-0.0062 reverse_nll=0.0000 ESS=0.999 batch_outcomes=256 batch_topologies=256 seen=17391345
step=91050 loss=-0.0024 reverse_nll=0.0000 ESS=0.999 batch_outcomes=256 batch_topologies=256 seen=17391665
step=91075 loss=0.0048 reverse_nll=0.0003 ESS=0.995 batch_outcomes=256 batch_topologies=256 seen=17392003
step=91100 loss=-0.0060 reverse_nll=0.0001 ESS=0.999 batch_outcomes=256 batch_topologies=256 seen=17392403
step=91125 loss=0.0161 reverse_nll=0.0014 ESS=0.982 batch_outcomes=256 batch_topologies=256 seen=17392789
step=91150 loss=0.0042 reverse_nll=0.0058 ESS=0.988 batch_outcomes=256 batch_topologies=256 seen=17393157
step=91175 loss=-0.0084 reverse_nll=0.0000 ESS=0.999 batch_outcomes=256 batch_topologies=256 seen=17393566
step=91200 loss=-0.0047 reverse_nll=0.0000 ESS=0.999 batch_outcomes=256 batch_topologies=256 seen=17393930
step=91225 loss=0.0077 reverse_nll=0.0001 ESS=0.992 batch_outcomes=256 batch_topologies=256 seen=17394275
step=91250 loss=0.0047 reverse_nll=0.0001 ESS=0.991 batch_outcomes=256 batch_topologies=256 seen=17394635
step=91275 loss=-0.0067 reverse_nll=0.0000 ESS=0.999 batch_outcomes=256 batch_topologies=256 seen=17395042
step=91300 loss=-0.0025 reverse_nll=0.0000 ESS=0.999 batch_outcomes=256 batch_topologies=256 seen=17395402
step=91325 loss=-0.0020 reverse_nll=0.0000 ESS=0.999 batch_outcomes=256 batch_topologies=256 seen=17395748
step=91350 loss=-0.0048 reverse_nll=0.0000 ESS=0.999 batch_outcomes=256 batch_topologies=256 seen=17396352
step=91375 loss=-0.0014 reverse_nll=0.0000 ESS=0.999 batch_outcomes=256 batch_topologies=256 seen=17397603
step=91400 loss=0.0006 reverse_nll=0.0019 ESS=0.994 batch_outcomes=256 batch_topologies=256 seen=17398623
step=91425 loss=0.0050 reverse_nll=0.0009 ESS=0.994 batch_outcomes=256 batch_topologies=256 seen=17399499
step=91450 loss=0.0048 reverse_nll=0.0000 ESS=0.987 batch_outcomes=256 batch_topologies=256 seen=17400201
step=91475 loss=-0.0035 reverse_nll=0.0000 ESS=0.999 batch_outcomes=256 batch_topologies=256 seen=17400840
step=91500 loss=-0.0045 reverse_nll=0.0000 ESS=0.999 batch_outcomes=256 batch_topologies=256 seen=17401421
step=91525 loss=-0.0021 reverse_nll=0.0000 ESS=0.999 batch_outcomes=256 batch_topologies=256 seen=17402009
step=91550 loss=0.0120 reverse_nll=0.0008 ESS=0.990 batch_outcomes=256 batch_topologies=256 seen=17402666
step=91575 loss=-0.0047 reverse_nll=0.0000 ESS=0.999 batch_outcomes=256 batch_topologies=256 seen=17403321
step=91600 loss=-0.0041 reverse_nll=0.0000 ESS=0.999 batch_outcomes=256 batch_topologies=256 seen=17403786
step=91625 loss=-0.0054 reverse_nll=0.0000 ESS=0.999 batch_outcomes=256 batch_topologies=256 seen=17404185
step=91650 loss=-0.0058 reverse_nll=0.0000 ESS=0.999 batch_outcomes=256 batch_topologies=256 seen=17404587
step=91675 loss=-0.0011 reverse_nll=0.0000 ESS=0.999 batch_outcomes=256 batch_topologies=256 seen=17404953
step=91700 loss=-0.0005 reverse_nll=0.0000 ESS=0.999 batch_outcomes=256 batch_topologies=256 seen=17405278
step=91725 loss=0.0013 reverse_nll=0.0980 ESS=0.995 batch_outcomes=256 batch_topologies=256 seen=17405645
step=91750 loss=0.0448 reverse_nll=0.0779 ESS=0.958 batch_outcomes=256 batch_topologies=256 seen=17406108
step=91775 loss=-0.0055 reverse_nll=0.0023 ESS=0.995 batch_outcomes=256 batch_topologies=256 seen=17406628
step=91800 loss=-0.0025 reverse_nll=0.0000 ESS=0.997 batch_outcomes=256 batch_topologies=256 seen=17407084
step=91825 loss=-0.0080 reverse_nll=0.0000 ESS=0.999 batch_outcomes=256 batch_topologies=256 seen=17407459
step=91850 loss=-0.0064 reverse_nll=0.0000 ESS=0.999 batch_outcomes=256 batch_topologies=256 seen=17407776
step=91875 loss=-0.0037 reverse_nll=0.0000 ESS=0.999 batch_outcomes=256 batch_topologies=256 seen=17408112
step=91900 loss=-0.0037 reverse_nll=0.0000 ESS=0.999 batch_outcomes=256 batch_topologies=256 seen=17408428
step=91925 loss=-0.0044 reverse_nll=0.0000 ESS=0.999 batch_outcomes=256 batch_topologies=256 seen=17408746
step=91950 loss=-0.0035 reverse_nll=0.0000 ESS=0.999 batch_outcomes=256 batch_topologies=256 seen=17409035
step=91975 loss=-0.0018 reverse_nll=0.0000 ESS=0.999 batch_outcomes=256 batch_topologies=256 seen=17409390
Traceback (most recent call last):
  File "/usr/lib/python3.10/runpy.py", line 196, in _run_module_as_main
    return _run_code(code, main_globals, None,
  File "/usr/lib/python3.10/runpy.py", line 86, in _run_code
    exec(code, run_globals)
  File "/home/armaan/phylogfn/learned_reverse_ips/train.py", line 28, in <module>
    main()
  File "/home/armaan/phylogfn/learned_reverse_ips/train.py", line 24, in main
    run_experiment(exp_cfg)
  File "/home/armaan/phylogfn/learned_reverse_ips/runner.py", line 395, in run_experiment
    final_logger.on_step(
  File "/home/armaan/phylogfn/final/logging/run_logger.py", line 114, in on_step
    self._schedule_eval_note(gs)
  File "/home/armaan/phylogfn/final/logging/run_logger.py", line 118, in _schedule_eval_note
    marker.write_text(json.dumps({"global_step": global_step}) + "\n")
  File "/usr/lib/python3.10/pathlib.py", line 1154, in write_text
    with self.open(mode='w', encoding=encoding, errors=errors, newline=newline) as f:
  File "/usr/lib/python3.10/pathlib.py", line 1119, in open
    return self._accessor.open(self, mode, buffering, encoding, errors,
FileNotFoundError: [Errno 2] No such file or directory: '/home/armaan/phylogfn/final/runs/27taxa_noreplay_b4096_seed0/learned_reverse/20260825_191559_learned_reverse_27taxa_noreplay_b4096_seed0_learned_reverse_ips_grpo/eval_dumps/eval_step_092000.pending'
Traceback (most recent call last):
  File "/usr/lib/python3.10/runpy.py", line 196, in _run_module_as_main
    return _run_code(code, main_globals, None,
  File "/usr/lib/python3.10/runpy.py", line 86, in _run_code
    exec(code, run_globals)
  File "/home/armaan/phylogfn/final/__main__.py", line 85, in <module>
    main()
  File "/home/armaan/phylogfn/final/__main__.py", line 35, in main
    pipeline_main(argv)
  File "/home/armaan/phylogfn/final/pipeline.py", line 318, in main
    manifest = run_pipeline(
  File "/home/armaan/phylogfn/final/pipeline.py", line 144, in run_pipeline
    run_command(train_spec, log_file=log_file)
  File "/home/armaan/phylogfn/final/run_utils.py", line 71, in run_command
    subprocess.run(spec.argv, cwd=spec.cwd, env=spec.env, check=True)
  File "/usr/lib/python3.10/subprocess.py", line 526, in run
    raise CalledProcessError(retcode, process.args,
subprocess.CalledProcessError: Command '['/home/armaan/phylogfn/.venv/bin/python', '-u', '-m', 'learned_reverse_ips.train', '--run-name', 'learned_reverse_27taxa_noreplay_b4096_seed0', '--cfg', 'src/configs/benchmark_dna_cfgs/discrete_branch_lengths/cfg_0.001binsize_50bins_temperature_anneal_0.4_27taxa_shift12000.yaml', '--dataset', 'dataset/benchmark_datasets/DS1.pickle', '--output', 'final/runs/27taxa_noreplay_b4096_seed0/learned_reverse', '--seed', '0', '--epochs', '25000', '--steps-per-epoch', '1', '--on-policy-batch-size', '1024', '--replay-batch-size', '0', '--replay-buffer-size', '512', '--checkpoint-every', '1000', '--full-model', '--outcome-level', 'signature', '--advantage-reward-mode', 'log_reward', '--grpo-lr', '1e-4', '--grpo-entropy-coef', '0.0', '--grpo-num-iterations', '1', '--rollout-chunk-size', '1024', '--print-every', '25', '--disable-replay', '--reward-target', 'shifted_linear', '--reverse-lr', '0.001', '--reverse-train-epochs', '8', '--reverse-hidden-size', '256', '--reverse-num-layers', '3', '--skip-post-train', '--reverse-policy', 'mlp', '--resume-from', 'final/runs/27taxa_noreplay_b4096_seed0/learned_reverse/20260825_191559_learned_reverse_27taxa_noreplay_b4096_seed0_learned_reverse_ips_grpo', '--mini-batch-splits', '4']' returned non-zero exit status 1.
[final] running: /home/armaan/phylogfn/.venv/bin/python -u -m learned_reverse_ips.train --run-name learned_reverse_27taxa_noreplay_b4096_seed0 --cfg src/configs/benchmark_dna_cfgs/discrete_branch_lengths/cfg_0.001binsize_50bins_temperature_anneal_0.4_27taxa_shift12000.yaml --dataset dataset/benchmark_datasets/DS1.pickle --output final/runs/27taxa_noreplay_b4096_seed0/learned_reverse --seed 0 --epochs 25000 --steps-per-epoch 1 --on-policy-batch-size 1024 --replay-batch-size 0 --replay-buffer-size 512 --checkpoint-every 1000 --full-model --outcome-level signature --advantage-reward-mode log_reward --grpo-lr 1e-4 --grpo-entropy-coef 0.0 --grpo-num-iterations 1 --rollout-chunk-size 1024 --print-every 25 --disable-replay --reward-target shifted_linear --reverse-lr 0.001 --reverse-train-epochs 8 --reverse-hidden-size 256 --reverse-num-layers 3 --skip-post-train --reverse-policy mlp --resume-from final/runs/27taxa_noreplay_b4096_seed0/learned_reverse/20260825_191559_learned_reverse_27taxa_noreplay_b4096_seed0_learned_reverse_ips_grpo --mini-batch-splits 4
cpu_threads=2
/home/armaan/phylogfn/src/gfn/tb_gfn_phylo.py:126: FutureWarning: `torch.cuda.amp.GradScaler(args...)` is deprecated. Please use `torch.amp.GradScaler('cuda', args...)` instead.
  self.scaler = torch.cuda.amp.GradScaler()
resuming from checkpoint_epoch22999.pt: global_step=92000 mode=on_policy
  continue epochs [23000, 25000)
restored learned-reverse state from learned_reverse_epoch22999.pt
run_dir=/home/armaan/phylogfn/final/runs/27taxa_noreplay_b4096_seed0/learned_reverse/20260825_191559_learned_reverse_27taxa_noreplay_b4096_seed0_learned_reverse_ips_grpo
method=learned_reverse_ips_grpo device=cuda:0 reverse_policy_type=mlp outcome_level=signature reward_target=shifted_linear full_model=True G_on=1024 G_replay=0 G_total=1024 replay_buffer=0
weight=R(x)*q_phi(tau|x)/P_F(tau); reverse update happens after PPO
step=92000 loss=0.0035 reverse_nll=0.9276 ESS=0.995 batch_outcomes=256 batch_topologies=256 seen=17409686
step=92025 loss=0.0030 reverse_nll=0.0789 ESS=0.988 batch_outcomes=256 batch_topologies=256 seen=17410174
step=92050 loss=-0.0114 reverse_nll=0.0001 ESS=0.999 batch_outcomes=256 batch_topologies=256 seen=17410665
step=92075 loss=-0.0124 reverse_nll=0.0004 ESS=0.999 batch_outcomes=256 batch_topologies=256 seen=17411115
step=92100 loss=-0.0114 reverse_nll=0.0000 ESS=0.999 batch_outcomes=256 batch_topologies=256 seen=17411519
step=92125 loss=-0.0103 reverse_nll=0.0000 ESS=0.999 batch_outcomes=256 batch_topologies=256 seen=17411839
step=92150 loss=-0.0071 reverse_nll=0.0000 ESS=0.999 batch_outcomes=256 batch_topologies=256 seen=17412079
step=92175 loss=-0.0061 reverse_nll=0.0000 ESS=0.999 batch_outcomes=256 batch_topologies=256 seen=17412277
step=92200 loss=-0.0031 reverse_nll=0.0000 ESS=0.999 batch_outcomes=256 batch_topologies=256 seen=17412481
