[final] running: /home/armaan/phylogfn/.venv/bin/python -u -m learned_reverse_ips.train --run-name learned_reverse_27taxa_noreplay_b4096_seed1 --cfg src/configs/benchmark_dna_cfgs/discrete_branch_lengths/cfg_0.001binsize_50bins_temperature_anneal_0.4_27taxa_shift12000.yaml --dataset dataset/benchmark_datasets/DS1.pickle --output final/runs/27taxa_noreplay_b4096_seed1/learned_reverse --seed 1 --epochs 25000 --steps-per-epoch 1 --on-policy-batch-size 1024 --replay-batch-size 0 --replay-buffer-size 512 --checkpoint-every 1000 --full-model --outcome-level signature --advantage-reward-mode log_reward --grpo-lr 1e-4 --grpo-entropy-coef 0.0 --grpo-num-iterations 1 --rollout-chunk-size 1024 --print-every 25 --disable-replay --reward-target shifted_linear --reverse-lr 0.001 --reverse-train-epochs 8 --reverse-hidden-size 256 --reverse-num-layers 3 --skip-post-train --reverse-policy mlp --resume-from /home/armaan/phylogfn/final/runs/27taxa_noreplay_b4096_seed1/learned_reverse/20260825_210645_learned_reverse_27taxa_noreplay_b4096_seed1_learned_reverse_ips_grpo --mini-batch-splits 4
cpu_threads=2
/home/armaan/phylogfn/src/gfn/tb_gfn_phylo.py:126: FutureWarning: `torch.cuda.amp.GradScaler(args...)` is deprecated. Please use `torch.amp.GradScaler('cuda', args...)` instead.
  self.scaler = torch.cuda.amp.GradScaler()
warning: removing 2484 metrics records newer than committed checkpoint checkpoint_epoch15999.pt
resuming from checkpoint_epoch15999.pt: global_step=64000 mode=on_policy
  continue epochs [16000, 25000)
restored learned-reverse state from learned_reverse_epoch15999.pt
run_dir=/home/armaan/phylogfn/final/runs/27taxa_noreplay_b4096_seed1/learned_reverse/20260825_210645_learned_reverse_27taxa_noreplay_b4096_seed1_learned_reverse_ips_grpo
method=learned_reverse_ips_grpo device=cuda:0 reverse_policy_type=mlp outcome_level=signature reward_target=shifted_linear full_model=True G_on=1024 G_replay=0 G_total=1024 replay_buffer=0
weight=R(x)*q_phi(tau|x)/P_F(tau); reverse update happens after PPO
step=64000 loss=-0.0342 reverse_nll=0.0003 ESS=0.998 batch_outcomes=256 batch_topologies=256 seen=16384256
step=64025 loss=-0.0236 reverse_nll=0.0006 ESS=0.998 batch_outcomes=256 batch_topologies=256 seen=16390656
step=64050 loss=-0.0262 reverse_nll=0.0001 ESS=0.999 batch_outcomes=256 batch_topologies=256 seen=16397056
step=64075 loss=-0.0200 reverse_nll=0.0000 ESS=0.999 batch_outcomes=256 batch_topologies=256 seen=16403456
step=64100 loss=-0.0089 reverse_nll=0.0000 ESS=0.999 batch_outcomes=256 batch_topologies=256 seen=16409856
step=64125 loss=-0.0105 reverse_nll=0.0000 ESS=0.999 batch_outcomes=256 batch_topologies=256 seen=16416256
step=64150 loss=-0.0116 reverse_nll=0.0000 ESS=0.999 batch_outcomes=256 batch_topologies=256 seen=16422656
step=64175 loss=-0.0074 reverse_nll=0.0000 ESS=0.999 batch_outcomes=256 batch_topologies=256 seen=16429056
step=64200 loss=-0.0046 reverse_nll=0.0000 ESS=0.999 batch_outcomes=256 batch_topologies=256 seen=16435456
step=64225 loss=-0.0039 reverse_nll=0.0000 ESS=0.999 batch_outcomes=256 batch_topologies=256 seen=16441856
step=64250 loss=-0.0029 reverse_nll=0.0000 ESS=0.999 batch_outcomes=256 batch_topologies=256 seen=16448256
step=64275 loss=-0.0032 reverse_nll=0.0000 ESS=0.999 batch_outcomes=256 batch_topologies=256 seen=16454656
step=64300 loss=-0.0005 reverse_nll=0.0000 ESS=0.999 batch_outcomes=256 batch_topologies=256 seen=16461056
step=64325 loss=0.0031 reverse_nll=0.0000 ESS=0.999 batch_outcomes=256 batch_topologies=256 seen=16467456
step=64350 loss=-0.0018 reverse_nll=0.0000 ESS=0.999 batch_outcomes=256 batch_topologies=256 seen=16473856
step=64375 loss=-0.0038 reverse_nll=0.0000 ESS=0.999 batch_outcomes=256 batch_topologies=256 seen=16480256
step=64400 loss=0.0002 reverse_nll=0.0001 ESS=0.999 batch_outcomes=256 batch_topologies=256 seen=16486656
step=64425 loss=-0.0013 reverse_nll=0.0001 ESS=0.999 batch_outcomes=256 batch_topologies=256 seen=16493056
step=64450 loss=-0.0006 reverse_nll=0.0001 ESS=0.999 batch_outcomes=256 batch_topologies=256 seen=16499456
step=64475 loss=-0.0033 reverse_nll=0.0001 ESS=0.999 batch_outcomes=256 batch_topologies=256 seen=16505856
step=64500 loss=-0.0003 reverse_nll=0.0001 ESS=0.999 batch_outcomes=256 batch_topologies=256 seen=16512256
step=64525 loss=0.0005 reverse_nll=0.0001 ESS=0.999 batch_outcomes=256 batch_topologies=256 seen=16518656
step=64550 loss=0.0385 reverse_nll=0.7922 ESS=0.953 batch_outcomes=256 batch_topologies=256 seen=16525056
step=64575 loss=-0.0234 reverse_nll=0.0084 ESS=0.987 batch_outcomes=256 batch_topologies=256 seen=16531456
step=64600 loss=0.0323 reverse_nll=0.0012 ESS=0.942 batch_outcomes=256 batch_topologies=256 seen=16537856
step=64625 loss=-0.0411 reverse_nll=0.0012 ESS=0.996 batch_outcomes=256 batch_topologies=256 seen=16544256
step=64650 loss=-0.0441 reverse_nll=0.0002 ESS=0.999 batch_outcomes=256 batch_topologies=256 seen=16550656
step=64675 loss=-0.0235 reverse_nll=0.0050 ESS=0.995 batch_outcomes=256 batch_topologies=256 seen=16557056
step=64700 loss=-0.0057 reverse_nll=0.0012 ESS=0.989 batch_outcomes=256 batch_topologies=256 seen=16563456
step=64725 loss=-0.0222 reverse_nll=0.0001 ESS=0.999 batch_outcomes=256 batch_topologies=256 seen=16569856
step=64750 loss=-0.0206 reverse_nll=0.0000 ESS=0.999 batch_outcomes=256 batch_topologies=256 seen=16576256
step=64775 loss=-0.0146 reverse_nll=0.0000 ESS=0.999 batch_outcomes=256 batch_topologies=256 seen=16582656
step=64800 loss=-0.0120 reverse_nll=0.0000 ESS=0.999 batch_outcomes=256 batch_topologies=256 seen=16589056
step=64825 loss=-0.0092 reverse_nll=0.0000 ESS=0.999 batch_outcomes=256 batch_topologies=256 seen=16595456
step=64850 loss=0.0063 reverse_nll=0.1653 ESS=0.993 batch_outcomes=256 batch_topologies=256 seen=16601855
step=64875 loss=0.0515 reverse_nll=0.0874 ESS=0.954 batch_outcomes=256 batch_topologies=256 seen=16608254
step=64900 loss=-0.0021 reverse_nll=0.0039 ESS=0.992 batch_outcomes=256 batch_topologies=256 seen=16614654
step=64925 loss=-0.0049 reverse_nll=0.0016 ESS=0.992 batch_outcomes=256 batch_topologies=256 seen=16621054
step=64950 loss=-0.0007 reverse_nll=0.0070 ESS=0.988 batch_outcomes=256 batch_topologies=256 seen=16627453
step=64975 loss=-0.0123 reverse_nll=0.0000 ESS=0.999 batch_outcomes=256 batch_topologies=256 seen=16633852
step=65000 loss=-0.0110 reverse_nll=0.0000 ESS=0.999 batch_outcomes=256 batch_topologies=256 seen=16640252
step=65025 loss=-0.0095 reverse_nll=0.0000 ESS=0.999 batch_outcomes=256 batch_topologies=256 seen=16646652
step=65050 loss=-0.0047 reverse_nll=0.0000 ESS=0.999 batch_outcomes=256 batch_topologies=256 seen=16653050
step=65075 loss=-0.0052 reverse_nll=0.0000 ESS=0.999 batch_outcomes=256 batch_topologies=256 seen=16659450
step=65100 loss=-0.0068 reverse_nll=0.0000 ESS=0.999 batch_outcomes=256 batch_topologies=256 seen=16665848
step=65125 loss=-0.0045 reverse_nll=0.0000 ESS=0.999 batch_outcomes=256 batch_topologies=256 seen=16672248
step=65150 loss=-0.0020 reverse_nll=0.0000 ESS=0.999 batch_outcomes=256 batch_topologies=256 seen=16678648
step=65175 loss=-0.0021 reverse_nll=0.0000 ESS=0.999 batch_outcomes=256 batch_topologies=256 seen=16685047
step=65200 loss=0.0013 reverse_nll=0.0000 ESS=0.999 batch_outcomes=256 batch_topologies=256 seen=16691446
step=65225 loss=-0.0006 reverse_nll=0.0000 ESS=0.999 batch_outcomes=256 batch_topologies=256 seen=16697842
step=65250 loss=0.0002 reverse_nll=0.0000 ESS=0.999 batch_outcomes=256 batch_topologies=256 seen=16704239
step=65275 loss=0.0004 reverse_nll=0.0000 ESS=0.999 batch_outcomes=256 batch_topologies=256 seen=16710635
step=65300 loss=0.0021 reverse_nll=0.0001 ESS=0.999 batch_outcomes=256 batch_topologies=256 seen=16717030
step=65325 loss=-0.0021 reverse_nll=0.0000 ESS=0.999 batch_outcomes=256 batch_topologies=256 seen=16723420
step=65350 loss=-0.0019 reverse_nll=0.0001 ESS=0.999 batch_outcomes=256 batch_topologies=256 seen=16729810
step=65375 loss=0.0009 reverse_nll=0.0000 ESS=0.999 batch_outcomes=256 batch_topologies=256 seen=16736205
step=65400 loss=0.0022 reverse_nll=0.0001 ESS=0.999 batch_outcomes=256 batch_topologies=256 seen=16742602
step=65425 loss=-0.0005 reverse_nll=0.0000 ESS=0.999 batch_outcomes=256 batch_topologies=256 seen=16748995
step=65450 loss=0.0012 reverse_nll=0.0001 ESS=0.999 batch_outcomes=256 batch_topologies=256 seen=16755391
step=65475 loss=-0.0014 reverse_nll=0.0001 ESS=0.999 batch_outcomes=256 batch_topologies=256 seen=16761787
step=65500 loss=0.0020 reverse_nll=0.0001 ESS=0.999 batch_outcomes=256 batch_topologies=256 seen=16768173
step=65525 loss=-0.0004 reverse_nll=0.0001 ESS=0.999 batch_outcomes=256 batch_topologies=256 seen=16774566
step=65550 loss=0.5820 reverse_nll=0.1213 ESS=0.438 batch_outcomes=256 batch_topologies=256 seen=16780955
step=65575 loss=-0.0478 reverse_nll=0.1525 ESS=0.983 batch_outcomes=256 batch_topologies=256 seen=16787346
step=65600 loss=-0.0418 reverse_nll=0.0952 ESS=0.976 batch_outcomes=256 batch_topologies=256 seen=16793731
step=65625 loss=-0.0479 reverse_nll=0.0028 ESS=0.988 batch_outcomes=256 batch_topologies=256 seen=16800123
step=65650 loss=-0.0246 reverse_nll=0.0096 ESS=0.972 batch_outcomes=256 batch_topologies=256 seen=16806513
step=65675 loss=-0.0352 reverse_nll=0.0446 ESS=0.995 batch_outcomes=256 batch_topologies=256 seen=16812895
step=65700 loss=-0.0370 reverse_nll=0.0001 ESS=0.999 batch_outcomes=256 batch_topologies=256 seen=16819282
step=65725 loss=-0.0238 reverse_nll=0.0002 ESS=0.998 batch_outcomes=256 batch_topologies=256 seen=16825665
step=65750 loss=0.0188 reverse_nll=0.0003 ESS=0.971 batch_outcomes=256 batch_topologies=256 seen=16832046
step=65775 loss=-0.0165 reverse_nll=0.0018 ESS=0.997 batch_outcomes=256 batch_topologies=256 seen=16838424
step=65800 loss=0.0038 reverse_nll=0.0066 ESS=0.985 batch_outcomes=256 batch_topologies=256 seen=16844808
step=65825 loss=-0.0096 reverse_nll=0.0019 ESS=0.995 batch_outcomes=256 batch_topologies=256 seen=16851187
step=65850 loss=-0.0098 reverse_nll=0.0095 ESS=0.996 batch_outcomes=256 batch_topologies=256 seen=16857561
step=65875 loss=-0.0112 reverse_nll=0.0007 ESS=0.995 batch_outcomes=256 batch_topologies=256 seen=16863933
step=65900 loss=-0.0084 reverse_nll=0.0000 ESS=0.999 batch_outcomes=256 batch_topologies=256 seen=16870304
step=65925 loss=-0.0090 reverse_nll=0.0000 ESS=0.999 batch_outcomes=256 batch_topologies=256 seen=16876682
step=65950 loss=-0.0075 reverse_nll=0.0000 ESS=0.999 batch_outcomes=256 batch_topologies=256 seen=16883039
step=65975 loss=-0.0050 reverse_nll=0.0000 ESS=0.999 batch_outcomes=256 batch_topologies=256 seen=16889395
step=66000 loss=-0.0031 reverse_nll=0.0000 ESS=0.999 batch_outcomes=256 batch_topologies=256 seen=16895744
step=66025 loss=-0.0043 reverse_nll=0.0000 ESS=0.999 batch_outcomes=256 batch_topologies=256 seen=16902092
step=66050 loss=-0.0003 reverse_nll=0.0000 ESS=0.999 batch_outcomes=256 batch_topologies=256 seen=16908429
step=66075 loss=-0.0033 reverse_nll=0.0000 ESS=0.999 batch_outcomes=256 batch_topologies=256 seen=16914775
step=66100 loss=-0.0037 reverse_nll=0.0000 ESS=0.999 batch_outcomes=256 batch_topologies=256 seen=16921120
step=66125 loss=-0.0002 reverse_nll=0.0000 ESS=0.999 batch_outcomes=256 batch_topologies=256 seen=16927455
step=66150 loss=0.0006 reverse_nll=0.0000 ESS=0.999 batch_outcomes=256 batch_topologies=256 seen=16933789
step=66175 loss=-0.0003 reverse_nll=0.0000 ESS=0.999 batch_outcomes=256 batch_topologies=256 seen=16940126
step=66200 loss=-0.0007 reverse_nll=0.0000 ESS=0.999 batch_outcomes=256 batch_topologies=256 seen=16946451
step=66225 loss=-0.0012 reverse_nll=0.0000 ESS=0.999 batch_outcomes=256 batch_topologies=256 seen=16952779
step=66250 loss=0.0017 reverse_nll=0.0000 ESS=0.999 batch_outcomes=256 batch_topologies=256 seen=16959092
step=66275 loss=-0.0005 reverse_nll=0.0001 ESS=0.999 batch_outcomes=256 batch_topologies=256 seen=16965414
step=66300 loss=-0.0017 reverse_nll=0.0001 ESS=0.999 batch_outcomes=256 batch_topologies=256 seen=16971712
step=66325 loss=-0.0003 reverse_nll=0.0001 ESS=0.999 batch_outcomes=256 batch_topologies=256 seen=16978025
step=66350 loss=-0.0038 reverse_nll=0.0001 ESS=0.999 batch_outcomes=256 batch_topologies=256 seen=16984348
step=66375 loss=0.0006 reverse_nll=0.0001 ESS=0.999 batch_outcomes=256 batch_topologies=256 seen=16990651
step=66400 loss=-0.0019 reverse_nll=0.1947 ESS=0.976 batch_outcomes=256 batch_topologies=256 seen=16996931
step=66425 loss=-0.0079 reverse_nll=0.0495 ESS=0.977 batch_outcomes=256 batch_topologies=256 seen=17003242
step=66450 loss=-0.0263 reverse_nll=0.0012 ESS=0.987 batch_outcomes=256 batch_topologies=256 seen=17009503
step=66475 loss=-0.0316 reverse_nll=0.1064 ESS=0.994 batch_outcomes=256 batch_topologies=256 seen=17015816
step=66500 loss=-0.0102 reverse_nll=0.0014 ESS=0.982 batch_outcomes=256 batch_topologies=256 seen=17022096
step=66525 loss=-0.0276 reverse_nll=0.0005 ESS=0.997 batch_outcomes=256 batch_topologies=256 seen=17028390
step=66550 loss=-0.0186 reverse_nll=0.0328 ESS=0.991 batch_outcomes=256 batch_topologies=256 seen=17034651
step=66575 loss=-0.0224 reverse_nll=0.0000 ESS=0.999 batch_outcomes=256 batch_topologies=256 seen=17040875
step=66600 loss=-0.0150 reverse_nll=0.0000 ESS=0.999 batch_outcomes=256 batch_topologies=256 seen=17047140
step=66625 loss=-0.0103 reverse_nll=0.0000 ESS=0.999 batch_outcomes=256 batch_topologies=256 seen=17053408
step=66650 loss=0.0273 reverse_nll=0.0187 ESS=0.974 batch_outcomes=256 batch_topologies=256 seen=17059628
step=66675 loss=-0.0041 reverse_nll=0.0049 ESS=0.993 batch_outcomes=256 batch_topologies=256 seen=17065868
step=66700 loss=-0.0128 reverse_nll=0.0033 ESS=0.996 batch_outcomes=256 batch_topologies=256 seen=17072104
step=66725 loss=-0.0115 reverse_nll=0.0004 ESS=0.998 batch_outcomes=256 batch_topologies=256 seen=17078333
step=66750 loss=-0.0124 reverse_nll=0.0004 ESS=0.999 batch_outcomes=256 batch_topologies=256 seen=17084577
step=66775 loss=-0.0105 reverse_nll=0.0001 ESS=0.999 batch_outcomes=256 batch_topologies=256 seen=17090836
step=66800 loss=-0.0081 reverse_nll=0.0000 ESS=0.999 batch_outcomes=256 batch_topologies=256 seen=17097060
step=66825 loss=-0.0081 reverse_nll=0.0000 ESS=0.999 batch_outcomes=256 batch_topologies=256 seen=17103294
step=66850 loss=-0.0076 reverse_nll=0.0000 ESS=0.999 batch_outcomes=256 batch_topologies=256 seen=17109426
step=66875 loss=-0.0022 reverse_nll=0.0000 ESS=0.999 batch_outcomes=256 batch_topologies=256 seen=17115652
step=66900 loss=-0.0036 reverse_nll=0.0000 ESS=0.999 batch_outcomes=256 batch_topologies=256 seen=17121919
step=66925 loss=-0.0009 reverse_nll=0.0000 ESS=0.999 batch_outcomes=256 batch_topologies=256 seen=17128154
step=66950 loss=-0.0032 reverse_nll=0.0000 ESS=0.999 batch_outcomes=256 batch_topologies=256 seen=17134393
step=66975 loss=0.0011 reverse_nll=0.0000 ESS=0.999 batch_outcomes=256 batch_topologies=256 seen=17140640
step=67000 loss=-0.0011 reverse_nll=0.0000 ESS=0.999 batch_outcomes=256 batch_topologies=256 seen=17146780
step=67025 loss=-0.0005 reverse_nll=0.0001 ESS=0.999 batch_outcomes=256 batch_topologies=256 seen=17152880
step=67050 loss=0.0000 reverse_nll=0.0001 ESS=0.999 batch_outcomes=256 batch_topologies=256 seen=17158985
step=67075 loss=-0.0048 reverse_nll=0.0001 ESS=0.999 batch_outcomes=256 batch_topologies=256 seen=17165036
step=67100 loss=-0.0010 reverse_nll=0.0001 ESS=0.999 batch_outcomes=256 batch_topologies=256 seen=17171096
step=67125 loss=-0.0006 reverse_nll=0.0001 ESS=0.999 batch_outcomes=256 batch_topologies=256 seen=17177185
step=67150 loss=0.1514 reverse_nll=0.9595 ESS=0.878 batch_outcomes=256 batch_topologies=256 seen=17183243
step=67175 loss=0.0567 reverse_nll=0.0463 ESS=0.950 batch_outcomes=256 batch_topologies=256 seen=17189266
step=67200 loss=0.0851 reverse_nll=0.0854 ESS=0.909 batch_outcomes=256 batch_topologies=256 seen=17195291
step=67225 loss=0.0108 reverse_nll=0.0690 ESS=0.967 batch_outcomes=256 batch_topologies=256 seen=17201272
step=67250 loss=-0.0175 reverse_nll=0.0004 ESS=0.991 batch_outcomes=256 batch_topologies=256 seen=17207253
step=67275 loss=-0.0245 reverse_nll=0.0001 ESS=0.999 batch_outcomes=256 batch_topologies=256 seen=17213187
step=67300 loss=-0.0019 reverse_nll=0.0022 ESS=0.982 batch_outcomes=256 batch_topologies=256 seen=17219144
step=67325 loss=-0.0139 reverse_nll=0.0005 ESS=0.995 batch_outcomes=256 batch_topologies=256 seen=17225071
step=67350 loss=-0.0158 reverse_nll=0.0002 ESS=0.999 batch_outcomes=256 batch_topologies=256 seen=17231025
step=67375 loss=-0.0150 reverse_nll=0.0001 ESS=0.999 batch_outcomes=256 batch_topologies=256 seen=17236909
step=67400 loss=-0.0150 reverse_nll=0.0000 ESS=0.999 batch_outcomes=256 batch_topologies=256 seen=17242875
step=67425 loss=-0.0108 reverse_nll=0.0000 ESS=0.999 batch_outcomes=256 batch_topologies=256 seen=17248751
step=67450 loss=-0.0064 reverse_nll=0.0000 ESS=0.999 batch_outcomes=256 batch_topologies=256 seen=17254635
step=67475 loss=-0.0057 reverse_nll=0.0000 ESS=0.999 batch_outcomes=256 batch_topologies=256 seen=17260468
step=67500 loss=-0.0053 reverse_nll=0.0000 ESS=0.999 batch_outcomes=256 batch_topologies=256 seen=17266383
step=67525 loss=-0.0035 reverse_nll=0.0000 ESS=0.999 batch_outcomes=256 batch_topologies=256 seen=17272222
step=67550 loss=-0.0053 reverse_nll=0.0000 ESS=0.999 batch_outcomes=256 batch_topologies=256 seen=17278013
step=67575 loss=-0.0032 reverse_nll=0.0000 ESS=0.999 batch_outcomes=256 batch_topologies=256 seen=17283866
step=67600 loss=-0.0021 reverse_nll=0.0000 ESS=0.999 batch_outcomes=256 batch_topologies=256 seen=17289634
step=67625 loss=-0.0034 reverse_nll=0.0001 ESS=0.999 batch_outcomes=256 batch_topologies=256 seen=17295415
step=67650 loss=-0.0003 reverse_nll=0.0000 ESS=0.999 batch_outcomes=256 batch_topologies=256 seen=17301198
step=67675 loss=-0.0002 reverse_nll=0.0000 ESS=0.999 batch_outcomes=256 batch_topologies=256 seen=17306977
step=67700 loss=-0.0007 reverse_nll=0.0001 ESS=0.999 batch_outcomes=256 batch_topologies=256 seen=17312751
step=67725 loss=-0.0023 reverse_nll=0.0001 ESS=0.999 batch_outcomes=256 batch_topologies=256 seen=17318526
step=67750 loss=0.0003 reverse_nll=0.0001 ESS=0.999 batch_outcomes=256 batch_topologies=256 seen=17324296
step=67775 loss=0.0001 reverse_nll=0.0001 ESS=0.999 batch_outcomes=256 batch_topologies=256 seen=17329998
step=67800 loss=-0.0005 reverse_nll=0.0001 ESS=0.999 batch_outcomes=256 batch_topologies=256 seen=17335728
step=67825 loss=0.0714 reverse_nll=0.0574 ESS=0.933 batch_outcomes=256 batch_topologies=256 seen=17341423
step=67850 loss=0.0280 reverse_nll=0.1738 ESS=0.951 batch_outcomes=256 batch_topologies=256 seen=17346984
step=67875 loss=0.0160 reverse_nll=0.0009 ESS=0.965 batch_outcomes=256 batch_topologies=256 seen=17352659
step=67900 loss=-0.0251 reverse_nll=0.0161 ESS=0.995 batch_outcomes=256 batch_topologies=256 seen=17358344
step=67925 loss=-0.0210 reverse_nll=0.0027 ESS=0.996 batch_outcomes=256 batch_topologies=256 seen=17363984
step=67950 loss=-0.0177 reverse_nll=0.0004 ESS=0.996 batch_outcomes=256 batch_topologies=256 seen=17369630
step=67975 loss=-0.0168 reverse_nll=0.0001 ESS=0.999 batch_outcomes=256 batch_topologies=256 seen=17375269
step=68000 loss=-0.0142 reverse_nll=0.0000 ESS=0.999 batch_outcomes=256 batch_topologies=256 seen=17380894
step=68025 loss=-0.0131 reverse_nll=0.0000 ESS=0.999 batch_outcomes=256 batch_topologies=256 seen=17386564
step=68050 loss=-0.0105 reverse_nll=0.0000 ESS=0.999 batch_outcomes=256 batch_topologies=256 seen=17392198
step=68075 loss=-0.0094 reverse_nll=0.0000 ESS=0.999 batch_outcomes=256 batch_topologies=256 seen=17397835
step=68100 loss=0.0146 reverse_nll=0.2882 ESS=0.981 batch_outcomes=256 batch_topologies=256 seen=17403483
step=68125 loss=0.0264 reverse_nll=0.0013 ESS=0.969 batch_outcomes=256 batch_topologies=256 seen=17409148
step=68150 loss=0.0088 reverse_nll=0.0011 ESS=0.979 batch_outcomes=256 batch_topologies=256 seen=17414770
step=68175 loss=-0.0105 reverse_nll=0.0000 ESS=0.999 batch_outcomes=256 batch_topologies=256 seen=17420373
step=68200 loss=-0.0078 reverse_nll=0.0000 ESS=0.999 batch_outcomes=256 batch_topologies=256 seen=17426008
step=68225 loss=-0.0057 reverse_nll=0.0000 ESS=0.999 batch_outcomes=256 batch_topologies=256 seen=17431659
step=68250 loss=-0.0065 reverse_nll=0.0000 ESS=0.999 batch_outcomes=256 batch_topologies=256 seen=17437315
step=68275 loss=-0.0043 reverse_nll=0.0000 ESS=0.999 batch_outcomes=256 batch_topologies=256 seen=17442918
step=68300 loss=0.0023 reverse_nll=0.0000 ESS=0.999 batch_outcomes=256 batch_topologies=256 seen=17448488
step=68325 loss=0.0007 reverse_nll=0.0000 ESS=0.999 batch_outcomes=256 batch_topologies=256 seen=17454091
step=68350 loss=-0.0012 reverse_nll=0.0000 ESS=0.999 batch_outcomes=256 batch_topologies=256 seen=17459680
step=68375 loss=0.0624 reverse_nll=0.0253 ESS=0.949 batch_outcomes=256 batch_topologies=256 seen=17465204
step=68400 loss=0.0132 reverse_nll=0.0071 ESS=0.985 batch_outcomes=256 batch_topologies=256 seen=17470735
step=68425 loss=0.0417 reverse_nll=0.0092 ESS=0.955 batch_outcomes=256 batch_topologies=256 seen=17476184
step=68450 loss=-0.0158 reverse_nll=0.0007 ESS=0.999 batch_outcomes=256 batch_topologies=256 seen=17481596
step=68475 loss=0.0110 reverse_nll=0.0009 ESS=0.978 batch_outcomes=256 batch_topologies=256 seen=17486982
step=68500 loss=-0.0154 reverse_nll=0.0001 ESS=0.999 batch_outcomes=256 batch_topologies=256 seen=17492357
step=68525 loss=-0.0121 reverse_nll=0.0000 ESS=0.999 batch_outcomes=256 batch_topologies=256 seen=17497716
step=68550 loss=-0.0096 reverse_nll=0.0000 ESS=0.999 batch_outcomes=256 batch_topologies=256 seen=17503030
step=68575 loss=-0.0071 reverse_nll=0.0000 ESS=0.999 batch_outcomes=256 batch_topologies=256 seen=17508378
step=68600 loss=-0.0060 reverse_nll=0.0000 ESS=0.999 batch_outcomes=256 batch_topologies=256 seen=17513706
step=68625 loss=-0.0043 reverse_nll=0.0000 ESS=0.999 batch_outcomes=256 batch_topologies=256 seen=17519038
step=68650 loss=-0.0057 reverse_nll=0.0000 ESS=0.999 batch_outcomes=256 batch_topologies=256 seen=17524392
step=68675 loss=0.0304 reverse_nll=0.2610 ESS=0.978 batch_outcomes=256 batch_topologies=256 seen=17529632
step=68700 loss=0.0463 reverse_nll=0.0009 ESS=0.959 batch_outcomes=256 batch_topologies=256 seen=17534890
step=68725 loss=-0.0030 reverse_nll=0.0018 ESS=0.992 batch_outcomes=256 batch_topologies=256 seen=17540175
step=68750 loss=-0.0106 reverse_nll=0.0013 ESS=0.996 batch_outcomes=256 batch_topologies=256 seen=17545218
step=68775 loss=-0.0119 reverse_nll=0.0003 ESS=0.999 batch_outcomes=256 batch_topologies=256 seen=17550419
step=68800 loss=0.0047 reverse_nll=0.0004 ESS=0.987 batch_outcomes=256 batch_topologies=256 seen=17555604
step=68825 loss=-0.0113 reverse_nll=0.0000 ESS=0.999 batch_outcomes=256 batch_topologies=256 seen=17560870
step=68850 loss=-0.0025 reverse_nll=0.0000 ESS=0.999 batch_outcomes=256 batch_topologies=256 seen=17566054
step=68875 loss=-0.0074 reverse_nll=0.0000 ESS=0.999 batch_outcomes=256 batch_topologies=256 seen=17571276
step=68900 loss=-0.0056 reverse_nll=0.0000 ESS=0.999 batch_outcomes=256 batch_topologies=256 seen=17576460
step=68925 loss=-0.0027 reverse_nll=0.0000 ESS=0.999 batch_outcomes=256 batch_topologies=256 seen=17581641
step=68950 loss=-0.0041 reverse_nll=0.0000 ESS=0.999 batch_outcomes=256 batch_topologies=256 seen=17586759
step=68975 loss=-0.0058 reverse_nll=0.0000 ESS=0.999 batch_outcomes=256 batch_topologies=256 seen=17591907
step=69000 loss=-0.0035 reverse_nll=0.0000 ESS=0.999 batch_outcomes=256 batch_topologies=256 seen=17596926
step=69025 loss=-0.0022 reverse_nll=0.0000 ESS=0.999 batch_outcomes=256 batch_topologies=256 seen=17602021
step=69050 loss=-0.0026 reverse_nll=0.0001 ESS=0.999 batch_outcomes=256 batch_topologies=256 seen=17607278
step=69075 loss=0.0002 reverse_nll=0.0000 ESS=0.999 batch_outcomes=256 batch_topologies=256 seen=17612545
step=69100 loss=-0.0006 reverse_nll=0.0001 ESS=0.999 batch_outcomes=256 batch_topologies=256 seen=17617818
step=69125 loss=0.0019 reverse_nll=0.0001 ESS=0.999 batch_outcomes=256 batch_topologies=256 seen=17623145
step=69150 loss=0.0010 reverse_nll=0.0001 ESS=0.999 batch_outcomes=256 batch_topologies=256 seen=17628558
step=69175 loss=-0.0010 reverse_nll=0.0001 ESS=0.999 batch_outcomes=256 batch_topologies=256 seen=17633935
step=69200 loss=0.0005 reverse_nll=0.0001 ESS=0.999 batch_outcomes=256 batch_topologies=256 seen=17639368
step=69225 loss=0.0009 reverse_nll=0.0001 ESS=0.999 batch_outcomes=256 batch_topologies=256 seen=17644823
step=69250 loss=0.0382 reverse_nll=0.1525 ESS=0.962 batch_outcomes=256 batch_topologies=256 seen=17649984
step=69275 loss=-0.0060 reverse_nll=0.0073 ESS=0.984 batch_outcomes=256 batch_topologies=256 seen=17655127
step=69300 loss=-0.0151 reverse_nll=0.0028 ESS=0.986 batch_outcomes=256 batch_topologies=256 seen=17660232
step=69325 loss=0.0069 reverse_nll=0.0019 ESS=0.963 batch_outcomes=256 batch_topologies=256 seen=17665218
step=69350 loss=-0.0222 reverse_nll=0.0004 ESS=0.997 batch_outcomes=256 batch_topologies=256 seen=17670211
step=69375 loss=-0.0233 reverse_nll=0.0000 ESS=0.999 batch_outcomes=256 batch_topologies=256 seen=17674926
step=69400 loss=-0.0179 reverse_nll=0.0000 ESS=0.999 batch_outcomes=256 batch_topologies=256 seen=17679704
step=69425 loss=-0.0128 reverse_nll=0.0000 ESS=0.999 batch_outcomes=256 batch_topologies=256 seen=17684532
step=69450 loss=-0.0118 reverse_nll=0.0000 ESS=0.999 batch_outcomes=256 batch_topologies=256 seen=17689268
step=69475 loss=-0.0097 reverse_nll=0.0000 ESS=0.999 batch_outcomes=256 batch_topologies=256 seen=17694125
step=69500 loss=-0.0072 reverse_nll=0.0000 ESS=0.999 batch_outcomes=256 batch_topologies=256 seen=17698919
step=69525 loss=-0.0018 reverse_nll=0.0000 ESS=0.999 batch_outcomes=256 batch_topologies=256 seen=17703514
step=69550 loss=-0.0015 reverse_nll=0.0001 ESS=0.999 batch_outcomes=256 batch_topologies=256 seen=17708170
step=69575 loss=-0.0028 reverse_nll=0.0001 ESS=0.999 batch_outcomes=256 batch_topologies=256 seen=17712767
step=69600 loss=0.0741 reverse_nll=0.4194 ESS=0.941 batch_outcomes=256 batch_topologies=256 seen=17717510
step=69625 loss=0.0537 reverse_nll=0.0159 ESS=0.950 batch_outcomes=256 batch_topologies=256 seen=17722125
step=69650 loss=-0.0184 reverse_nll=0.0572 ESS=0.999 batch_outcomes=256 batch_topologies=256 seen=17726699
step=69675 loss=-0.0095 reverse_nll=0.0005 ESS=0.991 batch_outcomes=256 batch_topologies=256 seen=17731276
step=69700 loss=-0.0166 reverse_nll=0.0011 ESS=0.999 batch_outcomes=256 batch_topologies=256 seen=17735861
step=69725 loss=-0.0177 reverse_nll=0.0001 ESS=0.999 batch_outcomes=256 batch_topologies=256 seen=17740390
step=69750 loss=-0.0124 reverse_nll=0.0159 ESS=0.999 batch_outcomes=256 batch_topologies=256 seen=17744790
step=69775 loss=-0.0052 reverse_nll=0.0001 ESS=0.992 batch_outcomes=256 batch_topologies=256 seen=17749168
step=69800 loss=0.0001 reverse_nll=0.0014 ESS=0.995 batch_outcomes=256 batch_topologies=256 seen=17753575
step=69825 loss=0.0034 reverse_nll=0.0007 ESS=0.992 batch_outcomes=256 batch_topologies=256 seen=17758013
step=69850 loss=-0.0032 reverse_nll=0.0016 ESS=0.993 batch_outcomes=256 batch_topologies=256 seen=17762415
step=69875 loss=-0.0102 reverse_nll=0.0000 ESS=0.999 batch_outcomes=256 batch_topologies=256 seen=17766749
step=69900 loss=-0.0050 reverse_nll=0.0000 ESS=0.999 batch_outcomes=256 batch_topologies=256 seen=17771061
step=69925 loss=-0.0059 reverse_nll=0.0000 ESS=0.999 batch_outcomes=256 batch_topologies=256 seen=17775296
step=69950 loss=-0.0033 reverse_nll=0.0000 ESS=0.999 batch_outcomes=256 batch_topologies=256 seen=17779572
step=69975 loss=-0.0008 reverse_nll=0.0000 ESS=0.999 batch_outcomes=256 batch_topologies=256 seen=17783747
step=70000 loss=-0.0034 reverse_nll=0.0000 ESS=0.999 batch_outcomes=256 batch_topologies=256 seen=17787990
step=70025 loss=-0.0012 reverse_nll=0.0000 ESS=0.999 batch_outcomes=256 batch_topologies=256 seen=17792123
step=70050 loss=-0.0000 reverse_nll=0.0001 ESS=0.999 batch_outcomes=256 batch_topologies=256 seen=17796252
step=70075 loss=0.0016 reverse_nll=0.0001 ESS=0.999 batch_outcomes=256 batch_topologies=256 seen=17800373
step=70100 loss=0.0003 reverse_nll=0.0000 ESS=0.999 batch_outcomes=256 batch_topologies=256 seen=17804391
step=70125 loss=-0.0006 reverse_nll=0.0001 ESS=0.999 batch_outcomes=256 batch_topologies=256 seen=17808396
step=70150 loss=0.0002 reverse_nll=0.0001 ESS=0.999 batch_outcomes=256 batch_topologies=256 seen=17812494
step=70175 loss=0.0007 reverse_nll=0.0001 ESS=0.999 batch_outcomes=256 batch_topologies=256 seen=17816660
step=70200 loss=-0.0002 reverse_nll=0.0001 ESS=0.999 batch_outcomes=256 batch_topologies=256 seen=17820867
step=70225 loss=-0.0002 reverse_nll=1.4938 ESS=0.999 batch_outcomes=256 batch_topologies=256 seen=17824838
step=70250 loss=0.0478 reverse_nll=0.0373 ESS=0.942 batch_outcomes=256 batch_topologies=256 seen=17828946
step=70275 loss=-0.0174 reverse_nll=0.0030 ESS=0.989 batch_outcomes=256 batch_topologies=256 seen=17832899
step=70300 loss=-0.0013 reverse_nll=0.0045 ESS=0.976 batch_outcomes=256 batch_topologies=256 seen=17836841
step=70325 loss=0.0007 reverse_nll=0.0002 ESS=0.980 batch_outcomes=256 batch_topologies=256 seen=17840437
step=70350 loss=-0.0144 reverse_nll=0.0505 ESS=0.990 batch_outcomes=256 batch_topologies=256 seen=17844501
step=70375 loss=-0.0150 reverse_nll=0.0013 ESS=0.999 batch_outcomes=256 batch_topologies=256 seen=17848549
step=70400 loss=-0.0068 reverse_nll=0.0007 ESS=0.993 batch_outcomes=256 batch_topologies=256 seen=17852535
step=70425 loss=-0.0181 reverse_nll=0.0002 ESS=0.999 batch_outcomes=256 batch_topologies=256 seen=17856462
step=70450 loss=-0.0146 reverse_nll=0.0002 ESS=0.999 batch_outcomes=256 batch_topologies=256 seen=17860379
step=70475 loss=-0.0078 reverse_nll=0.0001 ESS=0.996 batch_outcomes=256 batch_topologies=256 seen=17864267
step=70500 loss=-0.0111 reverse_nll=0.0000 ESS=0.999 batch_outcomes=256 batch_topologies=256 seen=17868042
step=70525 loss=-0.0054 reverse_nll=0.0000 ESS=0.999 batch_outcomes=256 batch_topologies=256 seen=17871994
step=70550 loss=-0.0047 reverse_nll=0.0000 ESS=0.999 batch_outcomes=256 batch_topologies=256 seen=17875860
step=70575 loss=-0.0056 reverse_nll=0.0000 ESS=0.999 batch_outcomes=256 batch_topologies=256 seen=17879667
step=70600 loss=-0.0038 reverse_nll=0.0000 ESS=0.999 batch_outcomes=256 batch_topologies=256 seen=17883487
step=70625 loss=-0.0024 reverse_nll=0.0000 ESS=0.999 batch_outcomes=256 batch_topologies=256 seen=17887205
step=70650 loss=-0.0002 reverse_nll=0.0000 ESS=0.999 batch_outcomes=256 batch_topologies=256 seen=17890905
step=70675 loss=-0.0021 reverse_nll=0.0000 ESS=0.999 batch_outcomes=256 batch_topologies=256 seen=17894625
step=70700 loss=0.0018 reverse_nll=0.0001 ESS=0.999 batch_outcomes=256 batch_topologies=256 seen=17898469
step=70725 loss=0.0529 reverse_nll=0.1135 ESS=0.966 batch_outcomes=256 batch_topologies=256 seen=17902208
step=70750 loss=0.0205 reverse_nll=0.0539 ESS=0.972 batch_outcomes=256 batch_topologies=256 seen=17905886
step=70775 loss=-0.0001 reverse_nll=0.0040 ESS=0.983 batch_outcomes=256 batch_topologies=256 seen=17909664
step=70800 loss=-0.0175 reverse_nll=0.0071 ESS=0.999 batch_outcomes=256 batch_topologies=256 seen=17913368
step=70825 loss=-0.0141 reverse_nll=0.0006 ESS=0.998 batch_outcomes=256 batch_topologies=256 seen=17917032
step=70850 loss=-0.0204 reverse_nll=0.0001 ESS=0.999 batch_outcomes=256 batch_topologies=256 seen=17920678
step=70875 loss=-0.0067 reverse_nll=0.0049 ESS=0.993 batch_outcomes=256 batch_topologies=256 seen=17924356
step=70900 loss=-0.0029 reverse_nll=0.0007 ESS=0.992 batch_outcomes=256 batch_topologies=256 seen=17927939
step=70925 loss=-0.0103 reverse_nll=0.0002 ESS=0.999 batch_outcomes=256 batch_topologies=256 seen=17931470
step=70950 loss=-0.0109 reverse_nll=0.0000 ESS=0.999 batch_outcomes=256 batch_topologies=256 seen=17935099
step=70975 loss=-0.0077 reverse_nll=0.0000 ESS=0.999 batch_outcomes=256 batch_topologies=256 seen=17938697
step=71000 loss=-0.0090 reverse_nll=0.0000 ESS=0.999 batch_outcomes=256 batch_topologies=256 seen=17942164
step=71025 loss=-0.0034 reverse_nll=0.0000 ESS=0.999 batch_outcomes=256 batch_topologies=256 seen=17945735
step=71050 loss=-0.0047 reverse_nll=0.0000 ESS=0.999 batch_outcomes=256 batch_topologies=256 seen=17949239
step=71075 loss=-0.0030 reverse_nll=0.0001 ESS=0.999 batch_outcomes=256 batch_topologies=256 seen=17952684
step=71100 loss=-0.0013 reverse_nll=0.0000 ESS=0.999 batch_outcomes=256 batch_topologies=256 seen=17956220
step=71125 loss=-0.0010 reverse_nll=0.0001 ESS=0.999 batch_outcomes=256 batch_topologies=256 seen=17959779
step=71150 loss=-0.0050 reverse_nll=0.0001 ESS=0.999 batch_outcomes=256 batch_topologies=256 seen=17963190
step=71175 loss=-0.0006 reverse_nll=0.0001 ESS=0.999 batch_outcomes=256 batch_topologies=256 seen=17966679
step=71200 loss=0.0012 reverse_nll=0.0001 ESS=0.999 batch_outcomes=256 batch_topologies=256 seen=17970107
step=71225 loss=0.0012 reverse_nll=0.0000 ESS=0.999 batch_outcomes=256 batch_topologies=256 seen=17973454
step=71250 loss=0.0033 reverse_nll=0.0001 ESS=0.999 batch_outcomes=256 batch_topologies=256 seen=17976917
step=71275 loss=0.0476 reverse_nll=0.1320 ESS=0.961 batch_outcomes=256 batch_topologies=256 seen=17980468
step=71300 loss=0.0404 reverse_nll=0.0066 ESS=0.953 batch_outcomes=256 batch_topologies=256 seen=17983901
step=71325 loss=0.0042 reverse_nll=0.0046 ESS=0.978 batch_outcomes=256 batch_topologies=256 seen=17987322
step=71350 loss=-0.0148 reverse_nll=0.0006 ESS=0.993 batch_outcomes=256 batch_topologies=256 seen=17990606
step=71375 loss=-0.0207 reverse_nll=0.0001 ESS=0.999 batch_outcomes=256 batch_topologies=256 seen=17994028
step=71400 loss=-0.0123 reverse_nll=0.0003 ESS=0.998 batch_outcomes=256 batch_topologies=256 seen=17997422
step=71425 loss=-0.0106 reverse_nll=0.0001 ESS=0.996 batch_outcomes=256 batch_topologies=256 seen=18000698
step=71450 loss=-0.0164 reverse_nll=0.0001 ESS=0.999 batch_outcomes=256 batch_topologies=256 seen=18003973
step=71475 loss=0.0054 reverse_nll=0.0002 ESS=0.983 batch_outcomes=256 batch_topologies=256 seen=18007310
step=71500 loss=-0.0130 reverse_nll=0.0000 ESS=0.999 batch_outcomes=256 batch_topologies=256 seen=18010553
step=71525 loss=-0.0078 reverse_nll=0.0000 ESS=0.999 batch_outcomes=256 batch_topologies=256 seen=18013674
step=71550 loss=-0.0078 reverse_nll=0.0000 ESS=0.999 batch_outcomes=256 batch_topologies=256 seen=18016849
step=71575 loss=-0.0068 reverse_nll=0.0000 ESS=0.999 batch_outcomes=256 batch_topologies=256 seen=18020137
step=71600 loss=-0.0051 reverse_nll=0.0000 ESS=0.999 batch_outcomes=256 batch_topologies=256 seen=18023318
step=71625 loss=-0.0028 reverse_nll=0.0000 ESS=0.999 batch_outcomes=256 batch_topologies=256 seen=18026569
step=71650 loss=-0.0008 reverse_nll=0.0000 ESS=0.999 batch_outcomes=256 batch_topologies=256 seen=18029670
step=71675 loss=-0.0047 reverse_nll=0.0001 ESS=0.999 batch_outcomes=256 batch_topologies=256 seen=18032723
step=71700 loss=-0.0038 reverse_nll=0.0001 ESS=0.999 batch_outcomes=256 batch_topologies=256 seen=18035882
step=71725 loss=-0.0022 reverse_nll=0.0001 ESS=0.999 batch_outcomes=256 batch_topologies=256 seen=18039035
step=71750 loss=-0.0010 reverse_nll=0.0001 ESS=0.999 batch_outcomes=256 batch_topologies=256 seen=18042084
step=71775 loss=0.0008 reverse_nll=0.0000 ESS=0.999 batch_outcomes=256 batch_topologies=256 seen=18045110
step=71800 loss=0.0125 reverse_nll=0.1100 ESS=0.979 batch_outcomes=256 batch_topologies=256 seen=18048109
step=71825 loss=0.0191 reverse_nll=0.0094 ESS=0.971 batch_outcomes=256 batch_topologies=256 seen=18051192
step=71850 loss=0.0034 reverse_nll=0.0017 ESS=0.978 batch_outcomes=256 batch_topologies=256 seen=18054283
step=71875 loss=-0.0254 reverse_nll=0.0007 ESS=0.997 batch_outcomes=256 batch_topologies=256 seen=18057225
step=71900 loss=-0.0199 reverse_nll=0.0000 ESS=0.999 batch_outcomes=256 batch_topologies=256 seen=18060212
step=71925 loss=-0.0158 reverse_nll=0.0000 ESS=0.999 batch_outcomes=256 batch_topologies=256 seen=18063134
step=71950 loss=-0.0113 reverse_nll=0.0000 ESS=0.999 batch_outcomes=256 batch_topologies=256 seen=18066108
step=71975 loss=-0.0100 reverse_nll=0.0000 ESS=0.999 batch_outcomes=256 batch_topologies=256 seen=18069035
step=72000 loss=-0.0091 reverse_nll=0.0000 ESS=0.999 batch_outcomes=256 batch_topologies=256 seen=18071869
step=72025 loss=-0.0086 reverse_nll=0.0000 ESS=0.999 batch_outcomes=256 batch_topologies=256 seen=18074758
step=72050 loss=-0.0047 reverse_nll=0.0001 ESS=0.999 batch_outcomes=256 batch_topologies=256 seen=18077616
step=72075 loss=-0.0004 reverse_nll=0.0001 ESS=0.999 batch_outcomes=256 batch_topologies=256 seen=18080378
step=72100 loss=-0.0039 reverse_nll=0.0001 ESS=0.999 batch_outcomes=256 batch_topologies=256 seen=18083158
step=72125 loss=-0.0008 reverse_nll=0.0001 ESS=0.999 batch_outcomes=256 batch_topologies=256 seen=18085990
step=72150 loss=-0.0010 reverse_nll=0.0000 ESS=0.999 batch_outcomes=256 batch_topologies=256 seen=18088813
step=72175 loss=-0.0041 reverse_nll=0.0001 ESS=0.999 batch_outcomes=256 batch_topologies=256 seen=18091700
step=72200 loss=0.0011 reverse_nll=0.0001 ESS=0.999 batch_outcomes=256 batch_topologies=256 seen=18094456
step=72225 loss=0.1728 reverse_nll=0.9310 ESS=0.855 batch_outcomes=256 batch_topologies=256 seen=18097247
step=72250 loss=0.0104 reverse_nll=0.0104 ESS=0.973 batch_outcomes=256 batch_topologies=256 seen=18100091
step=72275 loss=0.0104 reverse_nll=0.0050 ESS=0.970 batch_outcomes=256 batch_topologies=256 seen=18103000
step=72300 loss=-0.0223 reverse_nll=0.0264 ESS=0.993 batch_outcomes=256 batch_topologies=256 seen=18105653
step=72325 loss=0.0005 reverse_nll=0.0013 ESS=0.977 batch_outcomes=256 batch_topologies=256 seen=18108392
step=72350 loss=-0.0104 reverse_nll=0.0074 ESS=0.988 batch_outcomes=256 batch_topologies=256 seen=18111102
step=72375 loss=-0.0182 reverse_nll=0.0001 ESS=0.999 batch_outcomes=256 batch_topologies=256 seen=18113834
step=72400 loss=-0.0046 reverse_nll=0.0003 ESS=0.997 batch_outcomes=256 batch_topologies=256 seen=18116500
step=72425 loss=-0.0146 reverse_nll=0.0002 ESS=0.999 batch_outcomes=256 batch_topologies=256 seen=18119082
step=72450 loss=-0.0061 reverse_nll=0.0004 ESS=0.995 batch_outcomes=256 batch_topologies=256 seen=18121691
step=72475 loss=-0.0112 reverse_nll=0.0000 ESS=0.999 batch_outcomes=256 batch_topologies=256 seen=18124433
step=72500 loss=-0.0135 reverse_nll=0.0000 ESS=0.999 batch_outcomes=256 batch_topologies=256 seen=18127131
step=72525 loss=-0.0102 reverse_nll=0.0000 ESS=0.999 batch_outcomes=256 batch_topologies=256 seen=18129779
step=72550 loss=-0.0077 reverse_nll=0.0000 ESS=0.999 batch_outcomes=256 batch_topologies=256 seen=18132398
step=72575 loss=-0.0056 reverse_nll=0.0005 ESS=0.995 batch_outcomes=256 batch_topologies=256 seen=18135029
step=72600 loss=0.0033 reverse_nll=0.0143 ESS=0.992 batch_outcomes=256 batch_topologies=256 seen=18137703
step=72625 loss=-0.0019 reverse_nll=0.0005 ESS=0.996 batch_outcomes=256 batch_topologies=256 seen=18140175
step=72650 loss=-0.0044 reverse_nll=0.0413 ESS=0.997 batch_outcomes=256 batch_topologies=256 seen=18142695
step=72675 loss=0.0042 reverse_nll=0.0048 ESS=0.987 batch_outcomes=256 batch_topologies=256 seen=18145299
step=72700 loss=-0.0006 reverse_nll=0.0002 ESS=0.991 batch_outcomes=256 batch_topologies=256 seen=18147809
step=72725 loss=-0.0065 reverse_nll=0.0000 ESS=0.999 batch_outcomes=256 batch_topologies=256 seen=18150229
step=72750 loss=-0.0066 reverse_nll=0.0000 ESS=0.999 batch_outcomes=256 batch_topologies=256 seen=18152731
step=72775 loss=-0.0026 reverse_nll=0.0000 ESS=0.999 batch_outcomes=256 batch_topologies=256 seen=18155248
step=72800 loss=-0.0042 reverse_nll=0.0000 ESS=0.999 batch_outcomes=256 batch_topologies=256 seen=18157704
step=72825 loss=-0.0019 reverse_nll=0.0000 ESS=0.999 batch_outcomes=256 batch_topologies=256 seen=18160158
step=72850 loss=-0.0004 reverse_nll=0.0000 ESS=0.999 batch_outcomes=256 batch_topologies=256 seen=18162649
step=72875 loss=-0.0003 reverse_nll=0.0000 ESS=0.999 batch_outcomes=256 batch_topologies=256 seen=18164943
step=72900 loss=0.0005 reverse_nll=0.0000 ESS=0.999 batch_outcomes=256 batch_topologies=256 seen=18167267
step=72925 loss=-0.0019 reverse_nll=0.0001 ESS=0.999 batch_outcomes=256 batch_topologies=256 seen=18169662
step=72950 loss=-0.0021 reverse_nll=0.0001 ESS=0.999 batch_outcomes=256 batch_topologies=256 seen=18172125
step=72975 loss=0.0104 reverse_nll=0.2565 ESS=0.986 batch_outcomes=256 batch_topologies=256 seen=18174463
step=73000 loss=-0.0090 reverse_nll=0.0241 ESS=0.993 batch_outcomes=256 batch_topologies=256 seen=18177005
step=73025 loss=-0.0214 reverse_nll=0.0009 ESS=0.999 batch_outcomes=256 batch_topologies=256 seen=18179531
step=73050 loss=-0.0171 reverse_nll=0.0015 ESS=0.999 batch_outcomes=256 batch_topologies=256 seen=18182079
step=73075 loss=-0.0062 reverse_nll=0.0002 ESS=0.995 batch_outcomes=256 batch_topologies=256 seen=18184461
step=73100 loss=-0.0046 reverse_nll=0.0251 ESS=0.994 batch_outcomes=256 batch_topologies=256 seen=18186771
step=73125 loss=-0.0101 reverse_nll=0.0005 ESS=0.999 batch_outcomes=256 batch_topologies=256 seen=18189193
step=73150 loss=-0.0020 reverse_nll=0.0007 ESS=0.994 batch_outcomes=256 batch_topologies=256 seen=18191491
step=73175 loss=-0.0127 reverse_nll=0.0000 ESS=0.999 batch_outcomes=256 batch_topologies=256 seen=18193833
step=73200 loss=-0.0071 reverse_nll=0.0000 ESS=0.999 batch_outcomes=256 batch_topologies=256 seen=18196156
step=73225 loss=-0.0024 reverse_nll=0.0000 ESS=0.999 batch_outcomes=256 batch_topologies=256 seen=18198388
step=73250 loss=-0.0038 reverse_nll=0.0000 ESS=0.999 batch_outcomes=256 batch_topologies=256 seen=18200672
step=73275 loss=-0.0021 reverse_nll=0.0000 ESS=0.999 batch_outcomes=256 batch_topologies=256 seen=18203042
step=73300 loss=-0.0009 reverse_nll=0.0000 ESS=0.999 batch_outcomes=256 batch_topologies=256 seen=18205299
step=73325 loss=-0.0019 reverse_nll=0.0001 ESS=0.999 batch_outcomes=256 batch_topologies=256 seen=18207612
step=73350 loss=-0.0018 reverse_nll=0.0001 ESS=0.999 batch_outcomes=256 batch_topologies=256 seen=18209797
step=73375 loss=-0.0007 reverse_nll=0.0001 ESS=0.999 batch_outcomes=256 batch_topologies=256 seen=18211927
step=73400 loss=-0.0007 reverse_nll=0.0000 ESS=0.999 batch_outcomes=256 batch_topologies=256 seen=18214062
step=73425 loss=-0.0019 reverse_nll=0.0001 ESS=0.999 batch_outcomes=256 batch_topologies=256 seen=18216370
step=73450 loss=0.0545 reverse_nll=0.2329 ESS=0.954 batch_outcomes=256 batch_topologies=256 seen=18218572
step=73475 loss=-0.0092 reverse_nll=0.0666 ESS=0.988 batch_outcomes=256 batch_topologies=256 seen=18220922
step=73500 loss=-0.0153 reverse_nll=0.0153 ESS=0.993 batch_outcomes=256 batch_topologies=256 seen=18223143
step=73525 loss=-0.0180 reverse_nll=0.0004 ESS=0.997 batch_outcomes=256 batch_topologies=256 seen=18225336
step=73550 loss=-0.0094 reverse_nll=0.0053 ESS=0.990 batch_outcomes=256 batch_topologies=256 seen=18227516
step=73575 loss=-0.0170 reverse_nll=0.0048 ESS=0.999 batch_outcomes=256 batch_topologies=256 seen=18229623
step=73600 loss=-0.0145 reverse_nll=0.0000 ESS=0.999 batch_outcomes=256 batch_topologies=256 seen=18231823
step=73625 loss=-0.0143 reverse_nll=0.0000 ESS=0.999 batch_outcomes=256 batch_topologies=256 seen=18233927
step=73650 loss=-0.0118 reverse_nll=0.0000 ESS=0.999 batch_outcomes=256 batch_topologies=256 seen=18236087
step=73675 loss=-0.0101 reverse_nll=0.0000 ESS=0.999 batch_outcomes=256 batch_topologies=256 seen=18238177
step=73700 loss=-0.0059 reverse_nll=0.0000 ESS=0.999 batch_outcomes=256 batch_topologies=256 seen=18240123
step=73725 loss=-0.0040 reverse_nll=0.0000 ESS=0.999 batch_outcomes=256 batch_topologies=256 seen=18242060
step=73750 loss=-0.0026 reverse_nll=0.0000 ESS=0.999 batch_outcomes=256 batch_topologies=256 seen=18244055
step=73775 loss=-0.0046 reverse_nll=0.0000 ESS=0.999 batch_outcomes=256 batch_topologies=256 seen=18246102
step=73800 loss=-0.0030 reverse_nll=0.0000 ESS=0.999 batch_outcomes=256 batch_topologies=256 seen=18248113
step=73825 loss=-0.0027 reverse_nll=0.0001 ESS=0.999 batch_outcomes=256 batch_topologies=256 seen=18250217
step=73850 loss=-0.0009 reverse_nll=0.0001 ESS=0.999 batch_outcomes=256 batch_topologies=256 seen=18252443
step=73875 loss=-0.0002 reverse_nll=0.0001 ESS=0.999 batch_outcomes=256 batch_topologies=256 seen=18254498
step=73900 loss=-0.0008 reverse_nll=0.0001 ESS=0.999 batch_outcomes=256 batch_topologies=256 seen=18256407
step=73925 loss=-0.0003 reverse_nll=0.0001 ESS=0.999 batch_outcomes=256 batch_topologies=256 seen=18258365
step=73950 loss=0.0163 reverse_nll=0.1714 ESS=0.971 batch_outcomes=256 batch_topologies=256 seen=18260311
step=73975 loss=-0.0171 reverse_nll=0.0027 ESS=0.986 batch_outcomes=256 batch_topologies=256 seen=18262343
step=74000 loss=-0.0147 reverse_nll=0.0058 ESS=0.990 batch_outcomes=256 batch_topologies=256 seen=18264375
step=74025 loss=-0.0198 reverse_nll=0.0115 ESS=0.992 batch_outcomes=256 batch_topologies=256 seen=18266255
step=74050 loss=-0.0097 reverse_nll=0.0005 ESS=0.987 batch_outcomes=256 batch_topologies=256 seen=18268222
step=74075 loss=-0.0201 reverse_nll=0.0236 ESS=0.999 batch_outcomes=256 batch_topologies=256 seen=18270828
step=74100 loss=-0.0166 reverse_nll=0.0000 ESS=0.997 batch_outcomes=256 batch_topologies=256 seen=18273085
step=74125 loss=-0.0166 reverse_nll=0.0000 ESS=0.999 batch_outcomes=256 batch_topologies=256 seen=18275133
step=74150 loss=-0.0126 reverse_nll=0.0000 ESS=0.999 batch_outcomes=256 batch_topologies=256 seen=18276988
step=74175 loss=-0.0103 reverse_nll=0.0000 ESS=0.999 batch_outcomes=256 batch_topologies=256 seen=18278838
step=74200 loss=-0.0048 reverse_nll=0.0000 ESS=0.999 batch_outcomes=256 batch_topologies=256 seen=18280743
step=74225 loss=-0.0070 reverse_nll=0.0000 ESS=0.999 batch_outcomes=256 batch_topologies=256 seen=18282432
step=74250 loss=-0.0070 reverse_nll=0.0000 ESS=0.999 batch_outcomes=256 batch_topologies=256 seen=18284696
step=74275 loss=-0.0056 reverse_nll=0.0000 ESS=0.999 batch_outcomes=256 batch_topologies=256 seen=18286411
step=74300 loss=0.0005 reverse_nll=0.0001 ESS=0.999 batch_outcomes=256 batch_topologies=256 seen=18288230
step=74325 loss=-0.0040 reverse_nll=0.0000 ESS=0.999 batch_outcomes=256 batch_topologies=256 seen=18289922
step=74350 loss=-0.0025 reverse_nll=0.0001 ESS=0.999 batch_outcomes=256 batch_topologies=256 seen=18291782
step=74375 loss=-0.0018 reverse_nll=0.0001 ESS=0.999 batch_outcomes=256 batch_topologies=256 seen=18293564
step=74400 loss=0.0236 reverse_nll=0.0585 ESS=0.976 batch_outcomes=256 batch_topologies=256 seen=18295358
step=74425 loss=-0.0234 reverse_nll=0.0130 ESS=0.995 batch_outcomes=256 batch_topologies=256 seen=18297155
step=74450 loss=0.0173 reverse_nll=0.0043 ESS=0.965 batch_outcomes=256 batch_topologies=256 seen=18298848
step=74475 loss=0.0320 reverse_nll=0.0006 ESS=0.950 batch_outcomes=256 batch_topologies=256 seen=18300525
step=74500 loss=-0.0142 reverse_nll=0.0103 ESS=0.995 batch_outcomes=256 batch_topologies=256 seen=18302274
step=74525 loss=-0.0179 reverse_nll=0.0141 ESS=0.999 batch_outcomes=256 batch_topologies=256 seen=18304011
step=74550 loss=-0.0111 reverse_nll=0.0029 ESS=0.997 batch_outcomes=256 batch_topologies=256 seen=18305651
step=74575 loss=-0.0126 reverse_nll=0.0000 ESS=0.999 batch_outcomes=256 batch_topologies=256 seen=18307387
step=74600 loss=-0.0088 reverse_nll=0.0000 ESS=0.999 batch_outcomes=256 batch_topologies=256 seen=18309010
step=74625 loss=-0.0072 reverse_nll=0.0000 ESS=0.999 batch_outcomes=256 batch_topologies=256 seen=18310516
step=74650 loss=-0.0059 reverse_nll=0.0000 ESS=0.999 batch_outcomes=256 batch_topologies=256 seen=18312052
step=74675 loss=0.0071 reverse_nll=0.0012 ESS=0.986 batch_outcomes=256 batch_topologies=256 seen=18313648
step=74700 loss=-0.0033 reverse_nll=0.0008 ESS=0.991 batch_outcomes=256 batch_topologies=256 seen=18315353
step=74725 loss=-0.0048 reverse_nll=0.0008 ESS=0.993 batch_outcomes=256 batch_topologies=256 seen=18317050
step=74750 loss=-0.0139 reverse_nll=0.0001 ESS=0.999 batch_outcomes=256 batch_topologies=256 seen=18318678
step=74775 loss=-0.0109 reverse_nll=0.0000 ESS=0.999 batch_outcomes=256 batch_topologies=256 seen=18320217
step=74800 loss=-0.0056 reverse_nll=0.0000 ESS=0.999 batch_outcomes=256 batch_topologies=256 seen=18321749
step=74825 loss=-0.0067 reverse_nll=0.0000 ESS=0.999 batch_outcomes=256 batch_topologies=256 seen=18323309
step=74850 loss=-0.0060 reverse_nll=0.0000 ESS=0.999 batch_outcomes=256 batch_topologies=256 seen=18324810
step=74875 loss=-0.0028 reverse_nll=0.0000 ESS=0.999 batch_outcomes=256 batch_topologies=256 seen=18326311
step=74900 loss=-0.0035 reverse_nll=0.0000 ESS=0.999 batch_outcomes=256 batch_topologies=256 seen=18327839
step=74925 loss=-0.0018 reverse_nll=0.0001 ESS=0.999 batch_outcomes=256 batch_topologies=256 seen=18329367
step=74950 loss=-0.0042 reverse_nll=0.0000 ESS=0.999 batch_outcomes=256 batch_topologies=256 seen=18330855
step=74975 loss=-0.0050 reverse_nll=0.0001 ESS=0.999 batch_outcomes=256 batch_topologies=256 seen=18332334
step=75000 loss=-0.0016 reverse_nll=0.0001 ESS=0.999 batch_outcomes=256 batch_topologies=256 seen=18333842
step=75025 loss=-0.0022 reverse_nll=0.0001 ESS=0.999 batch_outcomes=256 batch_topologies=256 seen=18335311
step=75050 loss=-0.0005 reverse_nll=0.0001 ESS=0.999 batch_outcomes=256 batch_topologies=256 seen=18336778
step=75075 loss=0.0028 reverse_nll=0.0001 ESS=0.999 batch_outcomes=256 batch_topologies=256 seen=18338206
step=75100 loss=0.0022 reverse_nll=0.0001 ESS=0.999 batch_outcomes=256 batch_topologies=256 seen=18339662
step=75125 loss=-0.0020 reverse_nll=0.0001 ESS=0.999 batch_outcomes=256 batch_topologies=256 seen=18341129
step=75150 loss=-0.0011 reverse_nll=0.0001 ESS=0.999 batch_outcomes=256 batch_topologies=256 seen=18342551
step=75175 loss=0.0469 reverse_nll=0.0863 ESS=0.953 batch_outcomes=256 batch_topologies=256 seen=18344057
step=75200 loss=0.0149 reverse_nll=0.0552 ESS=0.960 batch_outcomes=256 batch_topologies=256 seen=18345668
step=75225 loss=0.0294 reverse_nll=0.1458 ESS=0.943 batch_outcomes=256 batch_topologies=256 seen=18347161
step=75250 loss=0.0127 reverse_nll=0.0172 ESS=0.966 batch_outcomes=256 batch_topologies=256 seen=18348615
step=75275 loss=-0.0243 reverse_nll=0.0004 ESS=0.999 batch_outcomes=256 batch_topologies=256 seen=18350140
step=75300 loss=-0.0237 reverse_nll=0.0000 ESS=0.999 batch_outcomes=256 batch_topologies=256 seen=18351899
step=75325 loss=-0.0174 reverse_nll=0.0000 ESS=0.999 batch_outcomes=256 batch_topologies=256 seen=18353360
step=75350 loss=-0.0105 reverse_nll=0.0000 ESS=0.999 batch_outcomes=256 batch_topologies=256 seen=18354916
step=75375 loss=-0.0123 reverse_nll=0.0000 ESS=0.999 batch_outcomes=256 batch_topologies=256 seen=18356510
step=75400 loss=-0.0070 reverse_nll=0.0000 ESS=0.999 batch_outcomes=256 batch_topologies=256 seen=18357986
step=75425 loss=-0.0055 reverse_nll=0.0000 ESS=0.999 batch_outcomes=256 batch_topologies=256 seen=18359337
step=75450 loss=-0.0043 reverse_nll=0.0000 ESS=0.999 batch_outcomes=256 batch_topologies=256 seen=18360778
step=75475 loss=0.0186 reverse_nll=0.0047 ESS=0.985 batch_outcomes=256 batch_topologies=256 seen=18362327
step=75500 loss=0.0681 reverse_nll=0.0283 ESS=0.943 batch_outcomes=256 batch_topologies=256 seen=18363816
step=75525 loss=-0.0054 reverse_nll=0.0007 ESS=0.992 batch_outcomes=256 batch_topologies=256 seen=18365176
step=75550 loss=-0.0059 reverse_nll=0.0004 ESS=0.994 batch_outcomes=256 batch_topologies=256 seen=18366562
step=75575 loss=-0.0126 reverse_nll=0.0002 ESS=0.998 batch_outcomes=256 batch_topologies=256 seen=18367861
step=75600 loss=-0.0058 reverse_nll=0.0003 ESS=0.993 batch_outcomes=256 batch_topologies=256 seen=18369225
step=75625 loss=-0.0126 reverse_nll=0.0000 ESS=0.999 batch_outcomes=256 batch_topologies=256 seen=18370649
step=75650 loss=-0.0089 reverse_nll=0.0000 ESS=0.999 batch_outcomes=256 batch_topologies=256 seen=18372031
step=75675 loss=-0.0054 reverse_nll=0.0000 ESS=0.999 batch_outcomes=256 batch_topologies=256 seen=18373421
step=75700 loss=-0.0094 reverse_nll=0.0000 ESS=0.999 batch_outcomes=256 batch_topologies=256 seen=18374731
step=75725 loss=-0.0037 reverse_nll=0.0000 ESS=0.999 batch_outcomes=256 batch_topologies=256 seen=18376058
step=75750 loss=-0.0032 reverse_nll=0.0000 ESS=0.999 batch_outcomes=256 batch_topologies=256 seen=18377394
step=75775 loss=-0.0028 reverse_nll=0.0000 ESS=0.999 batch_outcomes=256 batch_topologies=256 seen=18378727
step=75800 loss=-0.0030 reverse_nll=0.0000 ESS=0.999 batch_outcomes=256 batch_topologies=256 seen=18379976
step=75825 loss=-0.0009 reverse_nll=0.0001 ESS=0.999 batch_outcomes=256 batch_topologies=256 seen=18381266
step=75850 loss=0.0819 reverse_nll=0.0999 ESS=0.945 batch_outcomes=256 batch_topologies=256 seen=18382598
step=75875 loss=0.0657 reverse_nll=0.0349 ESS=0.934 batch_outcomes=256 batch_topologies=256 seen=18384012
step=75900 loss=-0.0166 reverse_nll=0.0004 ESS=0.998 batch_outcomes=256 batch_topologies=256 seen=18385510
step=75925 loss=-0.0076 reverse_nll=0.0027 ESS=0.989 batch_outcomes=256 batch_topologies=256 seen=18387062
step=75950 loss=-0.0178 reverse_nll=0.0006 ESS=0.999 batch_outcomes=256 batch_topologies=256 seen=18388718
step=75975 loss=-0.0153 reverse_nll=0.0000 ESS=0.999 batch_outcomes=256 batch_topologies=256 seen=18390210
step=76000 loss=-0.0133 reverse_nll=0.0000 ESS=0.999 batch_outcomes=256 batch_topologies=256 seen=18391696
step=76025 loss=-0.0117 reverse_nll=0.0000 ESS=0.999 batch_outcomes=256 batch_topologies=256 seen=18393322
step=76050 loss=-0.0087 reverse_nll=0.0000 ESS=0.999 batch_outcomes=256 batch_topologies=256 seen=18394731
step=76075 loss=-0.0028 reverse_nll=0.0000 ESS=0.999 batch_outcomes=256 batch_topologies=256 seen=18396053
step=76100 loss=-0.0015 reverse_nll=0.0000 ESS=0.999 batch_outcomes=256 batch_topologies=256 seen=18397378
step=76125 loss=-0.0047 reverse_nll=0.0000 ESS=0.999 batch_outcomes=256 batch_topologies=256 seen=18398732
step=76150 loss=-0.0019 reverse_nll=0.0000 ESS=0.999 batch_outcomes=256 batch_topologies=256 seen=18400129
step=76175 loss=0.0527 reverse_nll=0.6214 ESS=0.952 batch_outcomes=256 batch_topologies=256 seen=18401577
step=76200 loss=0.0376 reverse_nll=0.0167 ESS=0.968 batch_outcomes=256 batch_topologies=256 seen=18402968
step=76225 loss=0.0003 reverse_nll=0.0026 ESS=0.983 batch_outcomes=256 batch_topologies=256 seen=18404563
step=76250 loss=-0.0161 reverse_nll=0.0008 ESS=0.994 batch_outcomes=256 batch_topologies=256 seen=18405901
step=76275 loss=0.0065 reverse_nll=0.0016 ESS=0.980 batch_outcomes=256 batch_topologies=256 seen=18407281
step=76300 loss=-0.0080 reverse_nll=0.0031 ESS=0.992 batch_outcomes=256 batch_topologies=256 seen=18408563
step=76325 loss=-0.0170 reverse_nll=0.0000 ESS=0.999 batch_outcomes=256 batch_topologies=256 seen=18409797
step=76350 loss=-0.0085 reverse_nll=0.0000 ESS=0.999 batch_outcomes=256 batch_topologies=256 seen=18411083
step=76375 loss=-0.0082 reverse_nll=0.0000 ESS=0.999 batch_outcomes=256 batch_topologies=256 seen=18412354
step=76400 loss=-0.0041 reverse_nll=0.0000 ESS=0.999 batch_outcomes=256 batch_topologies=256 seen=18413642
step=76425 loss=-0.0050 reverse_nll=0.0000 ESS=0.999 batch_outcomes=256 batch_topologies=256 seen=18414932
step=76450 loss=-0.0050 reverse_nll=0.0000 ESS=0.999 batch_outcomes=256 batch_topologies=256 seen=18416233
step=76475 loss=-0.0064 reverse_nll=0.0000 ESS=0.999 batch_outcomes=256 batch_topologies=256 seen=18417572
step=76500 loss=-0.0038 reverse_nll=0.0001 ESS=0.999 batch_outcomes=256 batch_topologies=256 seen=18418990
step=76525 loss=-0.0036 reverse_nll=0.0000 ESS=0.999 batch_outcomes=256 batch_topologies=256 seen=18420242
step=76550 loss=0.0284 reverse_nll=0.8059 ESS=0.980 batch_outcomes=256 batch_topologies=256 seen=18421498
step=76575 loss=0.0220 reverse_nll=0.0948 ESS=0.973 batch_outcomes=256 batch_topologies=256 seen=18422761
step=76600 loss=0.0148 reverse_nll=0.0011 ESS=0.976 batch_outcomes=256 batch_topologies=256 seen=18423912
step=76625 loss=0.0144 reverse_nll=0.0066 ESS=0.974 batch_outcomes=256 batch_topologies=256 seen=18425107
step=76650 loss=0.0003 reverse_nll=0.0003 ESS=0.985 batch_outcomes=256 batch_topologies=256 seen=18426584
step=76675 loss=-0.0015 reverse_nll=0.0003 ESS=0.990 batch_outcomes=256 batch_topologies=256 seen=18427985
step=76700 loss=0.0137 reverse_nll=0.0004 ESS=0.977 batch_outcomes=256 batch_topologies=256 seen=18429361
step=76725 loss=-0.0146 reverse_nll=0.0001 ESS=0.999 batch_outcomes=256 batch_topologies=256 seen=18430760
step=76750 loss=-0.0112 reverse_nll=0.0000 ESS=0.999 batch_outcomes=256 batch_topologies=256 seen=18431989
step=76775 loss=-0.0094 reverse_nll=0.0000 ESS=0.999 batch_outcomes=256 batch_topologies=256 seen=18433272
step=76800 loss=-0.0049 reverse_nll=0.0000 ESS=0.999 batch_outcomes=256 batch_topologies=256 seen=18434478
step=76825 loss=-0.0049 reverse_nll=0.0000 ESS=0.999 batch_outcomes=256 batch_topologies=256 seen=18435663
step=76850 loss=-0.0025 reverse_nll=0.0000 ESS=0.999 batch_outcomes=256 batch_topologies=256 seen=18436905
step=76875 loss=-0.0030 reverse_nll=0.0001 ESS=0.999 batch_outcomes=256 batch_topologies=256 seen=18438129
step=76900 loss=-0.0007 reverse_nll=0.0000 ESS=0.999 batch_outcomes=256 batch_topologies=256 seen=18439277
step=76925 loss=-0.0015 reverse_nll=0.0001 ESS=0.999 batch_outcomes=256 batch_topologies=256 seen=18440521
step=76950 loss=-0.0012 reverse_nll=0.0001 ESS=0.999 batch_outcomes=256 batch_topologies=256 seen=18441705
step=76975 loss=0.0004 reverse_nll=0.0001 ESS=0.999 batch_outcomes=256 batch_topologies=256 seen=18442941
step=77000 loss=-0.0024 reverse_nll=0.0001 ESS=0.999 batch_outcomes=256 batch_topologies=256 seen=18444246
step=77025 loss=0.0178 reverse_nll=0.2690 ESS=0.972 batch_outcomes=256 batch_topologies=256 seen=18445555
step=77050 loss=-0.0039 reverse_nll=0.0061 ESS=0.977 batch_outcomes=256 batch_topologies=256 seen=18446884
step=77075 loss=-0.0177 reverse_nll=0.0016 ESS=0.994 batch_outcomes=256 batch_topologies=256 seen=18448140
step=77100 loss=-0.0172 reverse_nll=0.0001 ESS=0.994 batch_outcomes=256 batch_topologies=256 seen=18449356
step=77125 loss=-0.0174 reverse_nll=0.0003 ESS=0.998 batch_outcomes=256 batch_topologies=256 seen=18450549
step=77150 loss=-0.0168 reverse_nll=0.0000 ESS=0.999 batch_outcomes=256 batch_topologies=256 seen=18451771
step=77175 loss=-0.0166 reverse_nll=0.0000 ESS=0.999 batch_outcomes=256 batch_topologies=256 seen=18452921
step=77200 loss=-0.0118 reverse_nll=0.0000 ESS=0.999 batch_outcomes=256 batch_topologies=256 seen=18454039
step=77225 loss=-0.0091 reverse_nll=0.0000 ESS=0.999 batch_outcomes=256 batch_topologies=256 seen=18455164
step=77250 loss=-0.0060 reverse_nll=0.0000 ESS=0.999 batch_outcomes=256 batch_topologies=256 seen=18456308
step=77275 loss=-0.0045 reverse_nll=0.0000 ESS=0.999 batch_outcomes=256 batch_topologies=256 seen=18457510
step=77300 loss=-0.0032 reverse_nll=0.0000 ESS=0.999 batch_outcomes=256 batch_topologies=256 seen=18458723
step=77325 loss=-0.0024 reverse_nll=0.0001 ESS=0.999 batch_outcomes=256 batch_topologies=256 seen=18460131
step=77350 loss=0.0157 reverse_nll=0.0781 ESS=0.994 batch_outcomes=256 batch_topologies=256 seen=18461561
step=77375 loss=0.0102 reverse_nll=0.0059 ESS=0.983 batch_outcomes=256 batch_topologies=256 seen=18462848
step=77400 loss=0.0582 reverse_nll=0.0006 ESS=0.941 batch_outcomes=256 batch_topologies=256 seen=18464090
step=77425 loss=-0.0108 reverse_nll=0.0183 ESS=0.997 batch_outcomes=256 batch_topologies=256 seen=18465313
step=77450 loss=-0.0061 reverse_nll=0.0008 ESS=0.993 batch_outcomes=256 batch_topologies=256 seen=18466879
step=77475 loss=-0.0043 reverse_nll=0.0004 ESS=0.995 batch_outcomes=256 batch_topologies=256 seen=18468175
step=77500 loss=-0.0116 reverse_nll=0.0002 ESS=0.999 batch_outcomes=256 batch_topologies=256 seen=18469477
step=77525 loss=-0.0120 reverse_nll=0.0000 ESS=0.999 batch_outcomes=256 batch_topologies=256 seen=18470650
step=77550 loss=-0.0063 reverse_nll=0.0000 ESS=0.999 batch_outcomes=256 batch_topologies=256 seen=18471928
step=77575 loss=-0.0037 reverse_nll=0.0000 ESS=0.999 batch_outcomes=256 batch_topologies=256 seen=18473380
step=77600 loss=-0.0046 reverse_nll=0.0000 ESS=0.999 batch_outcomes=256 batch_topologies=256 seen=18474636
step=77625 loss=-0.0033 reverse_nll=0.0001 ESS=0.999 batch_outcomes=256 batch_topologies=256 seen=18475890
step=77650 loss=0.0072 reverse_nll=0.0024 ESS=0.993 batch_outcomes=256 batch_topologies=256 seen=18476945
step=77675 loss=0.0116 reverse_nll=0.0006 ESS=0.986 batch_outcomes=256 batch_topologies=256 seen=18478310
step=77700 loss=-0.0011 reverse_nll=0.0002 ESS=0.992 batch_outcomes=256 batch_topologies=256 seen=18479549
step=77725 loss=-0.0087 reverse_nll=0.0000 ESS=0.999 batch_outcomes=256 batch_topologies=256 seen=18480776
step=77750 loss=-0.0077 reverse_nll=0.0000 ESS=0.999 batch_outcomes=256 batch_topologies=256 seen=18481912
step=77775 loss=-0.0074 reverse_nll=0.0000 ESS=0.999 batch_outcomes=256 batch_topologies=256 seen=18482995
step=77800 loss=-0.0066 reverse_nll=0.0000 ESS=0.999 batch_outcomes=256 batch_topologies=256 seen=18484155
step=77825 loss=-0.0049 reverse_nll=0.0000 ESS=0.999 batch_outcomes=256 batch_topologies=256 seen=18485261
step=77850 loss=-0.0033 reverse_nll=0.0000 ESS=0.999 batch_outcomes=256 batch_topologies=256 seen=18486357
step=77875 loss=0.0007 reverse_nll=0.0000 ESS=0.999 batch_outcomes=256 batch_topologies=256 seen=18487463
step=77900 loss=-0.0022 reverse_nll=0.0000 ESS=0.999 batch_outcomes=256 batch_topologies=256 seen=18488535
step=77925 loss=-0.0016 reverse_nll=0.0000 ESS=0.999 batch_outcomes=256 batch_topologies=256 seen=18489597
step=77950 loss=-0.0045 reverse_nll=0.0001 ESS=0.999 batch_outcomes=256 batch_topologies=256 seen=18490690
step=77975 loss=-0.0026 reverse_nll=0.0001 ESS=0.999 batch_outcomes=256 batch_topologies=256 seen=18491952
step=78000 loss=-0.0016 reverse_nll=0.0140 ESS=0.999 batch_outcomes=256 batch_topologies=256 seen=18493450
step=78025 loss=0.0412 reverse_nll=0.0882 ESS=0.968 batch_outcomes=256 batch_topologies=256 seen=18494733
step=78050 loss=0.0014 reverse_nll=0.0646 ESS=0.985 batch_outcomes=256 batch_topologies=256 seen=18496057
step=78075 loss=-0.0160 reverse_nll=0.0019 ESS=0.997 batch_outcomes=256 batch_topologies=256 seen=18497268
step=78100 loss=-0.0075 reverse_nll=0.0039 ESS=0.991 batch_outcomes=256 batch_topologies=256 seen=18498433
step=78125 loss=-0.0089 reverse_nll=0.0093 ESS=0.994 batch_outcomes=256 batch_topologies=256 seen=18499553
step=78150 loss=-0.0132 reverse_nll=0.0000 ESS=0.999 batch_outcomes=256 batch_topologies=256 seen=18500771
step=78175 loss=-0.0115 reverse_nll=0.0000 ESS=0.999 batch_outcomes=256 batch_topologies=256 seen=18502049
step=78200 loss=-0.0065 reverse_nll=0.0000 ESS=0.999 batch_outcomes=256 batch_topologies=256 seen=18503157
step=78225 loss=-0.0082 reverse_nll=0.0000 ESS=0.999 batch_outcomes=256 batch_topologies=256 seen=18504263
step=78250 loss=-0.0009 reverse_nll=0.0000 ESS=0.999 batch_outcomes=256 batch_topologies=256 seen=18505378
step=78275 loss=-0.0052 reverse_nll=0.0000 ESS=0.999 batch_outcomes=256 batch_topologies=256 seen=18506453
step=78300 loss=-0.0018 reverse_nll=0.0001 ESS=0.999 batch_outcomes=256 batch_topologies=256 seen=18507450
step=78325 loss=0.0005 reverse_nll=0.0001 ESS=0.999 batch_outcomes=256 batch_topologies=256 seen=18508494
step=78350 loss=-0.0019 reverse_nll=0.0001 ESS=0.999 batch_outcomes=256 batch_topologies=256 seen=18509512
step=78375 loss=0.0005 reverse_nll=0.0001 ESS=0.999 batch_outcomes=256 batch_topologies=256 seen=18510483
step=78400 loss=-0.0008 reverse_nll=0.0001 ESS=0.999 batch_outcomes=256 batch_topologies=256 seen=18511477
step=78425 loss=0.1129 reverse_nll=0.0404 ESS=0.904 batch_outcomes=256 batch_topologies=256 seen=18512743
step=78450 loss=-0.0150 reverse_nll=0.0082 ESS=0.995 batch_outcomes=256 batch_topologies=256 seen=18514037
step=78475 loss=-0.0251 reverse_nll=0.0003 ESS=0.998 batch_outcomes=256 batch_topologies=256 seen=18515313
step=78500 loss=-0.0048 reverse_nll=0.0163 ESS=0.987 batch_outcomes=256 batch_topologies=256 seen=18516393
step=78525 loss=-0.0183 reverse_nll=0.0002 ESS=0.999 batch_outcomes=256 batch_topologies=256 seen=18517780
step=78550 loss=-0.0126 reverse_nll=0.0221 ESS=0.995 batch_outcomes=256 batch_topologies=256 seen=18518982
step=78575 loss=-0.0070 reverse_nll=0.0002 ESS=0.993 batch_outcomes=256 batch_topologies=256 seen=18520060
step=78600 loss=0.0087 reverse_nll=0.0007 ESS=0.986 batch_outcomes=256 batch_topologies=256 seen=18521195
step=78625 loss=-0.0102 reverse_nll=0.0000 ESS=0.999 batch_outcomes=256 batch_topologies=256 seen=18522354
step=78650 loss=-0.0081 reverse_nll=0.0000 ESS=0.999 batch_outcomes=256 batch_topologies=256 seen=18523475
step=78675 loss=-0.0055 reverse_nll=0.0000 ESS=0.999 batch_outcomes=256 batch_topologies=256 seen=18524723
step=78700 loss=-0.0055 reverse_nll=0.0000 ESS=0.999 batch_outcomes=256 batch_topologies=256 seen=18525798
step=78725 loss=0.0030 reverse_nll=0.0133 ESS=0.992 batch_outcomes=256 batch_topologies=256 seen=18527032
step=78750 loss=0.0080 reverse_nll=0.3251 ESS=0.992 batch_outcomes=256 batch_topologies=256 seen=18528154
step=78775 loss=-0.0089 reverse_nll=0.0506 ESS=0.995 batch_outcomes=256 batch_topologies=256 seen=18529266
step=78800 loss=-0.0047 reverse_nll=0.0003 ESS=0.997 batch_outcomes=256 batch_topologies=256 seen=18530365
step=78825 loss=-0.0041 reverse_nll=0.0005 ESS=0.999 batch_outcomes=256 batch_topologies=256 seen=18531505
step=78850 loss=-0.0051 reverse_nll=0.0018 ESS=0.999 batch_outcomes=256 batch_topologies=256 seen=18532670
step=78875 loss=-0.0077 reverse_nll=0.0000 ESS=0.999 batch_outcomes=256 batch_topologies=256 seen=18533792
step=78900 loss=-0.0048 reverse_nll=0.0000 ESS=0.999 batch_outcomes=256 batch_topologies=256 seen=18534857
step=78925 loss=-0.0040 reverse_nll=0.0000 ESS=0.999 batch_outcomes=256 batch_topologies=256 seen=18535912
step=78950 loss=-0.0057 reverse_nll=0.0000 ESS=0.999 batch_outcomes=256 batch_topologies=256 seen=18536862
step=78975 loss=-0.0008 reverse_nll=0.0000 ESS=0.999 batch_outcomes=256 batch_topologies=256 seen=18538018
step=79000 loss=-0.0036 reverse_nll=0.0001 ESS=0.999 batch_outcomes=256 batch_topologies=256 seen=18539013
step=79025 loss=-0.0018 reverse_nll=0.0001 ESS=0.999 batch_outcomes=256 batch_topologies=256 seen=18540078
step=79050 loss=-0.0006 reverse_nll=0.0001 ESS=0.999 batch_outcomes=256 batch_topologies=256 seen=18541105
step=79075 loss=0.0007 reverse_nll=0.0001 ESS=0.999 batch_outcomes=256 batch_topologies=256 seen=18542084
step=79100 loss=0.0020 reverse_nll=0.0001 ESS=0.999 batch_outcomes=256 batch_topologies=256 seen=18543021
step=79125 loss=0.0039 reverse_nll=0.0001 ESS=0.999 batch_outcomes=256 batch_topologies=256 seen=18544004
step=79150 loss=0.0761 reverse_nll=0.1911 ESS=0.934 batch_outcomes=256 batch_topologies=256 seen=18545182
step=79175 loss=0.0089 reverse_nll=0.0006 ESS=0.980 batch_outcomes=256 batch_topologies=256 seen=18546311
step=79200 loss=0.0143 reverse_nll=0.0158 ESS=0.973 batch_outcomes=256 batch_topologies=256 seen=18547559
step=79225 loss=-0.0075 reverse_nll=0.0019 ESS=0.988 batch_outcomes=256 batch_topologies=256 seen=18548684
step=79250 loss=-0.0190 reverse_nll=0.0431 ESS=0.999 batch_outcomes=256 batch_topologies=256 seen=18549694
step=79275 loss=-0.0050 reverse_nll=0.0014 ESS=0.991 batch_outcomes=256 batch_topologies=256 seen=18550729
step=79300 loss=-0.0165 reverse_nll=0.0001 ESS=0.999 batch_outcomes=256 batch_topologies=256 seen=18551729
step=79325 loss=-0.0098 reverse_nll=0.0000 ESS=0.999 batch_outcomes=256 batch_topologies=256 seen=18552771
step=79350 loss=-0.0091 reverse_nll=0.0000 ESS=0.999 batch_outcomes=256 batch_topologies=256 seen=18553830
step=79375 loss=-0.0075 reverse_nll=0.0000 ESS=0.999 batch_outcomes=256 batch_topologies=256 seen=18554811
step=79400 loss=-0.0071 reverse_nll=0.0000 ESS=0.999 batch_outcomes=256 batch_topologies=256 seen=18555801
step=79425 loss=-0.0048 reverse_nll=0.0016 ESS=0.999 batch_outcomes=256 batch_topologies=256 seen=18556768
step=79450 loss=0.0039 reverse_nll=0.0004 ESS=0.986 batch_outcomes=256 batch_topologies=256 seen=18557719
step=79475 loss=0.0119 reverse_nll=0.0007 ESS=0.982 batch_outcomes=256 batch_topologies=256 seen=18558717
step=79500 loss=-0.0109 reverse_nll=0.0002 ESS=0.999 batch_outcomes=256 batch_topologies=256 seen=18559703
step=79525 loss=-0.0097 reverse_nll=0.0000 ESS=0.999 batch_outcomes=256 batch_topologies=256 seen=18560662
step=79550 loss=-0.0092 reverse_nll=0.0000 ESS=0.999 batch_outcomes=256 batch_topologies=256 seen=18561593
step=79575 loss=-0.0064 reverse_nll=0.0000 ESS=0.999 batch_outcomes=256 batch_topologies=256 seen=18562488
step=79600 loss=-0.0022 reverse_nll=0.0000 ESS=0.999 batch_outcomes=256 batch_topologies=256 seen=18563369
step=79625 loss=-0.0058 reverse_nll=0.0000 ESS=0.999 batch_outcomes=256 batch_topologies=256 seen=18564357
step=79650 loss=-0.0034 reverse_nll=0.0000 ESS=0.999 batch_outcomes=256 batch_topologies=256 seen=18565364
step=79675 loss=0.0001 reverse_nll=0.0000 ESS=0.999 batch_outcomes=256 batch_topologies=256 seen=18566392
step=79700 loss=-0.0015 reverse_nll=0.0000 ESS=0.999 batch_outcomes=256 batch_topologies=256 seen=18567442
step=79725 loss=-0.0023 reverse_nll=0.0000 ESS=0.999 batch_outcomes=256 batch_topologies=256 seen=18568481
step=79750 loss=-0.0006 reverse_nll=0.0000 ESS=0.999 batch_outcomes=256 batch_topologies=256 seen=18569434
step=79775 loss=-0.0017 reverse_nll=0.0001 ESS=0.999 batch_outcomes=256 batch_topologies=256 seen=18570377
step=79800 loss=-0.0025 reverse_nll=0.0001 ESS=0.999 batch_outcomes=256 batch_topologies=256 seen=18571246
step=79825 loss=-0.0002 reverse_nll=0.0001 ESS=0.999 batch_outcomes=256 batch_topologies=256 seen=18572160
step=79850 loss=0.0087 reverse_nll=0.2322 ESS=0.987 batch_outcomes=256 batch_topologies=256 seen=18573199
step=79875 loss=0.0735 reverse_nll=0.0643 ESS=0.930 batch_outcomes=256 batch_topologies=256 seen=18574365
step=79900 loss=0.0295 reverse_nll=0.0004 ESS=0.953 batch_outcomes=256 batch_topologies=256 seen=18575516
step=79925 loss=-0.0219 reverse_nll=0.0002 ESS=0.999 batch_outcomes=256 batch_topologies=256 seen=18576559
step=79950 loss=-0.0121 reverse_nll=0.0006 ESS=0.999 batch_outcomes=256 batch_topologies=256 seen=18577481
step=79975 loss=-0.0150 reverse_nll=0.0000 ESS=0.999 batch_outcomes=256 batch_topologies=256 seen=18578427
step=80000 loss=-0.0143 reverse_nll=0.0000 ESS=0.999 batch_outcomes=256 batch_topologies=256 seen=18579283
step=80025 loss=-0.0094 reverse_nll=0.0000 ESS=0.999 batch_outcomes=256 batch_topologies=256 seen=18580224
step=80050 loss=-0.0097 reverse_nll=0.0000 ESS=0.999 batch_outcomes=256 batch_topologies=256 seen=18581462
step=80075 loss=-0.0052 reverse_nll=0.0000 ESS=0.999 batch_outcomes=256 batch_topologies=256 seen=18582518
step=80100 loss=-0.0099 reverse_nll=0.0000 ESS=0.999 batch_outcomes=256 batch_topologies=256 seen=18583465
step=80125 loss=-0.0040 reverse_nll=0.0000 ESS=0.999 batch_outcomes=256 batch_topologies=256 seen=18584494
step=80150 loss=-0.0022 reverse_nll=0.0000 ESS=0.999 batch_outcomes=256 batch_topologies=256 seen=18585410
step=80175 loss=-0.0021 reverse_nll=0.0001 ESS=0.999 batch_outcomes=256 batch_topologies=256 seen=18586346
step=80200 loss=-0.0018 reverse_nll=0.0001 ESS=0.999 batch_outcomes=256 batch_topologies=256 seen=18587286
step=80225 loss=0.0613 reverse_nll=0.2675 ESS=0.946 batch_outcomes=256 batch_topologies=256 seen=18588293
step=80250 loss=0.0115 reverse_nll=0.0351 ESS=0.976 batch_outcomes=256 batch_topologies=256 seen=18589424
step=80275 loss=-0.0099 reverse_nll=0.0033 ESS=0.992 batch_outcomes=256 batch_topologies=256 seen=18590516
step=80300 loss=-0.0039 reverse_nll=0.0009 ESS=0.986 batch_outcomes=256 batch_topologies=256 seen=18591565
step=80325 loss=-0.0164 reverse_nll=0.0000 ESS=0.999 batch_outcomes=256 batch_topologies=256 seen=18592464
step=80350 loss=-0.0115 reverse_nll=0.0000 ESS=0.999 batch_outcomes=256 batch_topologies=256 seen=18593345
step=80375 loss=-0.0084 reverse_nll=0.0000 ESS=0.999 batch_outcomes=256 batch_topologies=256 seen=18594187
step=80400 loss=-0.0071 reverse_nll=0.0000 ESS=0.999 batch_outcomes=256 batch_topologies=256 seen=18595029
step=80425 loss=-0.0052 reverse_nll=0.0000 ESS=0.999 batch_outcomes=256 batch_topologies=256 seen=18595858
step=80450 loss=-0.0051 reverse_nll=0.0001 ESS=0.999 batch_outcomes=256 batch_topologies=256 seen=18596662
step=80475 loss=0.0319 reverse_nll=0.0032 ESS=0.979 batch_outcomes=256 batch_topologies=256 seen=18597559
step=80500 loss=0.0225 reverse_nll=0.2780 ESS=0.973 batch_outcomes=256 batch_topologies=256 seen=18598601
step=80525 loss=0.0161 reverse_nll=0.0016 ESS=0.981 batch_outcomes=256 batch_topologies=256 seen=18599609
step=80550 loss=0.0010 reverse_nll=0.0002 ESS=0.987 batch_outcomes=256 batch_topologies=256 seen=18600502
step=80575 loss=0.0104 reverse_nll=0.0002 ESS=0.982 batch_outcomes=256 batch_topologies=256 seen=18601360
step=80600 loss=-0.0127 reverse_nll=0.0000 ESS=0.999 batch_outcomes=256 batch_topologies=256 seen=18602401
step=80625 loss=-0.0080 reverse_nll=0.0000 ESS=0.999 batch_outcomes=256 batch_topologies=256 seen=18603314
step=80650 loss=-0.0066 reverse_nll=0.0000 ESS=0.999 batch_outcomes=256 batch_topologies=256 seen=18604204
step=80675 loss=-0.0029 reverse_nll=0.0000 ESS=0.999 batch_outcomes=256 batch_topologies=256 seen=18605105
step=80700 loss=-0.0014 reverse_nll=0.0000 ESS=0.999 batch_outcomes=256 batch_topologies=256 seen=18606026
step=80725 loss=0.0001 reverse_nll=0.0000 ESS=0.999 batch_outcomes=256 batch_topologies=256 seen=18607073
step=80750 loss=0.0262 reverse_nll=0.0152 ESS=0.983 batch_outcomes=256 batch_topologies=256 seen=18608278
step=80775 loss=0.1406 reverse_nll=0.0603 ESS=0.878 batch_outcomes=256 batch_topologies=256 seen=18609410
step=80800 loss=0.0164 reverse_nll=0.0006 ESS=0.978 batch_outcomes=256 batch_topologies=256 seen=18610441
step=80825 loss=0.0083 reverse_nll=0.0002 ESS=0.986 batch_outcomes=256 batch_topologies=256 seen=18611554
step=80850 loss=-0.0065 reverse_nll=0.0001 ESS=0.996 batch_outcomes=256 batch_topologies=256 seen=18612794
step=80875 loss=-0.0081 reverse_nll=0.0001 ESS=0.997 batch_outcomes=256 batch_topologies=256 seen=18613793
step=80900 loss=-0.0026 reverse_nll=0.0001 ESS=0.993 batch_outcomes=256 batch_topologies=256 seen=18614823
step=80925 loss=-0.0090 reverse_nll=0.0000 ESS=0.999 batch_outcomes=256 batch_topologies=256 seen=18615901
step=80950 loss=-0.0074 reverse_nll=0.0000 ESS=0.999 batch_outcomes=256 batch_topologies=256 seen=18616922
step=80975 loss=-0.0048 reverse_nll=0.0000 ESS=0.999 batch_outcomes=256 batch_topologies=256 seen=18617926
step=81000 loss=-0.0057 reverse_nll=0.0000 ESS=0.999 batch_outcomes=256 batch_topologies=256 seen=18618865
step=81025 loss=-0.0037 reverse_nll=0.0000 ESS=0.999 batch_outcomes=256 batch_topologies=256 seen=18619776
step=81050 loss=-0.0020 reverse_nll=0.0000 ESS=0.999 batch_outcomes=256 batch_topologies=256 seen=18620669
step=81075 loss=0.0267 reverse_nll=0.0116 ESS=0.980 batch_outcomes=256 batch_topologies=256 seen=18621532
step=81100 loss=0.0099 reverse_nll=0.0008 ESS=0.985 batch_outcomes=256 batch_topologies=256 seen=18622652
step=81125 loss=-0.0140 reverse_nll=0.0002 ESS=0.999 batch_outcomes=256 batch_topologies=256 seen=18623709
step=81150 loss=0.0363 reverse_nll=0.0009 ESS=0.954 batch_outcomes=256 batch_topologies=256 seen=18624597
step=81175 loss=-0.0110 reverse_nll=0.0002 ESS=0.999 batch_outcomes=256 batch_topologies=256 seen=18625458
step=81200 loss=-0.0095 reverse_nll=0.0005 ESS=0.999 batch_outcomes=256 batch_topologies=256 seen=18626381
step=81225 loss=-0.0085 reverse_nll=0.0001 ESS=0.999 batch_outcomes=256 batch_topologies=256 seen=18627272
step=81250 loss=-0.0044 reverse_nll=0.0001 ESS=0.997 batch_outcomes=256 batch_topologies=256 seen=18628696
step=81275 loss=-0.0072 reverse_nll=0.0000 ESS=0.999 batch_outcomes=256 batch_topologies=256 seen=18630236
step=81300 loss=-0.0053 reverse_nll=0.0000 ESS=0.999 batch_outcomes=256 batch_topologies=256 seen=18631621
step=81325 loss=-0.0069 reverse_nll=0.0000 ESS=0.999 batch_outcomes=256 batch_topologies=256 seen=18632933
step=81350 loss=-0.0055 reverse_nll=0.0000 ESS=0.999 batch_outcomes=256 batch_topologies=256 seen=18634222
step=81375 loss=-0.0028 reverse_nll=0.0000 ESS=0.999 batch_outcomes=256 batch_topologies=256 seen=18635438
step=81400 loss=-0.0050 reverse_nll=0.0000 ESS=0.999 batch_outcomes=256 batch_topologies=256 seen=18636588
step=81425 loss=-0.0004 reverse_nll=0.0000 ESS=0.999 batch_outcomes=256 batch_topologies=256 seen=18637726
step=81450 loss=-0.0016 reverse_nll=0.0000 ESS=0.999 batch_outcomes=256 batch_topologies=256 seen=18638818
step=81475 loss=-0.0016 reverse_nll=0.0001 ESS=0.999 batch_outcomes=256 batch_topologies=256 seen=18639917
step=81500 loss=-0.0054 reverse_nll=0.2465 ESS=0.999 batch_outcomes=256 batch_topologies=256 seen=18641025
step=81525 loss=-0.0151 reverse_nll=0.0150 ESS=0.999 batch_outcomes=256 batch_topologies=256 seen=18642120
step=81550 loss=-0.0057 reverse_nll=0.0041 ESS=0.991 batch_outcomes=256 batch_topologies=256 seen=18643243
step=81575 loss=-0.0175 reverse_nll=0.0001 ESS=0.999 batch_outcomes=256 batch_topologies=256 seen=18644257
step=81600 loss=-0.0087 reverse_nll=0.1166 ESS=0.995 batch_outcomes=256 batch_topologies=256 seen=18645252
step=81625 loss=-0.0119 reverse_nll=0.0004 ESS=0.997 batch_outcomes=256 batch_topologies=256 seen=18646258
step=81650 loss=-0.0074 reverse_nll=0.0003 ESS=0.997 batch_outcomes=256 batch_topologies=256 seen=18647261
step=81675 loss=-0.0131 reverse_nll=0.0000 ESS=0.999 batch_outcomes=256 batch_topologies=256 seen=18648196
step=81700 loss=-0.0091 reverse_nll=0.0000 ESS=0.999 batch_outcomes=256 batch_topologies=256 seen=18649258
step=81725 loss=-0.0084 reverse_nll=0.0000 ESS=0.999 batch_outcomes=256 batch_topologies=256 seen=18650268
step=81750 loss=-0.0041 reverse_nll=0.0000 ESS=0.999 batch_outcomes=256 batch_topologies=256 seen=18651282
step=81775 loss=-0.0029 reverse_nll=0.0000 ESS=0.999 batch_outcomes=256 batch_topologies=256 seen=18652278
step=81800 loss=-0.0016 reverse_nll=0.0001 ESS=0.999 batch_outcomes=256 batch_topologies=256 seen=18653220
step=81825 loss=-0.0042 reverse_nll=0.0000 ESS=0.999 batch_outcomes=256 batch_topologies=256 seen=18654265
step=81850 loss=-0.0029 reverse_nll=0.0001 ESS=0.999 batch_outcomes=256 batch_topologies=256 seen=18655272
step=81875 loss=-0.0021 reverse_nll=0.0000 ESS=0.999 batch_outcomes=256 batch_topologies=256 seen=18656331
step=81900 loss=-0.0004 reverse_nll=0.0001 ESS=0.999 batch_outcomes=256 batch_topologies=256 seen=18657333
step=81925 loss=0.0134 reverse_nll=0.2792 ESS=0.979 batch_outcomes=256 batch_topologies=256 seen=18658392
step=81950 loss=0.0027 reverse_nll=0.0097 ESS=0.974 batch_outcomes=256 batch_topologies=256 seen=18659342
step=81975 loss=-0.0128 reverse_nll=0.0610 ESS=0.991 batch_outcomes=256 batch_topologies=256 seen=18660290
step=82000 loss=-0.0092 reverse_nll=0.0002 ESS=0.987 batch_outcomes=256 batch_topologies=256 seen=18661203
step=82025 loss=-0.0134 reverse_nll=0.0005 ESS=0.995 batch_outcomes=256 batch_topologies=256 seen=18662193
step=82050 loss=-0.0190 reverse_nll=0.0000 ESS=0.999 batch_outcomes=256 batch_topologies=256 seen=18663089
step=82075 loss=-0.0116 reverse_nll=0.0000 ESS=0.999 batch_outcomes=256 batch_topologies=256 seen=18664136
step=82100 loss=-0.0101 reverse_nll=0.0000 ESS=0.999 batch_outcomes=256 batch_topologies=256 seen=18665104
step=82125 loss=-0.0091 reverse_nll=0.0000 ESS=0.999 batch_outcomes=256 batch_topologies=256 seen=18666072
step=82150 loss=-0.0047 reverse_nll=0.0000 ESS=0.999 batch_outcomes=256 batch_topologies=256 seen=18666925
step=82175 loss=-0.0065 reverse_nll=0.0000 ESS=0.999 batch_outcomes=256 batch_topologies=256 seen=18667844
step=82200 loss=-0.0004 reverse_nll=0.0980 ESS=0.991 batch_outcomes=256 batch_topologies=256 seen=18668779
step=82225 loss=-0.0012 reverse_nll=0.0004 ESS=0.999 batch_outcomes=256 batch_topologies=256 seen=18669795
step=82250 loss=-0.0067 reverse_nll=0.0044 ESS=0.998 batch_outcomes=256 batch_topologies=256 seen=18670701
step=82275 loss=-0.0096 reverse_nll=0.0001 ESS=0.999 batch_outcomes=256 batch_topologies=256 seen=18671628
step=82300 loss=-0.0077 reverse_nll=0.0001 ESS=0.999 batch_outcomes=256 batch_topologies=256 seen=18672572
step=82325 loss=-0.0072 reverse_nll=0.0000 ESS=0.999 batch_outcomes=256 batch_topologies=256 seen=18673386
step=82350 loss=-0.0024 reverse_nll=0.0000 ESS=0.999 batch_outcomes=256 batch_topologies=256 seen=18674309
step=82375 loss=-0.0050 reverse_nll=0.0000 ESS=0.999 batch_outcomes=256 batch_topologies=256 seen=18675248
step=82400 loss=-0.0057 reverse_nll=0.0000 ESS=1.000 batch_outcomes=256 batch_topologies=256 seen=18676140
step=82425 loss=-0.0040 reverse_nll=0.0000 ESS=0.999 batch_outcomes=256 batch_topologies=256 seen=18676998
step=82450 loss=0.0010 reverse_nll=0.0000 ESS=0.999 batch_outcomes=256 batch_topologies=256 seen=18677949
step=82475 loss=0.0004 reverse_nll=0.0000 ESS=0.999 batch_outcomes=256 batch_topologies=256 seen=18678982
step=82500 loss=-0.0012 reverse_nll=0.0000 ESS=0.999 batch_outcomes=256 batch_topologies=256 seen=18680045
step=82525 loss=-0.0008 reverse_nll=0.0000 ESS=0.999 batch_outcomes=256 batch_topologies=256 seen=18680960
step=82550 loss=0.0216 reverse_nll=0.0387 ESS=0.967 batch_outcomes=256 batch_topologies=256 seen=18682107
step=82575 loss=0.0030 reverse_nll=0.0020 ESS=0.983 batch_outcomes=256 batch_topologies=256 seen=18683181
step=82600 loss=-0.0191 reverse_nll=0.0002 ESS=0.999 batch_outcomes=256 batch_topologies=256 seen=18684119
step=82625 loss=-0.0134 reverse_nll=0.0002 ESS=0.998 batch_outcomes=256 batch_topologies=256 seen=18684946
step=82650 loss=-0.0145 reverse_nll=0.0000 ESS=0.999 batch_outcomes=256 batch_topologies=256 seen=18685835
step=82675 loss=-0.0114 reverse_nll=0.0000 ESS=0.999 batch_outcomes=256 batch_topologies=256 seen=18686707
step=82700 loss=-0.0045 reverse_nll=0.0000 ESS=0.999 batch_outcomes=256 batch_topologies=256 seen=18687619
step=82725 loss=-0.0058 reverse_nll=0.0000 ESS=0.999 batch_outcomes=256 batch_topologies=256 seen=18688566
step=82750 loss=-0.0043 reverse_nll=0.0000 ESS=0.999 batch_outcomes=256 batch_topologies=256 seen=18689447
step=82775 loss=-0.0047 reverse_nll=0.0000 ESS=0.999 batch_outcomes=256 batch_topologies=256 seen=18690369
step=82800 loss=-0.0029 reverse_nll=0.0000 ESS=0.999 batch_outcomes=256 batch_topologies=256 seen=18691263
step=82825 loss=-0.0026 reverse_nll=0.0000 ESS=0.999 batch_outcomes=256 batch_topologies=256 seen=18692208
step=82850 loss=-0.0043 reverse_nll=0.0000 ESS=0.999 batch_outcomes=256 batch_topologies=256 seen=18693142
step=82875 loss=-0.0015 reverse_nll=0.0000 ESS=0.999 batch_outcomes=256 batch_topologies=256 seen=18694047
step=82900 loss=-0.0006 reverse_nll=0.0001 ESS=0.999 batch_outcomes=256 batch_topologies=256 seen=18695056
step=82925 loss=0.0630 reverse_nll=0.0282 ESS=0.940 batch_outcomes=256 batch_topologies=256 seen=18696100
step=82950 loss=-0.0090 reverse_nll=0.0078 ESS=0.991 batch_outcomes=256 batch_topologies=256 seen=18697099
step=82975 loss=-0.0164 reverse_nll=0.0000 ESS=0.999 batch_outcomes=256 batch_topologies=256 seen=18698038
step=83000 loss=-0.0128 reverse_nll=0.0000 ESS=0.999 batch_outcomes=256 batch_topologies=256 seen=18698975
step=83025 loss=-0.0100 reverse_nll=0.0000 ESS=0.999 batch_outcomes=256 batch_topologies=256 seen=18699955
step=83050 loss=-0.0078 reverse_nll=0.0000 ESS=0.999 batch_outcomes=256 batch_topologies=256 seen=18700910
step=83075 loss=-0.0052 reverse_nll=0.0001 ESS=0.999 batch_outcomes=256 batch_topologies=256 seen=18701879
step=83100 loss=-0.0074 reverse_nll=0.0001 ESS=0.999 batch_outcomes=256 batch_topologies=256 seen=18702774
step=83125 loss=0.0509 reverse_nll=0.0255 ESS=0.957 batch_outcomes=256 batch_topologies=256 seen=18703735
step=83150 loss=0.0068 reverse_nll=0.1196 ESS=0.984 batch_outcomes=256 batch_topologies=256 seen=18704780
step=83175 loss=0.0021 reverse_nll=0.0003 ESS=0.985 batch_outcomes=256 batch_topologies=256 seen=18705726
step=83200 loss=-0.0019 reverse_nll=0.0005 ESS=0.992 batch_outcomes=256 batch_topologies=256 seen=18706640
step=83225 loss=-0.0066 reverse_nll=0.0011 ESS=0.998 batch_outcomes=256 batch_topologies=256 seen=18707530
step=83250 loss=-0.0136 reverse_nll=0.0002 ESS=0.997 batch_outcomes=256 batch_topologies=256 seen=18708483
step=83275 loss=-0.0102 reverse_nll=0.0001 ESS=0.997 batch_outcomes=256 batch_topologies=256 seen=18709446
step=83300 loss=-0.0091 reverse_nll=0.0003 ESS=0.999 batch_outcomes=256 batch_topologies=256 seen=18710340
step=83325 loss=-0.0086 reverse_nll=0.0007 ESS=0.999 batch_outcomes=256 batch_topologies=256 seen=18711219
step=83350 loss=-0.0101 reverse_nll=0.0000 ESS=0.999 batch_outcomes=256 batch_topologies=256 seen=18712059
step=83375 loss=-0.0068 reverse_nll=0.0000 ESS=0.999 batch_outcomes=256 batch_topologies=256 seen=18712863
step=83400 loss=-0.0051 reverse_nll=0.0000 ESS=0.999 batch_outcomes=256 batch_topologies=256 seen=18713661
step=83425 loss=-0.0029 reverse_nll=0.0000 ESS=0.999 batch_outcomes=256 batch_topologies=256 seen=18714518
step=83450 loss=-0.0026 reverse_nll=0.0000 ESS=0.999 batch_outcomes=256 batch_topologies=256 seen=18715368
step=83475 loss=-0.0042 reverse_nll=0.0000 ESS=0.999 batch_outcomes=256 batch_topologies=256 seen=18716166
step=83500 loss=-0.0020 reverse_nll=0.0001 ESS=0.999 batch_outcomes=256 batch_topologies=256 seen=18717055
step=83525 loss=-0.0041 reverse_nll=0.0000 ESS=0.999 batch_outcomes=256 batch_topologies=256 seen=18717923
step=83550 loss=0.0008 reverse_nll=0.0001 ESS=0.999 batch_outcomes=256 batch_topologies=256 seen=18718733
step=83575 loss=-0.0010 reverse_nll=0.0001 ESS=0.999 batch_outcomes=256 batch_topologies=256 seen=18719570
step=83600 loss=-0.0020 reverse_nll=0.0001 ESS=0.999 batch_outcomes=256 batch_topologies=256 seen=18720380
step=83625 loss=-0.0004 reverse_nll=0.0001 ESS=0.999 batch_outcomes=256 batch_topologies=256 seen=18721253
step=83650 loss=0.0276 reverse_nll=0.2998 ESS=0.971 batch_outcomes=256 batch_topologies=256 seen=18722114
step=83675 loss=0.0590 reverse_nll=0.0393 ESS=0.957 batch_outcomes=256 batch_topologies=256 seen=18723055
step=83700 loss=-0.0198 reverse_nll=0.0005 ESS=0.997 batch_outcomes=256 batch_topologies=256 seen=18723916
step=83725 loss=-0.0062 reverse_nll=0.0010 ESS=0.991 batch_outcomes=256 batch_topologies=256 seen=18724806
step=83750 loss=-0.0046 reverse_nll=0.0044 ESS=0.989 batch_outcomes=256 batch_topologies=256 seen=18725650
step=83775 loss=-0.0164 reverse_nll=0.0001 ESS=0.999 batch_outcomes=256 batch_topologies=256 seen=18726510
step=83800 loss=-0.0094 reverse_nll=0.0000 ESS=0.999 batch_outcomes=256 batch_topologies=256 seen=18727335
step=83825 loss=-0.0093 reverse_nll=0.0000 ESS=0.999 batch_outcomes=256 batch_topologies=256 seen=18728110
step=83850 loss=-0.0090 reverse_nll=0.0000 ESS=0.999 batch_outcomes=256 batch_topologies=256 seen=18728884
step=83875 loss=-0.0068 reverse_nll=0.0000 ESS=0.999 batch_outcomes=256 batch_topologies=256 seen=18729798
step=83900 loss=-0.0047 reverse_nll=0.0000 ESS=0.999 batch_outcomes=256 batch_topologies=256 seen=18730629
step=83925 loss=-0.0065 reverse_nll=0.0000 ESS=0.999 batch_outcomes=256 batch_topologies=256 seen=18731352
step=83950 loss=-0.0054 reverse_nll=0.0000 ESS=0.999 batch_outcomes=256 batch_topologies=256 seen=18732198
step=83975 loss=-0.0009 reverse_nll=0.0001 ESS=0.999 batch_outcomes=256 batch_topologies=256 seen=18732988
step=84000 loss=-0.0005 reverse_nll=0.0001 ESS=0.999 batch_outcomes=256 batch_topologies=256 seen=18733798
step=84025 loss=-0.0018 reverse_nll=0.0512 ESS=0.999 batch_outcomes=256 batch_topologies=256 seen=18734591
step=84050 loss=0.0428 reverse_nll=0.0068 ESS=0.961 batch_outcomes=256 batch_topologies=256 seen=18735393
step=84075 loss=-0.0032 reverse_nll=0.0111 ESS=0.990 batch_outcomes=256 batch_topologies=256 seen=18736250
step=84100 loss=-0.0155 reverse_nll=0.0000 ESS=0.999 batch_outcomes=256 batch_topologies=256 seen=18737002
step=84125 loss=-0.0119 reverse_nll=0.0000 ESS=0.999 batch_outcomes=256 batch_topologies=256 seen=18738141
step=84150 loss=-0.0111 reverse_nll=0.0000 ESS=0.999 batch_outcomes=256 batch_topologies=256 seen=18739217
step=84175 loss=-0.0064 reverse_nll=0.0000 ESS=0.999 batch_outcomes=256 batch_topologies=256 seen=18740195
step=84200 loss=-0.0051 reverse_nll=0.0000 ESS=0.999 batch_outcomes=256 batch_topologies=256 seen=18741083
step=84225 loss=-0.0051 reverse_nll=0.0000 ESS=0.999 batch_outcomes=256 batch_topologies=256 seen=18741929
step=84250 loss=-0.0030 reverse_nll=0.0000 ESS=0.999 batch_outcomes=256 batch_topologies=256 seen=18742782
step=84275 loss=-0.0011 reverse_nll=0.0000 ESS=0.999 batch_outcomes=256 batch_topologies=256 seen=18743594
step=84300 loss=-0.0016 reverse_nll=0.0001 ESS=0.999 batch_outcomes=256 batch_topologies=256 seen=18744389
step=84325 loss=-0.0025 reverse_nll=0.0001 ESS=0.999 batch_outcomes=256 batch_topologies=256 seen=18745133
step=84350 loss=-0.0008 reverse_nll=0.0001 ESS=0.999 batch_outcomes=256 batch_topologies=256 seen=18745810
step=84375 loss=0.0302 reverse_nll=0.0655 ESS=0.974 batch_outcomes=256 batch_topologies=256 seen=18746576
step=84400 loss=0.0948 reverse_nll=0.0035 ESS=0.908 batch_outcomes=256 batch_topologies=256 seen=18747511
step=84425 loss=-0.0091 reverse_nll=0.0065 ESS=0.988 batch_outcomes=256 batch_topologies=256 seen=18748457
step=84450 loss=0.0004 reverse_nll=0.0012 ESS=0.980 batch_outcomes=256 batch_topologies=256 seen=18749326
step=84475 loss=-0.0162 reverse_nll=0.0001 ESS=0.999 batch_outcomes=256 batch_topologies=256 seen=18750120
step=84500 loss=-0.0170 reverse_nll=0.0032 ESS=0.999 batch_outcomes=256 batch_topologies=256 seen=18750947
step=84525 loss=-0.0153 reverse_nll=0.0002 ESS=0.999 batch_outcomes=256 batch_topologies=256 seen=18751809
step=84550 loss=-0.0152 reverse_nll=0.0000 ESS=0.999 batch_outcomes=256 batch_topologies=256 seen=18752773
step=84575 loss=-0.0097 reverse_nll=0.0000 ESS=0.999 batch_outcomes=256 batch_topologies=256 seen=18753620
step=84600 loss=-0.0080 reverse_nll=0.0000 ESS=0.999 batch_outcomes=256 batch_topologies=256 seen=18754458
step=84625 loss=-0.0058 reverse_nll=0.0000 ESS=0.999 batch_outcomes=256 batch_topologies=256 seen=18755238
step=84650 loss=-0.0034 reverse_nll=0.0000 ESS=0.999 batch_outcomes=256 batch_topologies=256 seen=18755944
step=84675 loss=-0.0042 reverse_nll=0.0001 ESS=0.999 batch_outcomes=256 batch_topologies=256 seen=18756759
step=84700 loss=-0.0015 reverse_nll=0.0001 ESS=0.999 batch_outcomes=256 batch_topologies=256 seen=18757597
step=84725 loss=-0.0041 reverse_nll=0.0001 ESS=0.999 batch_outcomes=256 batch_topologies=256 seen=18758364
step=84750 loss=0.0017 reverse_nll=0.0001 ESS=0.999 batch_outcomes=256 batch_topologies=256 seen=18759104
step=84775 loss=-0.0021 reverse_nll=0.0001 ESS=0.999 batch_outcomes=256 batch_topologies=256 seen=18759961
step=84800 loss=-0.0040 reverse_nll=0.0001 ESS=0.999 batch_outcomes=256 batch_topologies=256 seen=18760817
step=84825 loss=0.0033 reverse_nll=0.0001 ESS=0.999 batch_outcomes=256 batch_topologies=256 seen=18761817
step=84850 loss=-0.0029 reverse_nll=0.0001 ESS=0.999 batch_outcomes=256 batch_topologies=256 seen=18762669
step=84875 loss=0.1883 reverse_nll=0.4551 ESS=0.838 batch_outcomes=256 batch_topologies=256 seen=18763551
step=84900 loss=0.0529 reverse_nll=0.1527 ESS=0.938 batch_outcomes=256 batch_topologies=256 seen=18764511
step=84925 loss=-0.0214 reverse_nll=0.0007 ESS=0.999 batch_outcomes=256 batch_topologies=256 seen=18765557
step=84950 loss=0.0027 reverse_nll=0.0104 ESS=0.972 batch_outcomes=256 batch_topologies=256 seen=18766487
step=84975 loss=-0.0196 reverse_nll=0.0000 ESS=0.999 batch_outcomes=256 batch_topologies=256 seen=18767293
step=85000 loss=-0.0153 reverse_nll=0.0000 ESS=0.999 batch_outcomes=256 batch_topologies=256 seen=18768015
step=85025 loss=-0.0132 reverse_nll=0.0000 ESS=0.999 batch_outcomes=256 batch_topologies=256 seen=18768764
step=85050 loss=-0.0093 reverse_nll=0.0000 ESS=0.999 batch_outcomes=256 batch_topologies=256 seen=18769465
step=85075 loss=-0.0096 reverse_nll=0.0000 ESS=0.999 batch_outcomes=256 batch_topologies=256 seen=18770170
step=85100 loss=-0.0056 reverse_nll=0.0000 ESS=0.999 batch_outcomes=256 batch_topologies=256 seen=18770911
step=85125 loss=-0.0047 reverse_nll=0.0000 ESS=0.999 batch_outcomes=256 batch_topologies=256 seen=18771716
step=85150 loss=-0.0020 reverse_nll=0.0000 ESS=0.999 batch_outcomes=256 batch_topologies=256 seen=18772449
step=85175 loss=-0.0033 reverse_nll=0.0000 ESS=0.999 batch_outcomes=256 batch_topologies=256 seen=18773357
step=85200 loss=-0.0027 reverse_nll=0.0001 ESS=0.999 batch_outcomes=256 batch_topologies=256 seen=18774420
step=85225 loss=0.2243 reverse_nll=0.1171 ESS=0.811 batch_outcomes=256 batch_topologies=256 seen=18775295
step=85250 loss=0.0924 reverse_nll=0.0745 ESS=0.918 batch_outcomes=256 batch_topologies=256 seen=18776207
step=85275 loss=0.0334 reverse_nll=0.0033 ESS=0.959 batch_outcomes=256 batch_topologies=256 seen=18777144
step=85300 loss=-0.0120 reverse_nll=0.0002 ESS=0.997 batch_outcomes=256 batch_topologies=256 seen=18778056
step=85325 loss=-0.0056 reverse_nll=0.0009 ESS=0.995 batch_outcomes=256 batch_topologies=256 seen=18778911
step=85350 loss=-0.0158 reverse_nll=0.0000 ESS=0.999 batch_outcomes=256 batch_topologies=256 seen=18779729
step=85375 loss=-0.0093 reverse_nll=0.0000 ESS=0.999 batch_outcomes=256 batch_topologies=256 seen=18780518
step=85400 loss=-0.0069 reverse_nll=0.0000 ESS=0.999 batch_outcomes=256 batch_topologies=256 seen=18781312
step=85425 loss=-0.0037 reverse_nll=0.0000 ESS=0.999 batch_outcomes=256 batch_topologies=256 seen=18782216
step=85450 loss=-0.0027 reverse_nll=0.0000 ESS=0.999 batch_outcomes=256 batch_topologies=256 seen=18783021
step=85475 loss=-0.0030 reverse_nll=0.0000 ESS=0.999 batch_outcomes=256 batch_topologies=256 seen=18783845
step=85500 loss=-0.0035 reverse_nll=0.0000 ESS=0.999 batch_outcomes=256 batch_topologies=256 seen=18784629
step=85525 loss=-0.0028 reverse_nll=0.0001 ESS=0.999 batch_outcomes=256 batch_topologies=256 seen=18785380
step=85550 loss=-0.0007 reverse_nll=0.0000 ESS=0.999 batch_outcomes=256 batch_topologies=256 seen=18786123
step=85575 loss=-0.0029 reverse_nll=0.0001 ESS=0.999 batch_outcomes=256 batch_topologies=256 seen=18786893
step=85600 loss=-0.0043 reverse_nll=0.0001 ESS=0.999 batch_outcomes=256 batch_topologies=256 seen=18787655
step=85625 loss=0.0026 reverse_nll=0.0001 ESS=0.999 batch_outcomes=256 batch_topologies=256 seen=18788388
step=85650 loss=0.0167 reverse_nll=0.9554 ESS=0.979 batch_outcomes=256 batch_topologies=256 seen=18789281
step=85675 loss=-0.0127 reverse_nll=0.0935 ESS=0.989 batch_outcomes=256 batch_topologies=256 seen=18790210
step=85700 loss=-0.0027 reverse_nll=0.0045 ESS=0.982 batch_outcomes=256 batch_topologies=256 seen=18791065
step=85725 loss=-0.0268 reverse_nll=0.0001 ESS=0.999 batch_outcomes=256 batch_topologies=256 seen=18791924
step=85750 loss=-0.0209 reverse_nll=0.0000 ESS=0.999 batch_outcomes=256 batch_topologies=256 seen=18792757
step=85775 loss=-0.0164 reverse_nll=0.0000 ESS=0.999 batch_outcomes=256 batch_topologies=256 seen=18793512
step=85800 loss=-0.0124 reverse_nll=0.0000 ESS=0.999 batch_outcomes=256 batch_topologies=256 seen=18794203
step=85825 loss=-0.0083 reverse_nll=0.0000 ESS=0.999 batch_outcomes=256 batch_topologies=256 seen=18794964
step=85850 loss=-0.0093 reverse_nll=0.0001 ESS=0.999 batch_outcomes=256 batch_topologies=256 seen=18795758
step=85875 loss=-0.0066 reverse_nll=0.0001 ESS=0.999 batch_outcomes=256 batch_topologies=256 seen=18796522
step=85900 loss=-0.0052 reverse_nll=0.0001 ESS=0.999 batch_outcomes=256 batch_topologies=256 seen=18797242
step=85925 loss=-0.0044 reverse_nll=0.0001 ESS=0.999 batch_outcomes=256 batch_topologies=256 seen=18798012
step=85950 loss=-0.0023 reverse_nll=0.0001 ESS=0.999 batch_outcomes=256 batch_topologies=256 seen=18799088
step=85975 loss=-0.0047 reverse_nll=0.0000 ESS=0.999 batch_outcomes=256 batch_topologies=256 seen=18800005
step=86000 loss=0.0012 reverse_nll=0.0001 ESS=0.999 batch_outcomes=256 batch_topologies=256 seen=18800834
step=86025 loss=0.0982 reverse_nll=0.0550 ESS=0.909 batch_outcomes=256 batch_topologies=256 seen=18801670
step=86050 loss=-0.0100 reverse_nll=0.0233 ESS=0.988 batch_outcomes=256 batch_topologies=256 seen=18802535
step=86075 loss=0.0083 reverse_nll=0.0060 ESS=0.975 batch_outcomes=256 batch_topologies=256 seen=18803439
step=86100 loss=-0.0111 reverse_nll=0.0024 ESS=0.987 batch_outcomes=256 batch_topologies=256 seen=18804195
step=86125 loss=-0.0082 reverse_nll=0.0004 ESS=0.991 batch_outcomes=256 batch_topologies=256 seen=18804968
step=86150 loss=-0.0164 reverse_nll=0.0000 ESS=0.999 batch_outcomes=256 batch_topologies=256 seen=18805681
step=86175 loss=-0.0112 reverse_nll=0.0000 ESS=0.999 batch_outcomes=256 batch_topologies=256 seen=18806542
step=86200 loss=-0.0108 reverse_nll=0.0000 ESS=0.999 batch_outcomes=256 batch_topologies=256 seen=18807391
step=86225 loss=-0.0076 reverse_nll=0.0000 ESS=0.999 batch_outcomes=256 batch_topologies=256 seen=18808141
step=86250 loss=-0.0049 reverse_nll=0.0000 ESS=0.999 batch_outcomes=256 batch_topologies=256 seen=18808910
step=86275 loss=-0.0032 reverse_nll=0.0000 ESS=0.999 batch_outcomes=256 batch_topologies=256 seen=18809649
step=86300 loss=-0.0050 reverse_nll=0.0000 ESS=0.999 batch_outcomes=256 batch_topologies=256 seen=18810350
step=86325 loss=-0.0030 reverse_nll=0.0000 ESS=0.999 batch_outcomes=256 batch_topologies=256 seen=18811064
step=86350 loss=-0.0039 reverse_nll=0.0000 ESS=0.999 batch_outcomes=256 batch_topologies=256 seen=18811864
step=86375 loss=-0.0017 reverse_nll=0.0001 ESS=0.999 batch_outcomes=256 batch_topologies=256 seen=18812605
step=86400 loss=-0.0008 reverse_nll=0.0001 ESS=0.999 batch_outcomes=256 batch_topologies=256 seen=18813297
step=86425 loss=-0.0012 reverse_nll=0.0001 ESS=0.999 batch_outcomes=256 batch_topologies=256 seen=18814043
step=86450 loss=0.0540 reverse_nll=1.7442 ESS=0.955 batch_outcomes=256 batch_topologies=256 seen=18814790
step=86475 loss=0.0142 reverse_nll=0.0235 ESS=0.974 batch_outcomes=256 batch_topologies=256 seen=18815586
step=86500 loss=0.0128 reverse_nll=0.0661 ESS=0.973 batch_outcomes=256 batch_topologies=256 seen=18816422
step=86525 loss=0.0020 reverse_nll=0.0011 ESS=0.984 batch_outcomes=256 batch_topologies=256 seen=18817228
step=86550 loss=-0.0020 reverse_nll=0.0004 ESS=0.988 batch_outcomes=256 batch_topologies=256 seen=18818037
step=86575 loss=-0.0171 reverse_nll=0.0000 ESS=0.999 batch_outcomes=256 batch_topologies=256 seen=18818824
step=86600 loss=-0.0097 reverse_nll=0.0000 ESS=0.999 batch_outcomes=256 batch_topologies=256 seen=18819466
step=86625 loss=0.0095 reverse_nll=0.0005 ESS=0.984 batch_outcomes=256 batch_topologies=256 seen=18820339
step=86650 loss=-0.0123 reverse_nll=0.0002 ESS=0.999 batch_outcomes=256 batch_topologies=256 seen=18821108
step=86675 loss=0.0042 reverse_nll=0.0020 ESS=0.992 batch_outcomes=256 batch_topologies=256 seen=18821843
step=86700 loss=-0.0100 reverse_nll=0.0002 ESS=0.999 batch_outcomes=256 batch_topologies=256 seen=18822538
step=86725 loss=-0.0116 reverse_nll=0.0001 ESS=0.999 batch_outcomes=256 batch_topologies=256 seen=18823206
step=86750 loss=-0.0093 reverse_nll=0.0001 ESS=0.999 batch_outcomes=256 batch_topologies=256 seen=18823895
step=86775 loss=0.0049 reverse_nll=0.1181 ESS=0.988 batch_outcomes=256 batch_topologies=256 seen=18824617
step=86800 loss=0.0285 reverse_nll=0.0048 ESS=0.970 batch_outcomes=256 batch_topologies=256 seen=18825323
step=86825 loss=0.0136 reverse_nll=0.0034 ESS=0.982 batch_outcomes=256 batch_topologies=256 seen=18826116
step=86850 loss=-0.0079 reverse_nll=0.0000 ESS=0.999 batch_outcomes=256 batch_topologies=256 seen=18826907
step=86875 loss=-0.0066 reverse_nll=0.0000 ESS=0.999 batch_outcomes=256 batch_topologies=256 seen=18827597
step=86900 loss=-0.0059 reverse_nll=0.0000 ESS=0.999 batch_outcomes=256 batch_topologies=256 seen=18828280
step=86925 loss=0.0221 reverse_nll=0.0038 ESS=0.979 batch_outcomes=256 batch_topologies=256 seen=18828992
step=86950 loss=-0.0082 reverse_nll=0.0000 ESS=0.999 batch_outcomes=256 batch_topologies=256 seen=18829666
step=86975 loss=-0.0036 reverse_nll=0.0000 ESS=0.999 batch_outcomes=256 batch_topologies=256 seen=18830331
step=87000 loss=-0.0045 reverse_nll=0.0000 ESS=0.999 batch_outcomes=256 batch_topologies=256 seen=18830973
step=87025 loss=-0.0044 reverse_nll=0.0000 ESS=0.999 batch_outcomes=256 batch_topologies=256 seen=18831756
step=87050 loss=-0.0039 reverse_nll=0.0000 ESS=0.999 batch_outcomes=256 batch_topologies=256 seen=18832492
step=87075 loss=-0.0009 reverse_nll=0.0000 ESS=0.999 batch_outcomes=256 batch_topologies=256 seen=18833208
step=87100 loss=-0.0018 reverse_nll=0.0001 ESS=0.999 batch_outcomes=256 batch_topologies=256 seen=18833927
step=87125 loss=-0.0011 reverse_nll=0.0000 ESS=0.999 batch_outcomes=256 batch_topologies=256 seen=18834619
step=87150 loss=-0.0025 reverse_nll=0.0001 ESS=0.999 batch_outcomes=256 batch_topologies=256 seen=18835263
step=87175 loss=0.0012 reverse_nll=0.0001 ESS=0.999 batch_outcomes=256 batch_topologies=256 seen=18835870
step=87200 loss=-0.0007 reverse_nll=0.0001 ESS=0.999 batch_outcomes=256 batch_topologies=256 seen=18836598
step=87225 loss=0.0016 reverse_nll=0.0002 ESS=0.999 batch_outcomes=256 batch_topologies=256 seen=18837246
step=87250 loss=-0.0012 reverse_nll=0.0001 ESS=0.999 batch_outcomes=256 batch_topologies=256 seen=18837964
step=87275 loss=0.0445 reverse_nll=0.0158 ESS=0.952 batch_outcomes=256 batch_topologies=256 seen=18838784
step=87300 loss=0.0028 reverse_nll=0.0413 ESS=0.984 batch_outcomes=256 batch_topologies=256 seen=18839567
step=87325 loss=-0.0103 reverse_nll=0.0014 ESS=0.985 batch_outcomes=256 batch_topologies=256 seen=18840315
step=87350 loss=-0.0210 reverse_nll=0.0004 ESS=0.999 batch_outcomes=256 batch_topologies=256 seen=18841178
step=87375 loss=-0.0103 reverse_nll=0.0005 ESS=0.991 batch_outcomes=256 batch_topologies=256 seen=18841982
step=87400 loss=-0.0148 reverse_nll=0.0000 ESS=0.999 batch_outcomes=256 batch_topologies=256 seen=18842762
step=87425 loss=-0.0136 reverse_nll=0.0000 ESS=0.999 batch_outcomes=256 batch_topologies=256 seen=18843444
step=87450 loss=-0.0119 reverse_nll=0.0000 ESS=0.999 batch_outcomes=256 batch_topologies=256 seen=18844139
step=87475 loss=-0.0080 reverse_nll=0.0000 ESS=0.999 batch_outcomes=256 batch_topologies=256 seen=18844796
step=87500 loss=-0.0073 reverse_nll=0.0001 ESS=0.999 batch_outcomes=256 batch_topologies=256 seen=18845366
step=87525 loss=-0.0032 reverse_nll=0.0001 ESS=0.999 batch_outcomes=256 batch_topologies=256 seen=18845988
step=87550 loss=-0.0003 reverse_nll=0.0001 ESS=0.999 batch_outcomes=256 batch_topologies=256 seen=18846665
step=87575 loss=-0.0041 reverse_nll=0.0000 ESS=0.999 batch_outcomes=256 batch_topologies=256 seen=18847302
step=87600 loss=-0.0038 reverse_nll=0.0000 ESS=0.999 batch_outcomes=256 batch_topologies=256 seen=18847978
step=87625 loss=0.0758 reverse_nll=0.0358 ESS=0.947 batch_outcomes=256 batch_topologies=256 seen=18848629
step=87650 loss=0.0098 reverse_nll=0.0629 ESS=0.982 batch_outcomes=256 batch_topologies=256 seen=18849383
step=87675 loss=-0.0084 reverse_nll=0.0129 ESS=0.992 batch_outcomes=256 batch_topologies=256 seen=18850133
step=87700 loss=-0.0118 reverse_nll=0.0028 ESS=0.994 batch_outcomes=256 batch_topologies=256 seen=18850837
step=87725 loss=-0.0164 reverse_nll=0.0000 ESS=0.999 batch_outcomes=256 batch_topologies=256 seen=18851434
step=87750 loss=-0.0130 reverse_nll=0.0000 ESS=0.999 batch_outcomes=256 batch_topologies=256 seen=18852049
step=87775 loss=-0.0112 reverse_nll=0.0000 ESS=0.999 batch_outcomes=256 batch_topologies=256 seen=18852791
step=87800 loss=0.0394 reverse_nll=0.0097 ESS=0.960 batch_outcomes=256 batch_topologies=256 seen=18853460
step=87825 loss=0.0010 reverse_nll=0.0031 ESS=0.991 batch_outcomes=256 batch_topologies=256 seen=18854161
step=87850 loss=-0.0062 reverse_nll=0.0029 ESS=0.999 batch_outcomes=256 batch_topologies=256 seen=18854854
step=87875 loss=-0.0108 reverse_nll=0.0000 ESS=0.999 batch_outcomes=256 batch_topologies=256 seen=18855535
step=87900 loss=-0.0100 reverse_nll=0.0000 ESS=0.999 batch_outcomes=256 batch_topologies=256 seen=18856160
step=87925 loss=-0.0071 reverse_nll=0.0000 ESS=0.999 batch_outcomes=256 batch_topologies=256 seen=18856824
step=87950 loss=-0.0044 reverse_nll=0.0000 ESS=0.999 batch_outcomes=256 batch_topologies=256 seen=18857469
step=87975 loss=-0.0059 reverse_nll=0.0000 ESS=0.999 batch_outcomes=256 batch_topologies=256 seen=18858115
step=88000 loss=0.0071 reverse_nll=0.3810 ESS=0.999 batch_outcomes=256 batch_topologies=256 seen=18858726
step=88025 loss=0.0252 reverse_nll=0.0010 ESS=0.974 batch_outcomes=256 batch_topologies=256 seen=18859389
step=88050 loss=0.0029 reverse_nll=0.0017 ESS=0.987 batch_outcomes=256 batch_topologies=256 seen=18860119
step=88075 loss=-0.0075 reverse_nll=0.0000 ESS=0.999 batch_outcomes=256 batch_topologies=256 seen=18860817
step=88100 loss=-0.0105 reverse_nll=0.0000 ESS=0.999 batch_outcomes=256 batch_topologies=256 seen=18861486
step=88125 loss=-0.0040 reverse_nll=0.0000 ESS=0.999 batch_outcomes=256 batch_topologies=256 seen=18862032
step=88150 loss=-0.0045 reverse_nll=0.0000 ESS=0.999 batch_outcomes=256 batch_topologies=256 seen=18862633
step=88175 loss=-0.0054 reverse_nll=0.0000 ESS=0.999 batch_outcomes=256 batch_topologies=256 seen=18863263
step=88200 loss=-0.0016 reverse_nll=0.0000 ESS=0.999 batch_outcomes=256 batch_topologies=256 seen=18863852
step=88225 loss=-0.0021 reverse_nll=0.0001 ESS=0.999 batch_outcomes=256 batch_topologies=256 seen=18864418
step=88250 loss=-0.0015 reverse_nll=0.0001 ESS=0.999 batch_outcomes=256 batch_topologies=256 seen=18864997
step=88275 loss=-0.0024 reverse_nll=0.0001 ESS=0.999 batch_outcomes=256 batch_topologies=256 seen=18865582
step=88300 loss=-0.0010 reverse_nll=0.0001 ESS=0.999 batch_outcomes=256 batch_topologies=256 seen=18866182
step=88325 loss=-0.0022 reverse_nll=0.0000 ESS=0.999 batch_outcomes=256 batch_topologies=256 seen=18866796
step=88350 loss=-0.0017 reverse_nll=0.0001 ESS=0.999 batch_outcomes=256 batch_topologies=256 seen=18867346
step=88375 loss=0.0592 reverse_nll=0.0173 ESS=0.933 batch_outcomes=256 batch_topologies=256 seen=18868004
step=88400 loss=0.0107 reverse_nll=0.0035 ESS=0.971 batch_outcomes=256 batch_topologies=256 seen=18868864
step=88425 loss=-0.0039 reverse_nll=0.0005 ESS=0.986 batch_outcomes=256 batch_topologies=256 seen=18869518
step=88450 loss=0.0302 reverse_nll=0.0032 ESS=0.957 batch_outcomes=256 batch_topologies=256 seen=18870233
step=88475 loss=0.0035 reverse_nll=0.0166 ESS=0.976 batch_outcomes=256 batch_topologies=256 seen=18870935
step=88500 loss=-0.0044 reverse_nll=0.0028 ESS=0.987 batch_outcomes=256 batch_topologies=256 seen=18871583
step=88525 loss=-0.0122 reverse_nll=0.0000 ESS=0.999 batch_outcomes=256 batch_topologies=256 seen=18872259
step=88550 loss=-0.0114 reverse_nll=0.0000 ESS=0.999 batch_outcomes=256 batch_topologies=256 seen=18872841
step=88575 loss=-0.0096 reverse_nll=0.0000 ESS=0.999 batch_outcomes=256 batch_topologies=256 seen=18873394
step=88600 loss=-0.0063 reverse_nll=0.0000 ESS=0.999 batch_outcomes=256 batch_topologies=256 seen=18873923
step=88625 loss=-0.0075 reverse_nll=0.0000 ESS=0.999 batch_outcomes=256 batch_topologies=256 seen=18874481
step=88650 loss=-0.0045 reverse_nll=0.0001 ESS=0.999 batch_outcomes=256 batch_topologies=256 seen=18875062
step=88675 loss=-0.0052 reverse_nll=0.0001 ESS=0.999 batch_outcomes=256 batch_topologies=256 seen=18875607
step=88700 loss=-0.0013 reverse_nll=0.0000 ESS=0.999 batch_outcomes=256 batch_topologies=256 seen=18876155
step=88725 loss=-0.0030 reverse_nll=0.0001 ESS=0.999 batch_outcomes=256 batch_topologies=256 seen=18876695
step=88750 loss=-0.0020 reverse_nll=0.0001 ESS=0.999 batch_outcomes=256 batch_topologies=256 seen=18877249
step=88775 loss=-0.0025 reverse_nll=0.0001 ESS=0.999 batch_outcomes=256 batch_topologies=256 seen=18877861
step=88800 loss=0.0019 reverse_nll=0.0001 ESS=0.999 batch_outcomes=256 batch_topologies=256 seen=18878448
step=88825 loss=0.1050 reverse_nll=0.1951 ESS=0.913 batch_outcomes=256 batch_topologies=256 seen=18879046
step=88850 loss=0.0106 reverse_nll=0.0089 ESS=0.969 batch_outcomes=256 batch_topologies=256 seen=18879832
step=88875 loss=-0.0217 reverse_nll=0.0015 ESS=0.991 batch_outcomes=256 batch_topologies=256 seen=18880619
step=88900 loss=-0.0242 reverse_nll=0.0001 ESS=0.995 batch_outcomes=256 batch_topologies=256 seen=18881245
step=88925 loss=-0.0233 reverse_nll=0.0002 ESS=0.996 batch_outcomes=256 batch_topologies=256 seen=18881805
step=88950 loss=-0.0197 reverse_nll=0.0000 ESS=0.999 batch_outcomes=256 batch_topologies=256 seen=18882611
step=88975 loss=-0.0143 reverse_nll=0.0000 ESS=0.999 batch_outcomes=256 batch_topologies=256 seen=18883346
step=89000 loss=0.0332 reverse_nll=0.2384 ESS=0.960 batch_outcomes=256 batch_topologies=256 seen=18884148
step=89025 loss=-0.0129 reverse_nll=0.0024 ESS=0.999 batch_outcomes=256 batch_topologies=256 seen=18884823
step=89050 loss=-0.0081 reverse_nll=0.0010 ESS=0.998 batch_outcomes=256 batch_topologies=256 seen=18885458
step=89075 loss=-0.0116 reverse_nll=0.0000 ESS=0.999 batch_outcomes=256 batch_topologies=256 seen=18886095
step=89100 loss=-0.0068 reverse_nll=0.0000 ESS=0.999 batch_outcomes=256 batch_topologies=256 seen=18886626
step=89125 loss=-0.0092 reverse_nll=0.0000 ESS=0.999 batch_outcomes=256 batch_topologies=256 seen=18887132
step=89150 loss=-0.0077 reverse_nll=0.0000 ESS=0.999 batch_outcomes=256 batch_topologies=256 seen=18887584
step=89175 loss=-0.0001 reverse_nll=0.1946 ESS=0.996 batch_outcomes=256 batch_topologies=256 seen=18888012
step=89200 loss=0.0010 reverse_nll=0.0139 ESS=0.994 batch_outcomes=256 batch_topologies=256 seen=18888644
step=89225 loss=0.0236 reverse_nll=0.0232 ESS=0.976 batch_outcomes=256 batch_topologies=256 seen=18889415
step=89250 loss=-0.0078 reverse_nll=0.0001 ESS=0.997 batch_outcomes=256 batch_topologies=256 seen=18890111
step=89275 loss=0.0186 reverse_nll=0.0034 ESS=0.977 batch_outcomes=256 batch_topologies=256 seen=18890713
step=89300 loss=-0.0066 reverse_nll=0.0000 ESS=0.999 batch_outcomes=256 batch_topologies=256 seen=18891325
step=89325 loss=-0.0070 reverse_nll=0.0000 ESS=0.999 batch_outcomes=256 batch_topologies=256 seen=18891921
step=89350 loss=-0.0065 reverse_nll=0.0000 ESS=0.999 batch_outcomes=256 batch_topologies=256 seen=18892455
step=89375 loss=-0.0049 reverse_nll=0.0000 ESS=0.999 batch_outcomes=256 batch_topologies=256 seen=18892988
step=89400 loss=0.0291 reverse_nll=0.0640 ESS=0.977 batch_outcomes=256 batch_topologies=256 seen=18893504
step=89425 loss=0.0037 reverse_nll=0.0012 ESS=0.990 batch_outcomes=256 batch_topologies=256 seen=18894057
step=89450 loss=-0.0073 reverse_nll=0.0002 ESS=0.999 batch_outcomes=256 batch_topologies=256 seen=18894602
step=89475 loss=-0.0064 reverse_nll=0.0069 ESS=0.995 batch_outcomes=256 batch_topologies=256 seen=18895145
step=89500 loss=0.0105 reverse_nll=0.3908 ESS=0.984 batch_outcomes=256 batch_topologies=256 seen=18895630
step=89525 loss=-0.0108 reverse_nll=0.0001 ESS=0.999 batch_outcomes=256 batch_topologies=256 seen=18896181
step=89550 loss=-0.0054 reverse_nll=0.0000 ESS=0.999 batch_outcomes=256 batch_topologies=256 seen=18896720
step=89575 loss=-0.0051 reverse_nll=0.0000 ESS=0.999 batch_outcomes=256 batch_topologies=256 seen=18897245
step=89600 loss=-0.0026 reverse_nll=0.0000 ESS=0.999 batch_outcomes=256 batch_topologies=256 seen=18897856
step=89625 loss=-0.0058 reverse_nll=0.0000 ESS=0.999 batch_outcomes=256 batch_topologies=256 seen=18898381
step=89650 loss=-0.0052 reverse_nll=0.0000 ESS=0.999 batch_outcomes=256 batch_topologies=256 seen=18898957
step=89675 loss=-0.0033 reverse_nll=0.0000 ESS=0.999 batch_outcomes=256 batch_topologies=256 seen=18899520
step=89700 loss=-0.0039 reverse_nll=0.0000 ESS=0.999 batch_outcomes=256 batch_topologies=256 seen=18900109
step=89725 loss=-0.0026 reverse_nll=0.0000 ESS=0.999 batch_outcomes=256 batch_topologies=256 seen=18900640
step=89750 loss=-0.0009 reverse_nll=0.0001 ESS=0.999 batch_outcomes=256 batch_topologies=256 seen=18901130
step=89775 loss=0.1292 reverse_nll=0.2752 ESS=0.880 batch_outcomes=256 batch_topologies=256 seen=18901575
step=89800 loss=0.0271 reverse_nll=0.0555 ESS=0.960 batch_outcomes=256 batch_topologies=256 seen=18902145
step=89825 loss=-0.0091 reverse_nll=0.0150 ESS=0.989 batch_outcomes=256 batch_topologies=256 seen=18902808
step=89850 loss=0.0017 reverse_nll=0.0064 ESS=0.985 batch_outcomes=256 batch_topologies=256 seen=18903332
step=89875 loss=-0.0182 reverse_nll=0.0000 ESS=0.999 batch_outcomes=256 batch_topologies=256 seen=18903969
step=89900 loss=-0.0135 reverse_nll=0.0000 ESS=0.999 batch_outcomes=256 batch_topologies=256 seen=18904666
step=89925 loss=-0.0091 reverse_nll=0.0000 ESS=0.999 batch_outcomes=256 batch_topologies=256 seen=18905230
step=89950 loss=-0.0073 reverse_nll=0.0000 ESS=0.999 batch_outcomes=256 batch_topologies=256 seen=18905769
step=89975 loss=-0.0048 reverse_nll=0.0000 ESS=0.999 batch_outcomes=256 batch_topologies=256 seen=18906305
step=90000 loss=-0.0052 reverse_nll=0.0001 ESS=0.999 batch_outcomes=256 batch_topologies=256 seen=18906923
step=90025 loss=-0.0041 reverse_nll=0.0001 ESS=0.999 batch_outcomes=256 batch_topologies=256 seen=18907618
step=90050 loss=-0.0041 reverse_nll=0.0001 ESS=0.999 batch_outcomes=256 batch_topologies=256 seen=18908282
step=90075 loss=-0.0022 reverse_nll=0.0001 ESS=0.999 batch_outcomes=256 batch_topologies=256 seen=18908862
step=90100 loss=-0.0052 reverse_nll=0.0484 ESS=0.994 batch_outcomes=256 batch_topologies=256 seen=18909426
step=90125 loss=-0.0020 reverse_nll=0.4173 ESS=0.987 batch_outcomes=256 batch_topologies=256 seen=18910074
step=90150 loss=-0.0164 reverse_nll=0.0028 ESS=0.999 batch_outcomes=256 batch_topologies=256 seen=18910695
step=90175 loss=-0.0099 reverse_nll=0.0038 ESS=0.995 batch_outcomes=256 batch_topologies=256 seen=18911249
step=90200 loss=-0.0112 reverse_nll=0.0001 ESS=0.999 batch_outcomes=256 batch_topologies=256 seen=18911792
step=90225 loss=-0.0155 reverse_nll=0.0000 ESS=0.999 batch_outcomes=256 batch_topologies=256 seen=18912319
step=90250 loss=-0.0121 reverse_nll=0.0000 ESS=0.999 batch_outcomes=256 batch_topologies=256 seen=18912837
step=90275 loss=-0.0083 reverse_nll=0.0000 ESS=1.000 batch_outcomes=256 batch_topologies=256 seen=18913266
step=90300 loss=-0.0049 reverse_nll=0.0000 ESS=0.999 batch_outcomes=256 batch_topologies=256 seen=18913708
step=90325 loss=-0.0064 reverse_nll=0.0000 ESS=0.999 batch_outcomes=256 batch_topologies=256 seen=18914126
step=90350 loss=-0.0050 reverse_nll=0.0001 ESS=0.999 batch_outcomes=256 batch_topologies=256 seen=18914531
step=90375 loss=-0.0041 reverse_nll=0.0001 ESS=0.999 batch_outcomes=256 batch_topologies=256 seen=18914913
step=90400 loss=-0.0041 reverse_nll=0.0000 ESS=0.999 batch_outcomes=256 batch_topologies=256 seen=18915274
step=90425 loss=-0.0028 reverse_nll=0.0001 ESS=0.999 batch_outcomes=256 batch_topologies=256 seen=18915908
step=90450 loss=0.0960 reverse_nll=0.4303 ESS=0.925 batch_outcomes=256 batch_topologies=256 seen=18916806
step=90475 loss=0.0710 reverse_nll=0.0059 ESS=0.942 batch_outcomes=256 batch_topologies=256 seen=18917626
step=90500 loss=-0.0117 reverse_nll=0.1682 ESS=0.999 batch_outcomes=256 batch_topologies=256 seen=18918427
step=90525 loss=-0.0142 reverse_nll=0.0008 ESS=0.999 batch_outcomes=256 batch_topologies=256 seen=18919136
step=90550 loss=-0.0155 reverse_nll=0.0014 ESS=0.999 batch_outcomes=256 batch_topologies=256 seen=18919790
step=90575 loss=-0.0134 reverse_nll=0.0001 ESS=0.999 batch_outcomes=256 batch_topologies=256 seen=18920448
step=90600 loss=-0.0130 reverse_nll=0.0002 ESS=0.999 batch_outcomes=256 batch_topologies=256 seen=18921039
step=90625 loss=-0.0084 reverse_nll=0.0001 ESS=0.998 batch_outcomes=256 batch_topologies=256 seen=18921622
step=90650 loss=-0.0093 reverse_nll=0.0001 ESS=0.999 batch_outcomes=256 batch_topologies=256 seen=18922098
step=90675 loss=-0.0002 reverse_nll=0.0546 ESS=0.993 batch_outcomes=256 batch_topologies=256 seen=18922535
step=90700 loss=-0.0023 reverse_nll=0.0005 ESS=0.994 batch_outcomes=256 batch_topologies=256 seen=18922985
step=90725 loss=-0.0066 reverse_nll=0.0000 ESS=0.999 batch_outcomes=256 batch_topologies=256 seen=18923393
step=90750 loss=-0.0044 reverse_nll=0.0000 ESS=0.999 batch_outcomes=256 batch_topologies=256 seen=18923883
step=90775 loss=-0.0037 reverse_nll=0.0000 ESS=0.999 batch_outcomes=256 batch_topologies=256 seen=18924552
step=90800 loss=-0.0036 reverse_nll=0.0000 ESS=0.999 batch_outcomes=256 batch_topologies=256 seen=18925121
step=90825 loss=-0.0037 reverse_nll=0.0000 ESS=0.999 batch_outcomes=256 batch_topologies=256 seen=18925592
step=90850 loss=0.0138 reverse_nll=0.0058 ESS=0.980 batch_outcomes=256 batch_topologies=256 seen=18926003
step=90875 loss=0.0036 reverse_nll=0.0009 ESS=0.992 batch_outcomes=256 batch_topologies=256 seen=18926538
step=90900 loss=-0.0078 reverse_nll=0.0019 ESS=0.999 batch_outcomes=256 batch_topologies=256 seen=18927203
step=90925 loss=-0.0085 reverse_nll=0.0004 ESS=0.999 batch_outcomes=256 batch_topologies=256 seen=18927896
step=90950 loss=-0.0077 reverse_nll=0.0000 ESS=0.999 batch_outcomes=256 batch_topologies=256 seen=18928484
step=90975 loss=-0.0089 reverse_nll=0.0000 ESS=0.999 batch_outcomes=256 batch_topologies=256 seen=18929051
step=91000 loss=-0.0083 reverse_nll=0.0001 ESS=0.999 batch_outcomes=256 batch_topologies=256 seen=18929535
step=91025 loss=0.0005 reverse_nll=0.0017 ESS=0.996 batch_outcomes=256 batch_topologies=256 seen=18930061
step=91050 loss=0.0406 reverse_nll=0.2791 ESS=0.961 batch_outcomes=256 batch_topologies=256 seen=18930554
step=91075 loss=0.0093 reverse_nll=0.0021 ESS=0.988 batch_outcomes=256 batch_topologies=256 seen=18930962
step=91100 loss=-0.0083 reverse_nll=0.0000 ESS=0.999 batch_outcomes=256 batch_topologies=256 seen=18931434
step=91125 loss=-0.0079 reverse_nll=0.0000 ESS=0.999 batch_outcomes=256 batch_topologies=256 seen=18932090
step=91150 loss=-0.0034 reverse_nll=0.0000 ESS=0.999 batch_outcomes=256 batch_topologies=256 seen=18932730
step=91175 loss=-0.0007 reverse_nll=0.0002 ESS=0.999 batch_outcomes=256 batch_topologies=256 seen=18933246
step=91200 loss=0.0014 reverse_nll=0.0005 ESS=0.995 batch_outcomes=256 batch_topologies=256 seen=18933774
step=91225 loss=-0.0033 reverse_nll=0.0000 ESS=0.999 batch_outcomes=256 batch_topologies=256 seen=18934284
step=91250 loss=-0.0062 reverse_nll=0.0000 ESS=0.999 batch_outcomes=256 batch_topologies=256 seen=18934684
step=91275 loss=-0.0061 reverse_nll=0.0000 ESS=0.999 batch_outcomes=256 batch_topologies=256 seen=18935128
step=91300 loss=-0.0025 reverse_nll=0.0000 ESS=0.999 batch_outcomes=256 batch_topologies=256 seen=18935778
step=91325 loss=-0.0027 reverse_nll=0.0000 ESS=0.999 batch_outcomes=256 batch_topologies=256 seen=18936427
step=91350 loss=-0.0002 reverse_nll=0.0001 ESS=0.999 batch_outcomes=256 batch_topologies=256 seen=18936927
step=91375 loss=-0.0029 reverse_nll=0.0001 ESS=0.999 batch_outcomes=256 batch_topologies=256 seen=18937446
step=91400 loss=0.0001 reverse_nll=1.3297 ESS=0.998 batch_outcomes=256 batch_topologies=256 seen=18938004
step=91425 loss=-0.0128 reverse_nll=0.0009 ESS=0.993 batch_outcomes=256 batch_topologies=256 seen=18938748
step=91450 loss=-0.0104 reverse_nll=0.0009 ESS=0.991 batch_outcomes=256 batch_topologies=256 seen=18939383
step=91475 loss=-0.0166 reverse_nll=0.0004 ESS=0.999 batch_outcomes=256 batch_topologies=256 seen=18939901
step=91500 loss=-0.0114 reverse_nll=0.0003 ESS=0.999 batch_outcomes=256 batch_topologies=256 seen=18940415
step=91525 loss=-0.0112 reverse_nll=0.0021 ESS=0.996 batch_outcomes=256 batch_topologies=256 seen=18940976
step=91550 loss=-0.0112 reverse_nll=0.0001 ESS=0.999 batch_outcomes=256 batch_topologies=256 seen=18941641
step=91575 loss=0.0062 reverse_nll=0.0375 ESS=0.987 batch_outcomes=256 batch_topologies=256 seen=18942247
step=91600 loss=-0.0112 reverse_nll=0.0001 ESS=0.999 batch_outcomes=256 batch_topologies=256 seen=18942784
step=91625 loss=-0.0067 reverse_nll=0.0000 ESS=0.999 batch_outcomes=256 batch_topologies=256 seen=18943247
step=91650 loss=-0.0058 reverse_nll=0.0000 ESS=0.999 batch_outcomes=256 batch_topologies=256 seen=18943664
step=91675 loss=-0.0074 reverse_nll=0.0000 ESS=0.999 batch_outcomes=256 batch_topologies=256 seen=18944027
step=91700 loss=-0.0037 reverse_nll=0.0000 ESS=0.999 batch_outcomes=256 batch_topologies=256 seen=18944383
step=91725 loss=-0.0025 reverse_nll=0.0000 ESS=0.999 batch_outcomes=256 batch_topologies=256 seen=18944708
step=91750 loss=-0.0010 reverse_nll=0.0000 ESS=0.999 batch_outcomes=256 batch_topologies=256 seen=18945092
step=91775 loss=-0.0012 reverse_nll=0.0000 ESS=0.999 batch_outcomes=256 batch_topologies=256 seen=18945794
step=91800 loss=-0.0010 reverse_nll=0.0001 ESS=0.999 batch_outcomes=256 batch_topologies=256 seen=18946630
step=91825 loss=-0.0005 reverse_nll=0.0001 ESS=0.999 batch_outcomes=256 batch_topologies=256 seen=18947312
step=91850 loss=-0.0003 reverse_nll=0.0001 ESS=1.000 batch_outcomes=256 batch_topologies=256 seen=18947931
step=91875 loss=0.1392 reverse_nll=0.0010 ESS=0.878 batch_outcomes=256 batch_topologies=256 seen=18948636
step=91900 loss=-0.0120 reverse_nll=0.0491 ESS=0.989 batch_outcomes=256 batch_topologies=256 seen=18949438
step=91925 loss=-0.0062 reverse_nll=0.0021 ESS=0.987 batch_outcomes=256 batch_topologies=256 seen=18950086
step=91950 loss=-0.0088 reverse_nll=0.0002 ESS=0.990 batch_outcomes=256 batch_topologies=256 seen=18950652
step=91975 loss=-0.0025 reverse_nll=0.0031 ESS=0.989 batch_outcomes=256 batch_topologies=256 seen=18951092
step=92000 loss=-0.0088 reverse_nll=0.0002 ESS=0.996 batch_outcomes=256 batch_topologies=256 seen=18951538
step=92025 loss=-0.0134 reverse_nll=0.0001 ESS=0.999 batch_outcomes=256 batch_topologies=256 seen=18952032
step=92050 loss=-0.0130 reverse_nll=0.0001 ESS=0.999 batch_outcomes=256 batch_topologies=256 seen=18952614
step=92075 loss=-0.0088 reverse_nll=0.0001 ESS=0.999 batch_outcomes=256 batch_topologies=256 seen=18953184
step=92100 loss=-0.0044 reverse_nll=0.0005 ESS=0.998 batch_outcomes=256 batch_topologies=256 seen=18953682
step=92125 loss=-0.0096 reverse_nll=0.0000 ESS=0.999 batch_outcomes=256 batch_topologies=256 seen=18954092
step=92150 loss=-0.0067 reverse_nll=0.0000 ESS=0.999 batch_outcomes=256 batch_topologies=256 seen=18954479
step=92175 loss=-0.0026 reverse_nll=0.0000 ESS=0.999 batch_outcomes=256 batch_topologies=256 seen=18954886
step=92200 loss=-0.0026 reverse_nll=0.0000 ESS=0.999 batch_outcomes=256 batch_topologies=256 seen=18955509
step=92225 loss=-0.0033 reverse_nll=0.0000 ESS=0.999 batch_outcomes=256 batch_topologies=256 seen=18956077
step=92250 loss=-0.0035 reverse_nll=0.0000 ESS=0.999 batch_outcomes=256 batch_topologies=256 seen=18956591
step=92275 loss=-0.0023 reverse_nll=0.0000 ESS=0.999 batch_outcomes=256 batch_topologies=256 seen=18957117
step=92300 loss=0.0027 reverse_nll=0.0000 ESS=0.999 batch_outcomes=256 batch_topologies=256 seen=18957595
step=92325 loss=0.0098 reverse_nll=0.0985 ESS=0.987 batch_outcomes=256 batch_topologies=256 seen=18958094
step=92350 loss=-0.0079 reverse_nll=0.0063 ESS=0.998 batch_outcomes=256 batch_topologies=256 seen=18958569
step=92375 loss=-0.0094 reverse_nll=0.0002 ESS=0.994 batch_outcomes=256 batch_topologies=256 seen=18959044
step=92400 loss=0.0119 reverse_nll=0.0003 ESS=0.983 batch_outcomes=256 batch_topologies=256 seen=18959743
step=92425 loss=-0.0105 reverse_nll=0.0000 ESS=0.999 batch_outcomes=256 batch_topologies=256 seen=18960328
step=92450 loss=-0.0082 reverse_nll=0.0000 ESS=0.999 batch_outcomes=256 batch_topologies=256 seen=18960768
step=92475 loss=-0.0047 reverse_nll=0.0000 ESS=0.999 batch_outcomes=256 batch_topologies=256 seen=18961147
step=92500 loss=-0.0043 reverse_nll=0.0000 ESS=0.999 batch_outcomes=256 batch_topologies=256 seen=18961565
step=92525 loss=-0.0047 reverse_nll=0.0000 ESS=0.999 batch_outcomes=256 batch_topologies=256 seen=18962073
step=92550 loss=-0.0035 reverse_nll=0.0000 ESS=0.999 batch_outcomes=256 batch_topologies=256 seen=18962613
step=92575 loss=-0.0032 reverse_nll=0.0001 ESS=0.999 batch_outcomes=256 batch_topologies=256 seen=18963064
step=92600 loss=-0.0024 reverse_nll=0.0001 ESS=0.999 batch_outcomes=256 batch_topologies=256 seen=18963433
step=92625 loss=-0.0002 reverse_nll=0.0000 ESS=0.999 batch_outcomes=256 batch_topologies=256 seen=18963852
step=92650 loss=-0.0001 reverse_nll=0.0001 ESS=0.999 batch_outcomes=256 batch_topologies=256 seen=18964458
step=92675 loss=0.0424 reverse_nll=0.0037 ESS=0.960 batch_outcomes=256 batch_topologies=256 seen=18965035
step=92700 loss=-0.0020 reverse_nll=0.0464 ESS=0.992 batch_outcomes=256 batch_topologies=256 seen=18965693
step=92725 loss=-0.0106 reverse_nll=0.0003 ESS=0.997 batch_outcomes=256 batch_topologies=256 seen=18966331
step=92750 loss=0.0019 reverse_nll=0.0009 ESS=0.993 batch_outcomes=256 batch_topologies=256 seen=18966823
step=92775 loss=-0.0120 reverse_nll=0.0000 ESS=0.999 batch_outcomes=256 batch_topologies=256 seen=18967305
step=92800 loss=-0.0099 reverse_nll=0.0000 ESS=0.999 batch_outcomes=256 batch_topologies=256 seen=18967760
step=92825 loss=-0.0108 reverse_nll=0.0000 ESS=0.999 batch_outcomes=256 batch_topologies=256 seen=18968139
step=92850 loss=-0.0073 reverse_nll=0.0000 ESS=0.999 batch_outcomes=256 batch_topologies=256 seen=18968562
step=92875 loss=-0.0050 reverse_nll=0.0000 ESS=0.999 batch_outcomes=256 batch_topologies=256 seen=18969172
step=92900 loss=-0.0061 reverse_nll=0.0000 ESS=0.999 batch_outcomes=256 batch_topologies=256 seen=18969808
step=92925 loss=-0.0036 reverse_nll=0.0001 ESS=0.999 batch_outcomes=256 batch_topologies=256 seen=18970382
step=92950 loss=-0.0041 reverse_nll=0.0001 ESS=0.999 batch_outcomes=256 batch_topologies=256 seen=18970998
step=92975 loss=0.1448 reverse_nll=0.8631 ESS=0.897 batch_outcomes=256 batch_topologies=256 seen=18971602
step=93000 loss=0.0468 reverse_nll=0.2176 ESS=0.953 batch_outcomes=256 batch_topologies=256 seen=18972259
step=93025 loss=0.0022 reverse_nll=0.2017 ESS=0.988 batch_outcomes=256 batch_topologies=256 seen=18972938
step=93050 loss=-0.0103 reverse_nll=0.0003 ESS=0.991 batch_outcomes=256 batch_topologies=256 seen=18973573
step=93075 loss=-0.0161 reverse_nll=0.0000 ESS=0.999 batch_outcomes=256 batch_topologies=256 seen=18974137
step=93100 loss=-0.0112 reverse_nll=0.0000 ESS=0.999 batch_outcomes=256 batch_topologies=256 seen=18974596
step=93125 loss=-0.0123 reverse_nll=0.0000 ESS=0.999 batch_outcomes=256 batch_topologies=256 seen=18974969
step=93150 loss=-0.0087 reverse_nll=0.0000 ESS=0.999 batch_outcomes=256 batch_topologies=256 seen=18975316
step=93175 loss=-0.0061 reverse_nll=0.0000 ESS=0.999 batch_outcomes=256 batch_topologies=256 seen=18975672
step=93200 loss=-0.0042 reverse_nll=0.0000 ESS=0.999 batch_outcomes=256 batch_topologies=256 seen=18976028
step=93225 loss=0.0269 reverse_nll=0.0962 ESS=0.965 batch_outcomes=256 batch_topologies=256 seen=18976473
step=93250 loss=0.0082 reverse_nll=0.0004 ESS=0.986 batch_outcomes=256 batch_topologies=256 seen=18977037
step=93275 loss=-0.0044 reverse_nll=0.0458 ESS=0.989 batch_outcomes=256 batch_topologies=256 seen=18977500
step=93300 loss=-0.0047 reverse_nll=0.0117 ESS=0.992 batch_outcomes=256 batch_topologies=256 seen=18977894
step=93325 loss=0.0134 reverse_nll=0.0003 ESS=0.972 batch_outcomes=256 batch_topologies=256 seen=18978351
step=93350 loss=-0.0112 reverse_nll=0.0086 ESS=0.999 batch_outcomes=256 batch_topologies=256 seen=18978800
step=93375 loss=-0.0093 reverse_nll=0.0001 ESS=0.998 batch_outcomes=256 batch_topologies=256 seen=18979758
step=93400 loss=-0.0096 reverse_nll=0.0000 ESS=0.999 batch_outcomes=256 batch_topologies=256 seen=18980682
step=93425 loss=-0.0095 reverse_nll=0.0000 ESS=0.999 batch_outcomes=256 batch_topologies=256 seen=18981511
step=93450 loss=-0.0025 reverse_nll=0.0000 ESS=0.999 batch_outcomes=256 batch_topologies=256 seen=18982239
step=93475 loss=-0.0019 reverse_nll=0.0000 ESS=0.999 batch_outcomes=256 batch_topologies=256 seen=18982841
step=93500 loss=-0.0041 reverse_nll=0.0000 ESS=0.999 batch_outcomes=256 batch_topologies=256 seen=18983329
step=93525 loss=-0.0028 reverse_nll=0.0001 ESS=0.999 batch_outcomes=256 batch_topologies=256 seen=18983788
step=93550 loss=-0.0026 reverse_nll=0.0001 ESS=0.999 batch_outcomes=256 batch_topologies=256 seen=18984387
step=93575 loss=0.0330 reverse_nll=0.0140 ESS=0.971 batch_outcomes=256 batch_topologies=256 seen=18984952
step=93600 loss=-0.0043 reverse_nll=0.0944 ESS=0.996 batch_outcomes=256 batch_topologies=256 seen=18985549
step=93625 loss=-0.0059 reverse_nll=0.1354 ESS=0.989 batch_outcomes=256 batch_topologies=256 seen=18986154
step=93650 loss=-0.0128 reverse_nll=0.0510 ESS=0.997 batch_outcomes=256 batch_topologies=256 seen=18986744
step=93675 loss=-0.0056 reverse_nll=0.0004 ESS=0.993 batch_outcomes=256 batch_topologies=256 seen=18987304
step=93700 loss=-0.0131 reverse_nll=0.0009 ESS=0.999 batch_outcomes=256 batch_topologies=256 seen=18987841
step=93725 loss=-0.0137 reverse_nll=0.0000 ESS=0.999 batch_outcomes=256 batch_topologies=256 seen=18988268
step=93750 loss=-0.0087 reverse_nll=0.0000 ESS=0.999 batch_outcomes=256 batch_topologies=256 seen=18988629
step=93775 loss=-0.0040 reverse_nll=0.0000 ESS=0.999 batch_outcomes=256 batch_topologies=256 seen=18988997
step=93800 loss=-0.0047 reverse_nll=0.0000 ESS=0.999 batch_outcomes=256 batch_topologies=256 seen=18989329
step=93825 loss=-0.0055 reverse_nll=0.0001 ESS=0.999 batch_outcomes=256 batch_topologies=256 seen=18989689
step=93850 loss=0.0104 reverse_nll=0.3728 ESS=0.989 batch_outcomes=256 batch_topologies=256 seen=18989981
step=93875 loss=0.0031 reverse_nll=0.0305 ESS=0.991 batch_outcomes=256 batch_topologies=256 seen=18990394
step=93900 loss=0.0185 reverse_nll=0.0480 ESS=0.973 batch_outcomes=256 batch_topologies=256 seen=18990857
step=93925 loss=0.0002 reverse_nll=0.0011 ESS=0.991 batch_outcomes=256 batch_topologies=256 seen=18991483
step=93950 loss=0.0017 reverse_nll=0.0002 ESS=0.992 batch_outcomes=256 batch_topologies=256 seen=18992165
step=93975 loss=-0.0075 reverse_nll=0.0001 ESS=0.996 batch_outcomes=256 batch_topologies=256 seen=18992934
step=94000 loss=-0.0082 reverse_nll=0.0001 ESS=0.995 batch_outcomes=256 batch_topologies=256 seen=18993629
step=94025 loss=-0.0054 reverse_nll=0.0000 ESS=0.999 batch_outcomes=256 batch_topologies=256 seen=18994189
step=94050 loss=-0.0035 reverse_nll=0.0000 ESS=0.999 batch_outcomes=256 batch_topologies=256 seen=18994635
step=94075 loss=-0.0020 reverse_nll=0.0000 ESS=0.999 batch_outcomes=256 batch_topologies=256 seen=18995013
step=94100 loss=-0.0050 reverse_nll=0.0000 ESS=0.999 batch_outcomes=256 batch_topologies=256 seen=18995393
step=94125 loss=-0.0018 reverse_nll=0.0001 ESS=0.999 batch_outcomes=256 batch_topologies=256 seen=18995752
step=94150 loss=-0.0026 reverse_nll=0.0000 ESS=0.999 batch_outcomes=256 batch_topologies=256 seen=18996055
step=94175 loss=-0.0013 reverse_nll=0.0000 ESS=0.999 batch_outcomes=256 batch_topologies=256 seen=18996373
step=94200 loss=0.0004 reverse_nll=0.0000 ESS=0.999 batch_outcomes=256 batch_topologies=256 seen=18996689
step=94225 loss=0.0014 reverse_nll=0.0001 ESS=0.999 batch_outcomes=256 batch_topologies=256 seen=18996988
step=94250 loss=-0.0027 reverse_nll=0.0001 ESS=0.999 batch_outcomes=256 batch_topologies=256 seen=18997261
step=94275 loss=0.0475 reverse_nll=0.0265 ESS=0.950 batch_outcomes=256 batch_topologies=256 seen=18997720
step=94300 loss=-0.0130 reverse_nll=0.0070 ESS=0.994 batch_outcomes=256 batch_topologies=256 seen=18998335
step=94325 loss=-0.0212 reverse_nll=0.0792 ESS=0.999 batch_outcomes=256 batch_topologies=256 seen=18999115
step=94350 loss=-0.0164 reverse_nll=0.0001 ESS=0.999 batch_outcomes=256 batch_topologies=256 seen=19000111
step=94375 loss=-0.0093 reverse_nll=0.0449 ESS=0.995 batch_outcomes=256 batch_topologies=256 seen=19000980
step=94400 loss=0.0146 reverse_nll=0.0028 ESS=0.974 batch_outcomes=256 batch_topologies=256 seen=19001744
step=94425 loss=-0.0143 reverse_nll=0.0004 ESS=0.999 batch_outcomes=256 batch_topologies=256 seen=19002424
step=94450 loss=-0.0078 reverse_nll=0.0120 ESS=0.999 batch_outcomes=256 batch_topologies=256 seen=19003006
step=94475 loss=-0.0055 reverse_nll=0.0002 ESS=0.995 batch_outcomes=256 batch_topologies=256 seen=19003594
step=94500 loss=-0.0094 reverse_nll=0.0000 ESS=0.999 batch_outcomes=256 batch_topologies=256 seen=19004110
step=94525 loss=-0.0076 reverse_nll=0.0001 ESS=0.999 batch_outcomes=256 batch_topologies=256 seen=19004577
step=94550 loss=0.0014 reverse_nll=0.0001 ESS=0.992 batch_outcomes=256 batch_topologies=256 seen=19004993
step=94575 loss=-0.0060 reverse_nll=0.0000 ESS=0.999 batch_outcomes=256 batch_topologies=256 seen=19005336
step=94600 loss=-0.0048 reverse_nll=0.0000 ESS=0.999 batch_outcomes=256 batch_topologies=256 seen=19005699
step=94625 loss=-0.0039 reverse_nll=0.0000 ESS=0.999 batch_outcomes=256 batch_topologies=256 seen=19006066
step=94650 loss=-0.0043 reverse_nll=0.0000 ESS=0.999 batch_outcomes=256 batch_topologies=256 seen=19006416
step=94675 loss=-0.0006 reverse_nll=0.0000 ESS=0.999 batch_outcomes=256 batch_topologies=256 seen=19006744
step=94700 loss=-0.0018 reverse_nll=0.0001 ESS=0.999 batch_outcomes=256 batch_topologies=256 seen=19007090
step=94725 loss=-0.0016 reverse_nll=0.0001 ESS=0.999 batch_outcomes=256 batch_topologies=256 seen=19007391
step=94750 loss=-0.0036 reverse_nll=0.0196 ESS=0.999 batch_outcomes=256 batch_topologies=256 seen=19007766
step=94775 loss=0.0136 reverse_nll=0.0595 ESS=0.981 batch_outcomes=256 batch_topologies=256 seen=19008232
step=94800 loss=-0.0061 reverse_nll=0.0039 ESS=0.997 batch_outcomes=256 batch_topologies=256 seen=19008748
step=94825 loss=-0.0102 reverse_nll=0.0002 ESS=0.999 batch_outcomes=256 batch_topologies=256 seen=19009545
step=94850 loss=-0.0120 reverse_nll=0.0001 ESS=0.999 batch_outcomes=256 batch_topologies=256 seen=19010377
step=94875 loss=-0.0103 reverse_nll=0.0000 ESS=0.999 batch_outcomes=256 batch_topologies=256 seen=19011181
step=94900 loss=-0.0053 reverse_nll=0.0000 ESS=0.999 batch_outcomes=256 batch_topologies=256 seen=19011842
step=94925 loss=-0.0053 reverse_nll=0.0000 ESS=0.999 batch_outcomes=256 batch_topologies=256 seen=19012455
step=94950 loss=-0.0062 reverse_nll=0.0000 ESS=0.999 batch_outcomes=256 batch_topologies=256 seen=19012943
step=94975 loss=-0.0034 reverse_nll=0.0000 ESS=0.999 batch_outcomes=256 batch_topologies=256 seen=19013355
Traceback (most recent call last):
  File "/usr/lib/python3.10/runpy.py", line 196, in _run_module_as_main
    return _run_code(code, main_globals, None,
  File "/usr/lib/python3.10/runpy.py", line 86, in _run_code
    exec(code, run_globals)
  File "/home/armaan/phylogfn/learned_reverse_ips/train.py", line 28, in <module>
    main()
  File "/home/armaan/phylogfn/learned_reverse_ips/train.py", line 24, in main
    run_experiment(exp_cfg)
  File "/home/armaan/phylogfn/learned_reverse_ips/runner.py", line 395, in run_experiment
    final_logger.on_step(
  File "/home/armaan/phylogfn/final/logging/run_logger.py", line 114, in on_step
    self._schedule_eval_note(gs)
  File "/home/armaan/phylogfn/final/logging/run_logger.py", line 118, in _schedule_eval_note
    marker.write_text(json.dumps({"global_step": global_step}) + "\n")
  File "/usr/lib/python3.10/pathlib.py", line 1154, in write_text
    with self.open(mode='w', encoding=encoding, errors=errors, newline=newline) as f:
  File "/usr/lib/python3.10/pathlib.py", line 1119, in open
    return self._accessor.open(self, mode, buffering, encoding, errors,
FileNotFoundError: [Errno 2] No such file or directory: '/home/armaan/phylogfn/final/runs/27taxa_noreplay_b4096_seed1/learned_reverse/20260825_210645_learned_reverse_27taxa_noreplay_b4096_seed1_learned_reverse_ips_grpo/eval_dumps/eval_step_095000.pending'
Traceback (most recent call last):
  File "/usr/lib/python3.10/runpy.py", line 196, in _run_module_as_main
    return _run_code(code, main_globals, None,
  File "/usr/lib/python3.10/runpy.py", line 86, in _run_code
    exec(code, run_globals)
  File "/home/armaan/phylogfn/final/__main__.py", line 85, in <module>
    main()
  File "/home/armaan/phylogfn/final/__main__.py", line 35, in main
    pipeline_main(argv)
  File "/home/armaan/phylogfn/final/pipeline.py", line 318, in main
    manifest = run_pipeline(
  File "/home/armaan/phylogfn/final/pipeline.py", line 144, in run_pipeline
    run_command(train_spec, log_file=log_file)
  File "/home/armaan/phylogfn/final/run_utils.py", line 71, in run_command
    subprocess.run(spec.argv, cwd=spec.cwd, env=spec.env, check=True)
  File "/usr/lib/python3.10/subprocess.py", line 526, in run
    raise CalledProcessError(retcode, process.args,
subprocess.CalledProcessError: Command '['/home/armaan/phylogfn/.venv/bin/python', '-u', '-m', 'learned_reverse_ips.train', '--run-name', 'learned_reverse_27taxa_noreplay_b4096_seed1', '--cfg', 'src/configs/benchmark_dna_cfgs/discrete_branch_lengths/cfg_0.001binsize_50bins_temperature_anneal_0.4_27taxa_shift12000.yaml', '--dataset', 'dataset/benchmark_datasets/DS1.pickle', '--output', 'final/runs/27taxa_noreplay_b4096_seed1/learned_reverse', '--seed', '1', '--epochs', '25000', '--steps-per-epoch', '1', '--on-policy-batch-size', '1024', '--replay-batch-size', '0', '--replay-buffer-size', '512', '--checkpoint-every', '1000', '--full-model', '--outcome-level', 'signature', '--advantage-reward-mode', 'log_reward', '--grpo-lr', '1e-4', '--grpo-entropy-coef', '0.0', '--grpo-num-iterations', '1', '--rollout-chunk-size', '1024', '--print-every', '25', '--disable-replay', '--reward-target', 'shifted_linear', '--reverse-lr', '0.001', '--reverse-train-epochs', '8', '--reverse-hidden-size', '256', '--reverse-num-layers', '3', '--skip-post-train', '--reverse-policy', 'mlp', '--resume-from', '/home/armaan/phylogfn/final/runs/27taxa_noreplay_b4096_seed1/learned_reverse/20260825_210645_learned_reverse_27taxa_noreplay_b4096_seed1_learned_reverse_ips_grpo', '--mini-batch-splits', '4']' returned non-zero exit status 1.
[final] running: /home/armaan/phylogfn/.venv/bin/python -u -m learned_reverse_ips.train --run-name learned_reverse_27taxa_noreplay_b4096_seed1 --cfg src/configs/benchmark_dna_cfgs/discrete_branch_lengths/cfg_0.001binsize_50bins_temperature_anneal_0.4_27taxa_shift12000.yaml --dataset dataset/benchmark_datasets/DS1.pickle --output final/runs/27taxa_noreplay_b4096_seed1/learned_reverse --seed 1 --epochs 25000 --steps-per-epoch 1 --on-policy-batch-size 1024 --replay-batch-size 0 --replay-buffer-size 512 --checkpoint-every 1000 --full-model --outcome-level signature --advantage-reward-mode log_reward --grpo-lr 1e-4 --grpo-entropy-coef 0.0 --grpo-num-iterations 1 --rollout-chunk-size 1024 --print-every 25 --disable-replay --reward-target shifted_linear --reverse-lr 0.001 --reverse-train-epochs 8 --reverse-hidden-size 256 --reverse-num-layers 3 --skip-post-train --reverse-policy mlp --resume-from final/runs/27taxa_noreplay_b4096_seed1/learned_reverse/20260825_210645_learned_reverse_27taxa_noreplay_b4096_seed1_learned_reverse_ips_grpo --mini-batch-splits 4
cpu_threads=2
/home/armaan/phylogfn/src/gfn/tb_gfn_phylo.py:126: FutureWarning: `torch.cuda.amp.GradScaler(args...)` is deprecated. Please use `torch.amp.GradScaler('cuda', args...)` instead.
  self.scaler = torch.cuda.amp.GradScaler()
warning: training_state.json not found; inferred resume from metrics.jsonl
resuming from checkpoint_epoch22999.pt: global_step=95000 mode=on_policy
  continue epochs [23750, 25000)
restored learned-reverse state from learned_reverse_epoch22999.pt
run_dir=/home/armaan/phylogfn/final/runs/27taxa_noreplay_b4096_seed1/learned_reverse/20260825_210645_learned_reverse_27taxa_noreplay_b4096_seed1_learned_reverse_ips_grpo
method=learned_reverse_ips_grpo device=cuda:0 reverse_policy_type=mlp outcome_level=signature reward_target=shifted_linear full_model=True G_on=1024 G_replay=0 G_total=1024 replay_buffer=0
weight=R(x)*q_phi(tau|x)/P_F(tau); reverse update happens after PPO
warning: outcome tracker counts not in training_state.json; global diversity counters restart (last cumulative_unique_outcomes=19013730)
step=95000 loss=-0.0147 reverse_nll=0.0009 ESS=0.999 batch_outcomes=256 batch_topologies=256 seen=256
step=95025 loss=0.0167 reverse_nll=0.0003 ESS=0.975 batch_outcomes=256 batch_topologies=256 seen=6656
step=95050 loss=-0.0099 reverse_nll=0.0000 ESS=0.999 batch_outcomes=256 batch_topologies=256 seen=13056
step=95075 loss=-0.0087 reverse_nll=0.0000 ESS=0.999 batch_outcomes=256 batch_topologies=256 seen=19456
step=95100 loss=-0.0004 reverse_nll=0.0000 ESS=0.999 batch_outcomes=256 batch_topologies=256 seen=25856
step=95125 loss=-0.0026 reverse_nll=0.0000 ESS=0.999 batch_outcomes=256 batch_topologies=256 seen=32256
step=95150 loss=-0.0063 reverse_nll=0.0000 ESS=0.999 batch_outcomes=256 batch_topologies=256 seen=38656
step=95175 loss=-0.0038 reverse_nll=0.0000 ESS=0.999 batch_outcomes=256 batch_topologies=256 seen=45056
step=95200 loss=0.0192 reverse_nll=0.3553 ESS=0.981 batch_outcomes=256 batch_topologies=256 seen=51456
