step=00000 loss=0.0000 R=0.600 adv=0.000 unique=14
step=00001 loss=0.0000 R=0.600 adv=0.000 unique=14
step=00002 loss=0.0000 R=0.600 adv=0.000 unique=12
step=00003 loss=0.0000 R=0.600 adv=0.000 unique=14
step=00004 loss=0.0000 R=0.600 adv=0.000 unique=11
step=00005 loss=0.0000 R=0.600 adv=0.000 unique=14
step=00006 loss=0.0000 R=0.600 adv=0.000 unique=12
step=00007 loss=0.0000 R=0.600 adv=0.000 unique=13
step=00008 loss=0.0000 R=0.600 adv=0.000 unique=13
step=00009 loss=0.0000 R=0.600 adv=0.000 unique=14
step=00010 loss=0.0000 R=0.600 adv=0.000 unique=14
step=00011 loss=0.0000 R=0.600 adv=0.000 unique=10
step=00012 loss=0.0000 R=0.600 adv=0.000 unique=15
step=00013 loss=0.0000 R=0.600 adv=0.000 unique=15
step=00014 loss=0.0000 R=0.600 adv=0.000 unique=13
step=00015 loss=0.0000 R=0.600 adv=0.000 unique=14
step=00016 loss=0.0000 R=0.600 adv=0.000 unique=12
step=00017 loss=0.0000 R=0.600 adv=0.000 unique=12
step=00018 loss=0.0000 R=0.600 adv=0.000 unique=14
step=00019 loss=0.0000 R=0.600 adv=0.000 unique=11
step=00020 loss=0.0000 R=0.600 adv=0.000 unique=16
step=00021 loss=0.0000 R=0.600 adv=0.000 unique=17
step=00022 loss=0.0000 R=0.600 adv=0.000 unique=12
step=00023 loss=0.0000 R=0.600 adv=0.000 unique=14
step=00024 loss=0.0000 R=0.600 adv=0.000 unique=17
step=00025 loss=0.0000 R=0.600 adv=0.000 unique=16
step=00026 loss=0.0000 R=0.600 adv=0.000 unique=14
step=00027 loss=0.0000 R=0.600 adv=0.000 unique=12
step=00028 loss=0.0000 R=0.600 adv=0.000 unique=13
step=00029 loss=0.0000 R=0.600 adv=0.000 unique=12
step=00030 loss=0.0000 R=0.600 adv=0.000 unique=12
step=00031 loss=0.0000 R=0.600 adv=0.000 unique=12
step=00032 loss=0.0000 R=0.600 adv=0.000 unique=14
step=00033 loss=0.0000 R=0.600 adv=0.000 unique=14
step=00034 loss=0.0000 R=0.600 adv=0.000 unique=16
step=00035 loss=0.0000 R=0.600 adv=0.000 unique=12
step=00036 loss=0.0000 R=0.600 adv=0.000 unique=13
step=00037 loss=-0.0000 R=0.663 adv=0.000 unique=17
step=00038 loss=-0.0000 R=0.663 adv=0.000 unique=15
step=00039 loss=-0.0000 R=0.663 adv=0.000 unique=19
step=00040 loss=-0.0000 R=0.725 adv=0.000 unique=19
step=00041 loss=0.0000 R=0.553 adv=-0.000 unique=25
step=00042 loss=0.0000 R=0.631 adv=-0.000 unique=23
step=00043 loss=0.0000 R=0.850 adv=0.000 unique=24
step=00044 loss=-0.0000 R=0.975 adv=0.000 unique=30
step=00045 loss=-0.0000 R=0.584 adv=0.000 unique=28
step=00046 loss=0.0000 R=0.584 adv=-0.000 unique=30
step=00047 loss=-0.0000 R=0.741 adv=0.000 unique=32
step=00048 loss=-0.0000 R=0.600 adv=0.000 unique=30
step=00049 loss=-0.0000 R=0.522 adv=0.000 unique=32
step=00050 loss=-0.0000 R=0.538 adv=0.000 unique=30
step=00051 loss=-0.0000 R=0.787 adv=0.000 unique=31
step=00052 loss=0.0000 R=0.319 adv=0.000 unique=32
step=00053 loss=0.0000 R=0.459 adv=-0.000 unique=31
step=00054 loss=-0.0000 R=0.772 adv=0.000 unique=30
step=00055 loss=-0.0000 R=0.522 adv=0.000 unique=30
step=00056 loss=0.0000 R=0.600 adv=-0.000 unique=31
step=00057 loss=0.0000 R=0.709 adv=-0.000 unique=30
step=00058 loss=0.0000 R=0.834 adv=-0.000 unique=29
step=00059 loss=-0.0000 R=0.928 adv=0.000 unique=30
step=00060 loss=0.0000 R=0.663 adv=-0.000 unique=31
step=00061 loss=0.0000 R=0.834 adv=-0.000 unique=29
step=00062 loss=0.0000 R=0.991 adv=-0.000 unique=29
step=00063 loss=-0.0000 R=0.631 adv=0.000 unique=29
step=00064 loss=-0.0000 R=0.834 adv=0.000 unique=30
step=00065 loss=0.0000 R=0.944 adv=-0.000 unique=31
step=00066 loss=0.0000 R=0.584 adv=-0.000 unique=30
step=00067 loss=-0.0000 R=0.819 adv=0.000 unique=29
step=00068 loss=0.0000 R=0.803 adv=-0.000 unique=30
step=00069 loss=0.0000 R=0.553 adv=-0.000 unique=30
step=00070 loss=-0.0000 R=0.741 adv=0.000 unique=31
step=00071 loss=-0.0000 R=0.819 adv=0.000 unique=32
step=00072 loss=-0.0000 R=0.694 adv=0.000 unique=29
step=00073 loss=-0.0000 R=0.647 adv=0.000 unique=32
step=00074 loss=0.0000 R=0.709 adv=-0.000 unique=29
step=00075 loss=-0.0000 R=0.772 adv=0.000 unique=31
step=00076 loss=-0.0000 R=0.834 adv=0.000 unique=29
step=00077 loss=0.0000 R=0.850 adv=-0.000 unique=31
step=00078 loss=0.0000 R=0.991 adv=-0.000 unique=30
step=00079 loss=-0.0000 R=0.772 adv=0.000 unique=31
step=00080 loss=-0.0000 R=0.584 adv=0.000 unique=30
step=00081 loss=0.0000 R=0.741 adv=0.000 unique=29
step=00082 loss=-0.0000 R=0.647 adv=0.000 unique=31
step=00083 loss=-0.0000 R=0.491 adv=0.000 unique=28
step=00084 loss=0.0000 R=0.756 adv=-0.000 unique=31
step=00085 loss=0.0000 R=0.788 adv=-0.000 unique=30
step=00086 loss=0.0000 R=0.709 adv=-0.000 unique=32
step=00087 loss=-0.0000 R=0.788 adv=0.000 unique=30
step=00088 loss=-0.0000 R=0.491 adv=0.000 unique=28
step=00089 loss=0.0000 R=0.663 adv=-0.000 unique=30
step=00090 loss=-0.0000 R=0.772 adv=0.000 unique=29
step=00091 loss=0.0000 R=0.600 adv=-0.000 unique=30
step=00092 loss=-0.0000 R=0.772 adv=0.000 unique=32
step=00093 loss=-0.0000 R=0.866 adv=0.000 unique=29
step=00094 loss=-0.0000 R=0.741 adv=0.000 unique=30
step=00095 loss=0.0000 R=1.100 adv=-0.000 unique=26
step=00096 loss=-0.0000 R=0.584 adv=0.000 unique=30
step=00097 loss=-0.0000 R=0.788 adv=0.000 unique=31
step=00098 loss=-0.0000 R=1.084 adv=0.000 unique=29
step=00099 loss=0.0000 R=0.991 adv=-0.000 unique=28
step=00100 loss=0.0000 R=0.803 adv=-0.000 unique=29
step=00101 loss=-0.0000 R=0.553 adv=0.000 unique=29
step=00102 loss=0.0000 R=0.959 adv=0.000 unique=30
step=00103 loss=-0.0000 R=0.600 adv=0.000 unique=29
step=00104 loss=-0.0000 R=0.897 adv=0.000 unique=30
step=00105 loss=-0.0000 R=0.944 adv=0.000 unique=31
step=00106 loss=-0.0000 R=0.741 adv=0.000 unique=30
step=00107 loss=-0.0000 R=0.569 adv=0.000 unique=31
step=00108 loss=-0.0000 R=0.912 adv=0.000 unique=30
step=00109 loss=-0.0000 R=1.350 adv=0.000 unique=31
step=00110 loss=0.0000 R=0.741 adv=0.000 unique=27
step=00111 loss=-0.0000 R=0.709 adv=0.000 unique=31
step=00112 loss=-0.0000 R=0.741 adv=0.000 unique=32
step=00113 loss=-0.0000 R=0.912 adv=0.000 unique=29
step=00114 loss=0.0000 R=0.866 adv=-0.000 unique=30
step=00115 loss=0.0000 R=0.866 adv=-0.000 unique=30
step=00116 loss=-0.0000 R=1.131 adv=0.000 unique=32
step=00117 loss=-0.0000 R=0.756 adv=0.000 unique=31
step=00118 loss=-0.0000 R=0.553 adv=0.000 unique=29
step=00119 loss=0.0000 R=0.834 adv=-0.000 unique=29
step=00120 loss=0.0000 R=0.991 adv=-0.000 unique=30
step=00121 loss=0.0000 R=1.272 adv=0.000 unique=28
step=00122 loss=-0.0000 R=0.975 adv=0.000 unique=28
step=00123 loss=-0.0000 R=0.975 adv=0.000 unique=30
step=00124 loss=0.0000 R=1.209 adv=-0.000 unique=29
step=00125 loss=-0.0000 R=0.897 adv=0.000 unique=30
step=00126 loss=-0.0000 R=0.944 adv=-0.000 unique=30
step=00127 loss=-0.0000 R=1.084 adv=0.000 unique=30
step=00128 loss=0.0000 R=1.256 adv=-0.000 unique=29
step=00129 loss=0.0000 R=1.241 adv=-0.000 unique=29
step=00130 loss=-0.0000 R=1.069 adv=0.000 unique=27
step=00131 loss=0.0000 R=0.991 adv=-0.000 unique=31
step=00132 loss=0.0000 R=0.991 adv=-0.000 unique=26
step=00133 loss=0.0000 R=1.162 adv=-0.000 unique=30
step=00134 loss=-0.0000 R=0.928 adv=0.000 unique=31
step=00135 loss=-0.0000 R=1.100 adv=0.000 unique=28
step=00136 loss=-0.0000 R=1.428 adv=0.000 unique=29
step=00137 loss=-0.0000 R=1.100 adv=0.000 unique=30
step=00138 loss=0.0000 R=1.225 adv=-0.000 unique=29
step=00139 loss=-0.0000 R=1.131 adv=0.000 unique=29
step=00140 loss=-0.0000 R=1.225 adv=0.000 unique=30
step=00141 loss=0.0000 R=1.209 adv=-0.000 unique=30
step=00142 loss=0.0000 R=1.241 adv=-0.000 unique=28
step=00143 loss=-0.0000 R=1.287 adv=0.000 unique=28
step=00144 loss=0.0000 R=1.084 adv=-0.000 unique=30
step=00145 loss=0.0000 R=1.100 adv=-0.000 unique=29
step=00146 loss=0.0000 R=1.037 adv=0.000 unique=27
step=00147 loss=-0.0000 R=1.303 adv=0.000 unique=30
step=00148 loss=0.0000 R=1.256 adv=-0.000 unique=30
step=00149 loss=-0.0000 R=0.975 adv=0.000 unique=27
step=00150 loss=0.0000 R=1.209 adv=-0.000 unique=31
step=00151 loss=-0.0000 R=1.147 adv=0.000 unique=29
step=00152 loss=-0.0000 R=1.162 adv=0.000 unique=28
step=00153 loss=-0.0000 R=1.287 adv=0.000 unique=26
step=00154 loss=0.0000 R=1.241 adv=-0.000 unique=29
step=00155 loss=0.0000 R=1.366 adv=-0.000 unique=28
step=00156 loss=0.0000 R=1.162 adv=-0.000 unique=28
step=00157 loss=0.0000 R=1.319 adv=-0.000 unique=28
step=00158 loss=-0.0000 R=1.084 adv=0.000 unique=25
step=00159 loss=-0.0000 R=0.944 adv=0.000 unique=28
step=00160 loss=0.0000 R=1.491 adv=-0.000 unique=26
step=00161 loss=0.0000 R=1.522 adv=-0.000 unique=30
step=00162 loss=-0.0000 R=1.084 adv=0.000 unique=26
step=00163 loss=-0.0000 R=1.506 adv=0.000 unique=29
step=00164 loss=-0.0000 R=1.709 adv=0.000 unique=27
step=00165 loss=-0.0000 R=1.850 adv=0.000 unique=27
step=00166 loss=0.0000 R=1.256 adv=-0.000 unique=32
step=00167 loss=-0.0000 R=1.506 adv=0.000 unique=29
step=00168 loss=-0.0000 R=1.225 adv=0.000 unique=30
step=00169 loss=0.0000 R=1.491 adv=-0.000 unique=27
step=00170 loss=-0.0000 R=1.647 adv=0.000 unique=26
step=00171 loss=-0.0000 R=1.897 adv=0.000 unique=21
step=00172 loss=0.0000 R=1.553 adv=0.000 unique=26
step=00173 loss=0.0000 R=1.522 adv=-0.000 unique=30
step=00174 loss=-0.0000 R=1.850 adv=0.000 unique=24
step=00175 loss=0.0000 R=1.772 adv=-0.000 unique=29
step=00176 loss=0.0000 R=1.600 adv=0.000 unique=30
step=00177 loss=0.0000 R=1.241 adv=-0.000 unique=29
step=00178 loss=-0.0000 R=1.459 adv=0.000 unique=30
step=00179 loss=0.0000 R=1.725 adv=-0.000 unique=27
step=00180 loss=0.0000 R=1.522 adv=-0.000 unique=28
step=00181 loss=-0.0000 R=1.334 adv=0.000 unique=29
step=00182 loss=-0.0000 R=1.584 adv=0.000 unique=26
step=00183 loss=-0.0000 R=1.850 adv=0.000 unique=26
step=00184 loss=-0.0000 R=1.553 adv=0.000 unique=25
step=00185 loss=-0.0000 R=1.616 adv=0.000 unique=28
step=00186 loss=-0.0000 R=1.709 adv=0.000 unique=23
step=00187 loss=0.0000 R=1.787 adv=0.000 unique=26
step=00188 loss=-0.0000 R=1.647 adv=0.000 unique=29
step=00189 loss=0.0000 R=1.850 adv=-0.000 unique=26
step=00190 loss=-0.0000 R=1.850 adv=0.000 unique=24
step=00191 loss=-0.0000 R=2.100 adv=0.000 unique=24
step=00192 loss=-0.0000 R=1.912 adv=0.000 unique=26
step=00193 loss=-0.0000 R=1.616 adv=0.000 unique=27
step=00194 loss=-0.0000 R=1.647 adv=0.000 unique=26
step=00195 loss=-0.0000 R=1.662 adv=0.000 unique=24
step=00196 loss=-0.0000 R=1.912 adv=0.000 unique=25
step=00197 loss=-0.0000 R=1.631 adv=0.000 unique=27
step=00198 loss=-0.0000 R=1.741 adv=0.000 unique=23
step=00199 loss=-0.0000 R=2.100 adv=0.000 unique=22
step=00200 loss=0.0000 R=1.866 adv=-0.000 unique=24
step=00201 loss=0.0000 R=1.772 adv=-0.000 unique=26
step=00202 loss=-0.0000 R=1.725 adv=-0.000 unique=25
step=00203 loss=-0.0000 R=1.912 adv=0.000 unique=20
step=00204 loss=-0.0000 R=1.912 adv=0.000 unique=26
step=00205 loss=0.0000 R=1.662 adv=-0.000 unique=29
step=00206 loss=-0.0000 R=2.037 adv=0.000 unique=27
step=00207 loss=-0.0000 R=1.725 adv=0.000 unique=25
step=00208 loss=-0.0000 R=1.850 adv=0.000 unique=27
step=00209 loss=0.0000 R=1.631 adv=-0.000 unique=29
step=00210 loss=-0.0000 R=1.819 adv=0.000 unique=22
step=00211 loss=0.0000 R=1.709 adv=-0.000 unique=23
step=00212 loss=0.0000 R=2.037 adv=0.000 unique=22
step=00213 loss=-0.0000 R=2.209 adv=0.000 unique=25
step=00214 loss=-0.0000 R=1.897 adv=0.000 unique=24
step=00215 loss=-0.0000 R=1.819 adv=0.000 unique=24
step=00216 loss=0.0000 R=1.975 adv=-0.000 unique=21
step=00217 loss=0.0000 R=1.850 adv=-0.000 unique=23
step=00218 loss=0.0000 R=2.084 adv=-0.000 unique=23
step=00219 loss=-0.0000 R=2.162 adv=0.000 unique=24
step=00220 loss=-0.0000 R=2.147 adv=0.000 unique=23
step=00221 loss=-0.0000 R=1.850 adv=0.000 unique=23
step=00222 loss=-0.0000 R=1.975 adv=0.000 unique=24
step=00223 loss=-0.0000 R=2.037 adv=0.000 unique=23
step=00224 loss=-0.0000 R=2.037 adv=0.000 unique=23
step=00225 loss=-0.0000 R=2.162 adv=0.000 unique=26
step=00226 loss=-0.0000 R=2.225 adv=0.000 unique=20
step=00227 loss=-0.0000 R=2.037 adv=0.000 unique=23
step=00228 loss=-0.0000 R=2.225 adv=0.000 unique=25
step=00229 loss=-0.0000 R=1.834 adv=0.000 unique=22
step=00230 loss=-0.0000 R=2.225 adv=0.000 unique=21
step=00231 loss=-0.0000 R=2.100 adv=0.000 unique=22
step=00232 loss=-0.0000 R=1.975 adv=0.000 unique=25
step=00233 loss=-0.0000 R=2.100 adv=0.000 unique=25
step=00234 loss=-0.0000 R=2.412 adv=0.000 unique=18
step=00235 loss=0.0000 R=2.287 adv=-0.000 unique=21
step=00236 loss=-0.0000 R=1.834 adv=0.000 unique=22
step=00237 loss=-0.0000 R=1.959 adv=0.000 unique=21
step=00238 loss=-0.0000 R=1.787 adv=0.000 unique=20
step=00239 loss=-0.0000 R=2.100 adv=0.000 unique=23
step=00240 loss=-0.0000 R=2.397 adv=0.000 unique=18
step=00241 loss=-0.0000 R=2.225 adv=0.000 unique=21
step=00242 loss=-0.0000 R=2.225 adv=0.000 unique=20
step=00243 loss=0.0000 R=2.287 adv=0.000 unique=24
step=00244 loss=-0.0000 R=2.412 adv=0.000 unique=20
step=00245 loss=-0.0000 R=2.037 adv=0.000 unique=24
step=00246 loss=-0.0000 R=2.475 adv=0.000 unique=19
step=00247 loss=-0.0000 R=2.350 adv=0.000 unique=20
step=00248 loss=-0.0000 R=2.100 adv=0.000 unique=25
step=00249 loss=-0.0000 R=2.412 adv=0.000 unique=21
step=00250 loss=-0.0000 R=2.272 adv=0.000 unique=21
step=00251 loss=-0.0000 R=1.912 adv=0.000 unique=24
step=00252 loss=0.0000 R=2.209 adv=-0.000 unique=23
step=00253 loss=-0.0000 R=2.100 adv=0.000 unique=22
step=00254 loss=0.0000 R=2.287 adv=0.000 unique=23
step=00255 loss=-0.0000 R=2.225 adv=0.000 unique=22
step=00256 loss=-0.0000 R=2.475 adv=0.000 unique=19
step=00257 loss=-0.0000 R=2.100 adv=0.000 unique=22
step=00258 loss=0.0000 R=2.287 adv=0.000 unique=21
step=00259 loss=0.0000 R=2.287 adv=-0.000 unique=22
step=00260 loss=-0.0000 R=2.350 adv=0.000 unique=19
step=00261 loss=-0.0000 R=2.475 adv=0.000 unique=19
step=00262 loss=0.0000 R=2.537 adv=-0.000 unique=18
step=00263 loss=-0.0000 R=2.162 adv=0.000 unique=22
step=00264 loss=0.0000 R=2.334 adv=-0.000 unique=20
step=00265 loss=-0.0000 R=2.162 adv=0.000 unique=23
step=00266 loss=-0.0000 R=2.225 adv=0.000 unique=20
step=00267 loss=-0.0000 R=2.225 adv=0.000 unique=19
step=00268 loss=0.0000 R=2.084 adv=-0.000 unique=25
step=00269 loss=0.0000 R=2.287 adv=-0.000 unique=18
step=00270 loss=0.0000 R=2.537 adv=-0.000 unique=19
step=00271 loss=-0.0000 R=2.350 adv=0.000 unique=22
step=00272 loss=0.0000 R=2.537 adv=-0.000 unique=23
step=00273 loss=-0.0000 R=2.412 adv=0.000 unique=24
step=00274 loss=-0.0000 R=2.412 adv=0.000 unique=20
step=00275 loss=-0.0000 R=2.225 adv=0.000 unique=19
step=00276 loss=0.0000 R=2.287 adv=0.000 unique=22
step=00277 loss=-0.0000 R=2.412 adv=0.000 unique=16
step=00278 loss=-0.0000 R=2.162 adv=0.000 unique=20
step=00279 loss=0.0000 R=2.287 adv=0.000 unique=19
step=00280 loss=-0.0000 R=2.412 adv=0.000 unique=18
step=00281 loss=-0.0000 R=2.475 adv=0.000 unique=21
step=00282 loss=-0.0000 R=2.412 adv=0.000 unique=19
step=00283 loss=0.0000 R=2.287 adv=0.000 unique=19
step=00284 loss=-0.0000 R=2.350 adv=0.000 unique=15
step=00285 loss=-0.0000 R=2.100 adv=0.000 unique=19
step=00286 loss=-0.0000 R=2.350 adv=0.000 unique=18
step=00287 loss=-0.0000 R=2.412 adv=0.000 unique=18
step=00288 loss=0.0000 R=2.537 adv=-0.000 unique=15
step=00289 loss=-0.0000 R=2.412 adv=0.000 unique=21
step=00290 loss=-0.0000 R=2.475 adv=0.000 unique=24
step=00291 loss=0.0000 R=2.537 adv=-0.000 unique=20
step=00292 loss=0.0000 R=2.537 adv=-0.000 unique=18
step=00293 loss=0.0000 R=2.162 adv=-0.000 unique=21
step=00294 loss=0.0000 R=2.537 adv=-0.000 unique=15
step=00295 loss=0.0000 R=2.287 adv=-0.000 unique=18
step=00296 loss=-0.0000 R=2.475 adv=0.000 unique=17
step=00297 loss=-0.0000 R=2.412 adv=0.000 unique=22
step=00298 loss=-0.0000 R=2.475 adv=0.000 unique=20
step=00299 loss=0.0000 R=2.537 adv=-0.000 unique=16
step=00300 loss=-0.0000 R=2.350 adv=0.000 unique=20
step=00301 loss=-0.0000 R=2.412 adv=0.000 unique=17
step=00302 loss=-0.0000 R=2.225 adv=0.000 unique=23
step=00303 loss=-0.0000 R=2.475 adv=0.000 unique=20
step=00304 loss=-0.0000 R=2.475 adv=0.000 unique=17
step=00305 loss=-0.0000 R=2.225 adv=0.000 unique=18
step=00306 loss=-0.0000 R=2.412 adv=0.000 unique=19
step=00307 loss=0.0000 R=2.537 adv=-0.000 unique=20
step=00308 loss=0.0000 R=2.537 adv=-0.000 unique=17
step=00309 loss=0.0000 R=2.287 adv=-0.000 unique=20
step=00310 loss=-0.0000 R=2.162 adv=0.000 unique=17
step=00311 loss=-0.0000 R=2.350 adv=0.000 unique=19
step=00312 loss=0.0000 R=2.537 adv=-0.000 unique=19
step=00313 loss=0.0000 R=2.537 adv=-0.000 unique=17
step=00314 loss=0.0000 R=2.600 adv=0.000 unique=14
step=00315 loss=-0.0000 R=2.475 adv=0.000 unique=16
step=00316 loss=-0.0000 R=2.350 adv=0.000 unique=20
step=00317 loss=-0.0000 R=2.475 adv=0.000 unique=17
step=00318 loss=-0.0000 R=2.350 adv=0.000 unique=20
step=00319 loss=0.0000 R=2.600 adv=0.000 unique=14
step=00320 loss=-0.0000 R=2.412 adv=0.000 unique=17
step=00321 loss=0.0000 R=2.600 adv=0.000 unique=17
step=00322 loss=-0.0000 R=2.475 adv=0.000 unique=20
step=00323 loss=-0.0000 R=2.412 adv=0.000 unique=18
step=00324 loss=-0.0000 R=2.475 adv=0.000 unique=16
step=00325 loss=-0.0000 R=2.350 adv=0.000 unique=19
step=00326 loss=0.0000 R=2.537 adv=-0.000 unique=18
step=00327 loss=0.0000 R=2.537 adv=-0.000 unique=18
step=00328 loss=-0.0000 R=2.412 adv=0.000 unique=16
step=00329 loss=0.0000 R=2.600 adv=0.000 unique=14
step=00330 loss=-0.0000 R=2.475 adv=0.000 unique=19
step=00331 loss=-0.0000 R=2.412 adv=0.000 unique=19
step=00332 loss=0.0000 R=2.537 adv=-0.000 unique=17
step=00333 loss=0.0000 R=2.537 adv=-0.000 unique=16
step=00334 loss=-0.0000 R=2.350 adv=0.000 unique=21
step=00335 loss=-0.0000 R=2.350 adv=0.000 unique=22
step=00336 loss=0.0000 R=2.537 adv=-0.000 unique=17
step=00337 loss=0.0000 R=2.537 adv=-0.000 unique=20
step=00338 loss=-0.0000 R=2.475 adv=0.000 unique=16
step=00339 loss=0.0000 R=2.600 adv=0.000 unique=16
step=00340 loss=0.0000 R=2.537 adv=-0.000 unique=16
step=00341 loss=0.0000 R=2.225 adv=-0.000 unique=18
step=00342 loss=0.0000 R=2.537 adv=-0.000 unique=19
step=00343 loss=0.0000 R=2.537 adv=-0.000 unique=15
step=00344 loss=0.0000 R=2.600 adv=0.000 unique=16
step=00345 loss=-0.0000 R=2.475 adv=0.000 unique=16
step=00346 loss=0.0000 R=2.287 adv=-0.000 unique=18
step=00347 loss=0.0000 R=2.600 adv=0.000 unique=16
step=00348 loss=-0.0000 R=2.412 adv=0.000 unique=17
step=00349 loss=-0.0000 R=2.162 adv=0.000 unique=19
step=00350 loss=-0.0000 R=2.475 adv=0.000 unique=18
step=00351 loss=-0.0000 R=2.350 adv=0.000 unique=19
step=00352 loss=0.0000 R=2.600 adv=0.000 unique=16
step=00353 loss=0.0000 R=2.537 adv=-0.000 unique=15
step=00354 loss=-0.0000 R=2.350 adv=0.000 unique=15
step=00355 loss=-0.0000 R=2.287 adv=0.000 unique=16
step=00356 loss=-0.0000 R=2.225 adv=0.000 unique=17
step=00357 loss=-0.0000 R=2.162 adv=0.000 unique=18
step=00358 loss=0.0000 R=2.537 adv=-0.000 unique=13
step=00359 loss=0.0000 R=2.537 adv=-0.000 unique=17
step=00360 loss=0.0000 R=2.537 adv=-0.000 unique=19
step=00361 loss=-0.0000 R=2.475 adv=0.000 unique=17
step=00362 loss=0.0000 R=2.600 adv=0.000 unique=15
step=00363 loss=0.0000 R=2.600 adv=0.000 unique=19
step=00364 loss=-0.0000 R=2.475 adv=0.000 unique=18
step=00365 loss=-0.0000 R=2.412 adv=0.000 unique=14
step=00366 loss=0.0000 R=2.537 adv=-0.000 unique=16
step=00367 loss=-0.0000 R=2.412 adv=0.000 unique=19
step=00368 loss=0.0000 R=2.537 adv=-0.000 unique=18
step=00369 loss=0.0000 R=2.537 adv=-0.000 unique=13
step=00370 loss=0.0000 R=2.537 adv=-0.000 unique=16
step=00371 loss=-0.0000 R=2.350 adv=0.000 unique=18
step=00372 loss=-0.0000 R=2.475 adv=0.000 unique=20
step=00373 loss=-0.0000 R=2.475 adv=0.000 unique=15
step=00374 loss=0.0000 R=2.537 adv=-0.000 unique=18
step=00375 loss=0.0000 R=2.600 adv=0.000 unique=15
step=00376 loss=0.0000 R=2.537 adv=-0.000 unique=18
step=00377 loss=-0.0000 R=2.412 adv=0.000 unique=20
step=00378 loss=0.0000 R=2.537 adv=-0.000 unique=17
step=00379 loss=0.0000 R=2.287 adv=-0.000 unique=16
step=00380 loss=-0.0000 R=2.475 adv=0.000 unique=15
step=00381 loss=0.0000 R=2.537 adv=-0.000 unique=15
step=00382 loss=0.0000 R=2.537 adv=-0.000 unique=17
step=00383 loss=0.0000 R=2.537 adv=-0.000 unique=18
step=00384 loss=0.0000 R=2.600 adv=0.000 unique=14
step=00385 loss=0.0000 R=2.537 adv=-0.000 unique=13
step=00386 loss=0.0000 R=2.600 adv=0.000 unique=17
step=00387 loss=0.0000 R=2.537 adv=-0.000 unique=17
step=00388 loss=0.0000 R=2.537 adv=-0.000 unique=18
step=00389 loss=0.0000 R=2.600 adv=0.000 unique=19
step=00390 loss=0.0000 R=2.537 adv=-0.000 unique=18
step=00391 loss=0.0000 R=2.600 adv=0.000 unique=17
step=00392 loss=-0.0000 R=2.475 adv=0.000 unique=16
step=00393 loss=0.0000 R=2.600 adv=0.000 unique=17
step=00394 loss=0.0000 R=2.600 adv=0.000 unique=17
step=00395 loss=0.0000 R=2.537 adv=-0.000 unique=13
step=00396 loss=-0.0000 R=2.412 adv=0.000 unique=19
step=00397 loss=0.0000 R=2.600 adv=0.000 unique=14
step=00398 loss=0.0000 R=2.537 adv=-0.000 unique=16
step=00399 loss=0.0000 R=2.537 adv=-0.000 unique=17
step=00400 loss=0.0000 R=2.537 adv=-0.000 unique=14
step=00401 loss=0.0000 R=2.537 adv=-0.000 unique=18
step=00402 loss=0.0000 R=2.600 adv=0.000 unique=17
step=00403 loss=0.0000 R=2.537 adv=-0.000 unique=19
step=00404 loss=0.0000 R=2.537 adv=-0.000 unique=14
step=00405 loss=-0.0000 R=2.475 adv=0.000 unique=16
step=00406 loss=-0.0000 R=2.475 adv=0.000 unique=15
step=00407 loss=0.0000 R=2.537 adv=-0.000 unique=16
step=00408 loss=0.0000 R=2.600 adv=0.000 unique=14
step=00409 loss=0.0000 R=2.537 adv=-0.000 unique=13
step=00410 loss=0.0000 R=2.600 adv=0.000 unique=13
step=00411 loss=0.0000 R=2.600 adv=0.000 unique=13
step=00412 loss=0.0000 R=2.600 adv=0.000 unique=15
step=00413 loss=0.0000 R=2.537 adv=-0.000 unique=17
step=00414 loss=0.0000 R=2.537 adv=-0.000 unique=19
step=00415 loss=-0.0000 R=2.475 adv=0.000 unique=16
step=00416 loss=0.0000 R=2.600 adv=0.000 unique=15
step=00417 loss=0.0000 R=2.600 adv=0.000 unique=14
step=00418 loss=0.0000 R=2.600 adv=0.000 unique=14
step=00419 loss=-0.0000 R=2.475 adv=0.000 unique=17
step=00420 loss=0.0000 R=2.537 adv=-0.000 unique=15
step=00421 loss=0.0000 R=2.600 adv=0.000 unique=17
step=00422 loss=0.0000 R=2.537 adv=-0.000 unique=16
step=00423 loss=0.0000 R=2.537 adv=-0.000 unique=14
step=00424 loss=0.0000 R=2.600 adv=0.000 unique=17
step=00425 loss=0.0000 R=2.600 adv=0.000 unique=14
step=00426 loss=0.0000 R=2.537 adv=-0.000 unique=16
step=00427 loss=0.0000 R=2.537 adv=-0.000 unique=14
step=00428 loss=0.0000 R=2.600 adv=0.000 unique=15
step=00429 loss=0.0000 R=2.537 adv=-0.000 unique=16
step=00430 loss=0.0000 R=2.537 adv=-0.000 unique=17
step=00431 loss=0.0000 R=2.537 adv=-0.000 unique=13
step=00432 loss=0.0000 R=2.537 adv=-0.000 unique=16
step=00433 loss=0.0000 R=2.537 adv=-0.000 unique=13
step=00434 loss=-0.0000 R=2.412 adv=0.000 unique=17
step=00435 loss=-0.0000 R=2.475 adv=0.000 unique=15
step=00436 loss=0.0000 R=2.537 adv=-0.000 unique=15
step=00437 loss=0.0000 R=2.537 adv=-0.000 unique=16
step=00438 loss=0.0000 R=2.600 adv=0.000 unique=15
step=00439 loss=0.0000 R=2.537 adv=-0.000 unique=17
step=00440 loss=-0.0000 R=2.475 adv=0.000 unique=13
step=00441 loss=0.0000 R=2.600 adv=0.000 unique=14
step=00442 loss=0.0000 R=2.600 adv=0.000 unique=14
step=00443 loss=0.0000 R=2.600 adv=0.000 unique=16
step=00444 loss=0.0000 R=2.537 adv=-0.000 unique=11
step=00445 loss=0.0000 R=2.600 adv=0.000 unique=18
step=00446 loss=-0.0000 R=2.412 adv=0.000 unique=17
step=00447 loss=0.0000 R=2.600 adv=0.000 unique=12
step=00448 loss=0.0000 R=2.600 adv=0.000 unique=16
step=00449 loss=0.0000 R=2.600 adv=0.000 unique=14
step=00450 loss=-0.0000 R=2.412 adv=0.000 unique=15
step=00451 loss=0.0000 R=2.600 adv=0.000 unique=13
step=00452 loss=0.0000 R=2.600 adv=0.000 unique=18
step=00453 loss=0.0000 R=2.537 adv=-0.000 unique=12
step=00454 loss=0.0000 R=2.600 adv=0.000 unique=14
step=00455 loss=0.0000 R=2.600 adv=0.000 unique=15
step=00456 loss=0.0000 R=2.537 adv=-0.000 unique=14
step=00457 loss=0.0000 R=2.600 adv=0.000 unique=14
step=00458 loss=0.0000 R=2.600 adv=0.000 unique=14
step=00459 loss=0.0000 R=2.537 adv=-0.000 unique=15
step=00460 loss=0.0000 R=2.600 adv=0.000 unique=19
step=00461 loss=0.0000 R=2.600 adv=0.000 unique=12
step=00462 loss=0.0000 R=2.600 adv=0.000 unique=17
step=00463 loss=0.0000 R=2.537 adv=-0.000 unique=11
step=00464 loss=-0.0000 R=2.475 adv=0.000 unique=15
step=00465 loss=-0.0000 R=2.475 adv=0.000 unique=15
step=00466 loss=0.0000 R=2.537 adv=-0.000 unique=13
step=00467 loss=0.0000 R=2.537 adv=-0.000 unique=15
step=00468 loss=0.0000 R=2.600 adv=0.000 unique=14
step=00469 loss=0.0000 R=2.537 adv=-0.000 unique=18
step=00470 loss=0.0000 R=2.600 adv=0.000 unique=15
step=00471 loss=0.0000 R=2.600 adv=0.000 unique=15
step=00472 loss=0.0000 R=2.600 adv=0.000 unique=12
step=00473 loss=0.0000 R=2.537 adv=-0.000 unique=12
step=00474 loss=0.0000 R=2.600 adv=0.000 unique=16
step=00475 loss=-0.0000 R=2.475 adv=0.000 unique=16
step=00476 loss=-0.0000 R=2.412 adv=0.000 unique=13
step=00477 loss=0.0000 R=2.600 adv=0.000 unique=17
step=00478 loss=0.0000 R=2.537 adv=-0.000 unique=14
step=00479 loss=0.0000 R=2.600 adv=0.000 unique=14
step=00480 loss=-0.0000 R=2.475 adv=0.000 unique=11
step=00481 loss=0.0000 R=2.537 adv=-0.000 unique=13
step=00482 loss=-0.0000 R=2.475 adv=0.000 unique=14
step=00483 loss=-0.0000 R=2.412 adv=0.000 unique=15
step=00484 loss=-0.0000 R=2.162 adv=0.000 unique=17
step=00485 loss=-0.0000 R=2.350 adv=0.000 unique=13
step=00486 loss=-0.0000 R=2.412 adv=0.000 unique=14
step=00487 loss=-0.0000 R=2.475 adv=0.000 unique=16
step=00488 loss=0.0000 R=2.600 adv=0.000 unique=16
step=00489 loss=0.0000 R=2.537 adv=-0.000 unique=13
step=00490 loss=0.0000 R=2.537 adv=-0.000 unique=14
step=00491 loss=0.0000 R=2.537 adv=-0.000 unique=14
step=00492 loss=0.0000 R=2.537 adv=-0.000 unique=14
step=00493 loss=-0.0000 R=2.475 adv=0.000 unique=16
step=00494 loss=0.0000 R=2.537 adv=-0.000 unique=12
step=00495 loss=0.0000 R=2.600 adv=0.000 unique=9
step=00496 loss=-0.0000 R=2.350 adv=0.000 unique=16
step=00497 loss=-0.0000 R=2.412 adv=0.000 unique=16
step=00498 loss=0.0000 R=2.537 adv=-0.000 unique=15
step=00499 loss=0.0000 R=2.537 adv=-0.000 unique=15
step=00500 loss=0.0000 R=2.600 adv=0.000 unique=14
step=00501 loss=0.0000 R=2.537 adv=-0.000 unique=14
step=00502 loss=0.0000 R=2.537 adv=-0.000 unique=16
step=00503 loss=0.0000 R=2.600 adv=0.000 unique=17
step=00504 loss=-0.0000 R=2.475 adv=0.000 unique=15
step=00505 loss=-0.0000 R=2.350 adv=0.000 unique=13
step=00506 loss=-0.0000 R=2.475 adv=0.000 unique=15
step=00507 loss=0.0000 R=2.287 adv=0.000 unique=14
step=00508 loss=-0.0000 R=2.475 adv=0.000 unique=13
step=00509 loss=-0.0000 R=2.350 adv=0.000 unique=11
step=00510 loss=0.0000 R=2.287 adv=-0.000 unique=15
step=00511 loss=-0.0000 R=2.412 adv=0.000 unique=15
step=00512 loss=0.0000 R=2.600 adv=0.000 unique=13
step=00513 loss=-0.0000 R=2.475 adv=0.000 unique=16
step=00514 loss=0.0000 R=2.537 adv=-0.000 unique=15
step=00515 loss=0.0000 R=2.537 adv=-0.000 unique=14
step=00516 loss=-0.0000 R=2.412 adv=0.000 unique=16
step=00517 loss=-0.0000 R=2.412 adv=0.000 unique=12
step=00518 loss=0.0000 R=2.537 adv=-0.000 unique=13
step=00519 loss=0.0000 R=2.225 adv=-0.000 unique=15
step=00520 loss=-0.0000 R=2.225 adv=0.000 unique=11
step=00521 loss=-0.0000 R=2.350 adv=0.000 unique=12
step=00522 loss=0.0000 R=2.287 adv=-0.000 unique=15
step=00523 loss=-0.0000 R=2.475 adv=0.000 unique=11
step=00524 loss=-0.0000 R=2.412 adv=0.000 unique=14
step=00525 loss=0.0000 R=2.600 adv=0.000 unique=12
step=00526 loss=0.0000 R=2.600 adv=0.000 unique=13
step=00527 loss=0.0000 R=2.600 adv=0.000 unique=13
step=00528 loss=0.0000 R=2.537 adv=-0.000 unique=15
step=00529 loss=0.0000 R=2.600 adv=0.000 unique=15
step=00530 loss=-0.0000 R=2.412 adv=0.000 unique=15
step=00531 loss=-0.0000 R=2.412 adv=0.000 unique=17
step=00532 loss=0.0000 R=2.537 adv=-0.000 unique=12
step=00533 loss=-0.0000 R=2.475 adv=0.000 unique=13
step=00534 loss=-0.0000 R=2.412 adv=0.000 unique=16
step=00535 loss=0.0000 R=2.537 adv=-0.000 unique=14
step=00536 loss=0.0000 R=2.600 adv=0.000 unique=10
step=00537 loss=-0.0000 R=2.475 adv=0.000 unique=13
step=00538 loss=0.0000 R=2.600 adv=0.000 unique=13
step=00539 loss=0.0000 R=2.600 adv=0.000 unique=12
step=00540 loss=0.0000 R=2.600 adv=0.000 unique=12
step=00541 loss=0.0000 R=2.600 adv=0.000 unique=11
step=00542 loss=0.0000 R=2.600 adv=0.000 unique=11
step=00543 loss=0.0000 R=2.600 adv=0.000 unique=12
step=00544 loss=0.0000 R=2.537 adv=-0.000 unique=12
step=00545 loss=-0.0000 R=2.475 adv=0.000 unique=14
step=00546 loss=-0.0000 R=2.412 adv=0.000 unique=13
step=00547 loss=-0.0000 R=2.412 adv=0.000 unique=10
step=00548 loss=0.0000 R=2.537 adv=-0.000 unique=13
step=00549 loss=0.0000 R=2.537 adv=-0.000 unique=12
step=00550 loss=0.0000 R=2.600 adv=0.000 unique=14
step=00551 loss=0.0000 R=2.537 adv=-0.000 unique=12
step=00552 loss=0.0000 R=2.600 adv=0.000 unique=15
step=00553 loss=0.0000 R=2.537 adv=-0.000 unique=15
step=00554 loss=0.0000 R=2.600 adv=0.000 unique=12
step=00555 loss=0.0000 R=2.600 adv=0.000 unique=15
step=00556 loss=0.0000 R=2.537 adv=-0.000 unique=14
step=00557 loss=0.0000 R=2.537 adv=-0.000 unique=17
step=00558 loss=0.0000 R=2.537 adv=-0.000 unique=14
step=00559 loss=0.0000 R=2.600 adv=0.000 unique=12
step=00560 loss=0.0000 R=2.600 adv=0.000 unique=12
step=00561 loss=0.0000 R=2.600 adv=0.000 unique=13
step=00562 loss=0.0000 R=2.600 adv=0.000 unique=15
step=00563 loss=0.0000 R=2.600 adv=0.000 unique=11
step=00564 loss=0.0000 R=2.600 adv=0.000 unique=13
step=00565 loss=0.0000 R=2.537 adv=-0.000 unique=13
step=00566 loss=0.0000 R=2.600 adv=0.000 unique=12
step=00567 loss=0.0000 R=2.600 adv=0.000 unique=13
step=00568 loss=0.0000 R=2.600 adv=0.000 unique=12
step=00569 loss=0.0000 R=2.600 adv=0.000 unique=11
step=00570 loss=0.0000 R=2.600 adv=0.000 unique=10
step=00571 loss=0.0000 R=2.600 adv=0.000 unique=11
step=00572 loss=0.0000 R=2.600 adv=0.000 unique=11
step=00573 loss=0.0000 R=2.537 adv=-0.000 unique=11
step=00574 loss=0.0000 R=2.600 adv=0.000 unique=11
step=00575 loss=0.0000 R=2.537 adv=-0.000 unique=10
step=00576 loss=0.0000 R=2.600 adv=0.000 unique=11
step=00577 loss=0.0000 R=2.600 adv=0.000 unique=13
step=00578 loss=0.0000 R=2.537 adv=-0.000 unique=14
step=00579 loss=0.0000 R=2.600 adv=0.000 unique=14
step=00580 loss=0.0000 R=2.600 adv=0.000 unique=14
step=00581 loss=0.0000 R=2.600 adv=0.000 unique=11
step=00582 loss=0.0000 R=2.600 adv=0.000 unique=11
step=00583 loss=0.0000 R=2.600 adv=0.000 unique=11
step=00584 loss=0.0000 R=2.600 adv=0.000 unique=15
step=00585 loss=0.0000 R=2.600 adv=0.000 unique=14
step=00586 loss=0.0000 R=2.600 adv=0.000 unique=12
step=00587 loss=0.0000 R=2.600 adv=0.000 unique=11
step=00588 loss=0.0000 R=2.600 adv=0.000 unique=13
step=00589 loss=0.0000 R=2.600 adv=0.000 unique=14
step=00590 loss=0.0000 R=2.600 adv=0.000 unique=11
step=00591 loss=0.0000 R=2.600 adv=0.000 unique=13
step=00592 loss=0.0000 R=2.600 adv=0.000 unique=12
step=00593 loss=0.0000 R=2.600 adv=0.000 unique=12
step=00594 loss=0.0000 R=2.600 adv=0.000 unique=13
step=00595 loss=0.0000 R=2.600 adv=0.000 unique=14
step=00596 loss=0.0000 R=2.537 adv=-0.000 unique=15
step=00597 loss=0.0000 R=2.600 adv=0.000 unique=12
step=00598 loss=0.0000 R=2.600 adv=0.000 unique=15
step=00599 loss=0.0000 R=2.600 adv=0.000 unique=14
step=00600 loss=0.0000 R=2.600 adv=0.000 unique=12
step=00601 loss=0.0000 R=2.600 adv=0.000 unique=14
step=00602 loss=0.0000 R=2.600 adv=0.000 unique=15
step=00603 loss=0.0000 R=2.600 adv=0.000 unique=15
step=00604 loss=0.0000 R=2.600 adv=0.000 unique=12
step=00605 loss=0.0000 R=2.537 adv=-0.000 unique=10
step=00606 loss=0.0000 R=2.600 adv=0.000 unique=14
step=00607 loss=0.0000 R=2.537 adv=-0.000 unique=13
step=00608 loss=0.0000 R=2.600 adv=0.000 unique=11
step=00609 loss=0.0000 R=2.537 adv=-0.000 unique=16
step=00610 loss=-0.0000 R=2.475 adv=0.000 unique=14
step=00611 loss=0.0000 R=2.600 adv=0.000 unique=14
step=00612 loss=0.0000 R=2.600 adv=0.000 unique=12
step=00613 loss=0.0000 R=2.600 adv=0.000 unique=12
step=00614 loss=0.0000 R=2.600 adv=0.000 unique=13
step=00615 loss=0.0000 R=2.600 adv=0.000 unique=13
step=00616 loss=0.0000 R=2.600 adv=0.000 unique=14
step=00617 loss=0.0000 R=2.537 adv=-0.000 unique=13
step=00618 loss=0.0000 R=2.600 adv=0.000 unique=10
step=00619 loss=0.0000 R=2.537 adv=-0.000 unique=13
step=00620 loss=0.0000 R=2.600 adv=0.000 unique=10
step=00621 loss=0.0000 R=2.600 adv=0.000 unique=11
step=00622 loss=-0.0000 R=2.475 adv=0.000 unique=15
step=00623 loss=-0.0000 R=2.162 adv=0.000 unique=16
step=00624 loss=0.0000 R=2.600 adv=0.000 unique=11
step=00625 loss=0.0000 R=2.600 adv=0.000 unique=14
step=00626 loss=-0.0000 R=2.475 adv=0.000 unique=12
step=00627 loss=0.0000 R=2.537 adv=-0.000 unique=13
step=00628 loss=0.0000 R=2.600 adv=0.000 unique=14
step=00629 loss=0.0000 R=2.600 adv=0.000 unique=11
step=00630 loss=0.0000 R=2.600 adv=0.000 unique=12
step=00631 loss=0.0000 R=2.600 adv=0.000 unique=13
step=00632 loss=0.0000 R=2.600 adv=0.000 unique=10
step=00633 loss=0.0000 R=2.600 adv=0.000 unique=12
step=00634 loss=0.0000 R=2.600 adv=0.000 unique=14
step=00635 loss=0.0000 R=2.537 adv=-0.000 unique=12
step=00636 loss=0.0000 R=2.600 adv=0.000 unique=10
step=00637 loss=0.0000 R=2.600 adv=0.000 unique=12
step=00638 loss=0.0000 R=2.600 adv=0.000 unique=13
step=00639 loss=0.0000 R=2.537 adv=-0.000 unique=11
step=00640 loss=0.0000 R=2.600 adv=0.000 unique=11
step=00641 loss=0.0000 R=2.537 adv=-0.000 unique=12
step=00642 loss=0.0000 R=2.600 adv=0.000 unique=12
step=00643 loss=0.0000 R=2.600 adv=0.000 unique=7
step=00644 loss=0.0000 R=2.600 adv=0.000 unique=14
step=00645 loss=0.0000 R=2.537 adv=-0.000 unique=12
step=00646 loss=0.0000 R=2.537 adv=-0.000 unique=10
step=00647 loss=0.0000 R=2.600 adv=0.000 unique=10
step=00648 loss=0.0000 R=2.537 adv=-0.000 unique=12
step=00649 loss=-0.0000 R=2.475 adv=0.000 unique=12
step=00650 loss=0.0000 R=2.537 adv=-0.000 unique=13
step=00651 loss=0.0000 R=2.600 adv=0.000 unique=10
step=00652 loss=-0.0000 R=2.475 adv=0.000 unique=13
step=00653 loss=0.0000 R=2.537 adv=-0.000 unique=12
step=00654 loss=0.0000 R=2.537 adv=-0.000 unique=11
step=00655 loss=0.0000 R=2.600 adv=0.000 unique=11
step=00656 loss=0.0000 R=2.600 adv=0.000 unique=12
step=00657 loss=0.0000 R=2.537 adv=-0.000 unique=11
step=00658 loss=0.0000 R=2.600 adv=0.000 unique=10
step=00659 loss=-0.0000 R=2.475 adv=0.000 unique=13
step=00660 loss=-0.0000 R=2.412 adv=0.000 unique=9
step=00661 loss=0.0000 R=2.600 adv=0.000 unique=11
step=00662 loss=0.0000 R=2.600 adv=0.000 unique=11
step=00663 loss=0.0000 R=2.600 adv=0.000 unique=15
step=00664 loss=0.0000 R=2.600 adv=0.000 unique=11
step=00665 loss=0.0000 R=2.600 adv=0.000 unique=11
step=00666 loss=0.0000 R=2.600 adv=0.000 unique=12
step=00667 loss=0.0000 R=2.537 adv=-0.000 unique=17
step=00668 loss=0.0000 R=2.600 adv=0.000 unique=9
step=00669 loss=0.0000 R=2.537 adv=-0.000 unique=13
step=00670 loss=0.0000 R=2.600 adv=0.000 unique=14
step=00671 loss=0.0000 R=2.600 adv=0.000 unique=13
step=00672 loss=0.0000 R=2.600 adv=0.000 unique=12
step=00673 loss=0.0000 R=2.600 adv=0.000 unique=10
step=00674 loss=0.0000 R=2.537 adv=-0.000 unique=13
step=00675 loss=0.0000 R=2.600 adv=0.000 unique=12
step=00676 loss=0.0000 R=2.537 adv=-0.000 unique=14
step=00677 loss=0.0000 R=2.537 adv=-0.000 unique=11
step=00678 loss=0.0000 R=2.600 adv=0.000 unique=12
step=00679 loss=0.0000 R=2.600 adv=0.000 unique=8
step=00680 loss=0.0000 R=2.600 adv=0.000 unique=12
step=00681 loss=0.0000 R=2.537 adv=-0.000 unique=14
step=00682 loss=0.0000 R=2.600 adv=0.000 unique=11
step=00683 loss=0.0000 R=2.600 adv=0.000 unique=12
step=00684 loss=0.0000 R=2.600 adv=0.000 unique=12
step=00685 loss=0.0000 R=2.600 adv=0.000 unique=11
step=00686 loss=0.0000 R=2.600 adv=0.000 unique=10
step=00687 loss=0.0000 R=2.600 adv=0.000 unique=10
step=00688 loss=0.0000 R=2.600 adv=0.000 unique=11
step=00689 loss=0.0000 R=2.600 adv=0.000 unique=12
step=00690 loss=-0.0000 R=2.350 adv=0.000 unique=14
step=00691 loss=0.0000 R=2.600 adv=0.000 unique=12
step=00692 loss=0.0000 R=2.600 adv=0.000 unique=12
step=00693 loss=0.0000 R=2.600 adv=0.000 unique=14
step=00694 loss=0.0000 R=2.600 adv=0.000 unique=10
step=00695 loss=0.0000 R=2.600 adv=0.000 unique=10
step=00696 loss=0.0000 R=2.600 adv=0.000 unique=10
step=00697 loss=0.0000 R=2.600 adv=0.000 unique=10
step=00698 loss=0.0000 R=2.600 adv=0.000 unique=12
step=00699 loss=0.0000 R=2.600 adv=0.000 unique=11
step=00700 loss=0.0000 R=2.537 adv=-0.000 unique=12
step=00701 loss=0.0000 R=2.600 adv=0.000 unique=12
step=00702 loss=0.0000 R=2.537 adv=-0.000 unique=13
step=00703 loss=0.0000 R=2.537 adv=-0.000 unique=13
step=00704 loss=0.0000 R=2.600 adv=0.000 unique=10
step=00705 loss=0.0000 R=2.600 adv=0.000 unique=15
step=00706 loss=0.0000 R=2.600 adv=0.000 unique=9
step=00707 loss=0.0000 R=2.600 adv=0.000 unique=11
step=00708 loss=0.0000 R=2.600 adv=0.000 unique=11
step=00709 loss=0.0000 R=2.537 adv=-0.000 unique=14
step=00710 loss=0.0000 R=2.537 adv=-0.000 unique=13
step=00711 loss=0.0000 R=2.600 adv=0.000 unique=13
step=00712 loss=0.0000 R=2.600 adv=0.000 unique=12
step=00713 loss=0.0000 R=2.600 adv=0.000 unique=10
step=00714 loss=0.0000 R=2.600 adv=0.000 unique=12
step=00715 loss=0.0000 R=2.600 adv=0.000 unique=10
step=00716 loss=0.0000 R=2.600 adv=0.000 unique=13
step=00717 loss=0.0000 R=2.600 adv=0.000 unique=12
step=00718 loss=0.0000 R=2.600 adv=0.000 unique=10
step=00719 loss=0.0000 R=2.600 adv=0.000 unique=10
step=00720 loss=0.0000 R=2.600 adv=0.000 unique=11
step=00721 loss=0.0000 R=2.600 adv=0.000 unique=10
step=00722 loss=0.0000 R=2.600 adv=0.000 unique=11
step=00723 loss=0.0000 R=2.600 adv=0.000 unique=13
step=00724 loss=0.0000 R=2.600 adv=0.000 unique=11
step=00725 loss=0.0000 R=2.600 adv=0.000 unique=10
step=00726 loss=0.0000 R=2.600 adv=0.000 unique=10
step=00727 loss=0.0000 R=2.600 adv=0.000 unique=7
step=00728 loss=0.0000 R=2.600 adv=0.000 unique=11
step=00729 loss=0.0000 R=2.600 adv=0.000 unique=13
step=00730 loss=0.0000 R=2.600 adv=0.000 unique=13
step=00731 loss=0.0000 R=2.600 adv=0.000 unique=13
step=00732 loss=0.0000 R=2.600 adv=0.000 unique=12
step=00733 loss=0.0000 R=2.600 adv=0.000 unique=11
step=00734 loss=0.0000 R=2.537 adv=-0.000 unique=17
step=00735 loss=0.0000 R=2.537 adv=-0.000 unique=13
step=00736 loss=0.0000 R=2.600 adv=0.000 unique=12
step=00737 loss=0.0000 R=2.600 adv=0.000 unique=12
step=00738 loss=0.0000 R=2.600 adv=0.000 unique=12
step=00739 loss=0.0000 R=2.537 adv=-0.000 unique=14
step=00740 loss=0.0000 R=2.600 adv=0.000 unique=9
step=00741 loss=0.0000 R=2.600 adv=0.000 unique=9
step=00742 loss=0.0000 R=2.600 adv=0.000 unique=10
step=00743 loss=0.0000 R=2.600 adv=0.000 unique=11
step=00744 loss=0.0000 R=2.600 adv=0.000 unique=9
step=00745 loss=0.0000 R=2.600 adv=0.000 unique=13
step=00746 loss=0.0000 R=2.600 adv=0.000 unique=11
step=00747 loss=0.0000 R=2.600 adv=0.000 unique=10
step=00748 loss=0.0000 R=2.537 adv=-0.000 unique=12
step=00749 loss=0.0000 R=2.600 adv=0.000 unique=10
step=00750 loss=0.0000 R=2.600 adv=0.000 unique=10
step=00751 loss=0.0000 R=2.600 adv=0.000 unique=13
step=00752 loss=0.0000 R=2.600 adv=0.000 unique=10
step=00753 loss=0.0000 R=2.537 adv=-0.000 unique=13
step=00754 loss=0.0000 R=2.600 adv=0.000 unique=14
step=00755 loss=0.0000 R=2.537 adv=-0.000 unique=9
step=00756 loss=0.0000 R=2.537 adv=-0.000 unique=11
step=00757 loss=0.0000 R=2.600 adv=0.000 unique=11
step=00758 loss=0.0000 R=2.600 adv=0.000 unique=12
step=00759 loss=0.0000 R=2.600 adv=0.000 unique=12
step=00760 loss=0.0000 R=2.600 adv=0.000 unique=12
step=00761 loss=0.0000 R=2.600 adv=0.000 unique=12
step=00762 loss=0.0000 R=2.537 adv=-0.000 unique=11
step=00763 loss=0.0000 R=2.600 adv=0.000 unique=13
step=00764 loss=0.0000 R=2.600 adv=0.000 unique=7
step=00765 loss=0.0000 R=2.537 adv=-0.000 unique=14
step=00766 loss=0.0000 R=2.537 adv=-0.000 unique=14
step=00767 loss=-0.0000 R=2.475 adv=0.000 unique=12
step=00768 loss=0.0000 R=2.600 adv=0.000 unique=12
step=00769 loss=0.0000 R=2.600 adv=0.000 unique=10
step=00770 loss=0.0000 R=2.600 adv=0.000 unique=14
step=00771 loss=0.0000 R=2.600 adv=0.000 unique=10
step=00772 loss=0.0000 R=2.600 adv=0.000 unique=12
step=00773 loss=0.0000 R=2.600 adv=0.000 unique=9
step=00774 loss=0.0000 R=2.537 adv=-0.000 unique=13
step=00775 loss=0.0000 R=2.600 adv=0.000 unique=14
step=00776 loss=0.0000 R=2.600 adv=0.000 unique=10
step=00777 loss=0.0000 R=2.600 adv=0.000 unique=11
step=00778 loss=0.0000 R=2.600 adv=0.000 unique=12
step=00779 loss=0.0000 R=2.600 adv=0.000 unique=8
step=00780 loss=0.0000 R=2.600 adv=0.000 unique=11
step=00781 loss=0.0000 R=2.600 adv=0.000 unique=10
step=00782 loss=0.0000 R=2.600 adv=0.000 unique=12
step=00783 loss=0.0000 R=2.600 adv=0.000 unique=11
step=00784 loss=0.0000 R=2.600 adv=0.000 unique=11
step=00785 loss=0.0000 R=2.537 adv=-0.000 unique=16
step=00786 loss=0.0000 R=2.600 adv=0.000 unique=12
step=00787 loss=0.0000 R=2.600 adv=0.000 unique=11
step=00788 loss=0.0000 R=2.600 adv=0.000 unique=10
step=00789 loss=0.0000 R=2.600 adv=0.000 unique=13
step=00790 loss=0.0000 R=2.600 adv=0.000 unique=12
step=00791 loss=0.0000 R=2.600 adv=0.000 unique=11
step=00792 loss=0.0000 R=2.600 adv=0.000 unique=13
step=00793 loss=0.0000 R=2.600 adv=0.000 unique=11
step=00794 loss=0.0000 R=2.600 adv=0.000 unique=12
step=00795 loss=0.0000 R=2.600 adv=0.000 unique=9
step=00796 loss=0.0000 R=2.600 adv=0.000 unique=11
step=00797 loss=0.0000 R=2.600 adv=0.000 unique=12
step=00798 loss=0.0000 R=2.600 adv=0.000 unique=14
step=00799 loss=0.0000 R=2.600 adv=0.000 unique=10
step=00800 loss=0.0000 R=2.600 adv=0.000 unique=10
step=00801 loss=0.0000 R=2.600 adv=0.000 unique=12
step=00802 loss=0.0000 R=2.600 adv=0.000 unique=13
step=00803 loss=0.0000 R=2.600 adv=0.000 unique=11
step=00804 loss=0.0000 R=2.600 adv=0.000 unique=12
step=00805 loss=0.0000 R=2.600 adv=0.000 unique=9
step=00806 loss=0.0000 R=2.600 adv=0.000 unique=10
step=00807 loss=0.0000 R=2.600 adv=0.000 unique=10
step=00808 loss=0.0000 R=2.600 adv=0.000 unique=13
step=00809 loss=0.0000 R=2.537 adv=-0.000 unique=11
step=00810 loss=0.0000 R=2.600 adv=0.000 unique=11
step=00811 loss=0.0000 R=2.600 adv=0.000 unique=11
step=00812 loss=0.0000 R=2.600 adv=0.000 unique=16
step=00813 loss=0.0000 R=2.600 adv=0.000 unique=13
step=00814 loss=0.0000 R=2.600 adv=0.000 unique=10
step=00815 loss=0.0000 R=2.600 adv=0.000 unique=12
step=00816 loss=0.0000 R=2.600 adv=0.000 unique=9
step=00817 loss=0.0000 R=2.600 adv=0.000 unique=10
step=00818 loss=0.0000 R=2.600 adv=0.000 unique=12
step=00819 loss=0.0000 R=2.600 adv=0.000 unique=13
step=00820 loss=0.0000 R=2.537 adv=-0.000 unique=10
step=00821 loss=0.0000 R=2.600 adv=0.000 unique=11
step=00822 loss=0.0000 R=2.600 adv=0.000 unique=12
step=00823 loss=0.0000 R=2.537 adv=-0.000 unique=13
step=00824 loss=0.0000 R=2.600 adv=0.000 unique=12
step=00825 loss=0.0000 R=2.600 adv=0.000 unique=10
step=00826 loss=0.0000 R=2.600 adv=0.000 unique=10
step=00827 loss=0.0000 R=2.600 adv=0.000 unique=13
step=00828 loss=0.0000 R=2.600 adv=0.000 unique=10
step=00829 loss=0.0000 R=2.600 adv=0.000 unique=15
step=00830 loss=0.0000 R=2.600 adv=0.000 unique=13
step=00831 loss=0.0000 R=2.600 adv=0.000 unique=8
step=00832 loss=0.0000 R=2.600 adv=0.000 unique=12
step=00833 loss=0.0000 R=2.600 adv=0.000 unique=13
step=00834 loss=0.0000 R=2.600 adv=0.000 unique=10
step=00835 loss=0.0000 R=2.600 adv=0.000 unique=11
step=00836 loss=0.0000 R=2.600 adv=0.000 unique=10
step=00837 loss=0.0000 R=2.600 adv=0.000 unique=14
step=00838 loss=0.0000 R=2.537 adv=-0.000 unique=13
step=00839 loss=0.0000 R=2.537 adv=-0.000 unique=10
step=00840 loss=0.0000 R=2.600 adv=0.000 unique=12
step=00841 loss=0.0000 R=2.600 adv=0.000 unique=9
step=00842 loss=0.0000 R=2.600 adv=0.000 unique=14
step=00843 loss=0.0000 R=2.537 adv=-0.000 unique=13
step=00844 loss=0.0000 R=2.600 adv=0.000 unique=11
step=00845 loss=0.0000 R=2.600 adv=0.000 unique=11
step=00846 loss=0.0000 R=2.600 adv=0.000 unique=10
step=00847 loss=0.0000 R=2.600 adv=0.000 unique=13
step=00848 loss=0.0000 R=2.600 adv=0.000 unique=9
step=00849 loss=0.0000 R=2.600 adv=0.000 unique=12
step=00850 loss=0.0000 R=2.600 adv=0.000 unique=10
step=00851 loss=0.0000 R=2.537 adv=-0.000 unique=11
step=00852 loss=0.0000 R=2.537 adv=-0.000 unique=11
step=00853 loss=0.0000 R=2.600 adv=0.000 unique=11
step=00854 loss=0.0000 R=2.537 adv=-0.000 unique=10
step=00855 loss=0.0000 R=2.537 adv=-0.000 unique=10
step=00856 loss=0.0000 R=2.600 adv=0.000 unique=9
step=00857 loss=0.0000 R=2.537 adv=-0.000 unique=12
step=00858 loss=0.0000 R=2.600 adv=0.000 unique=11
step=00859 loss=0.0000 R=2.600 adv=0.000 unique=11
step=00860 loss=0.0000 R=2.600 adv=0.000 unique=11
step=00861 loss=0.0000 R=2.537 adv=-0.000 unique=10
step=00862 loss=0.0000 R=2.600 adv=0.000 unique=13
step=00863 loss=0.0000 R=2.600 adv=0.000 unique=12
step=00864 loss=0.0000 R=2.600 adv=0.000 unique=14
step=00865 loss=0.0000 R=2.600 adv=0.000 unique=11
step=00866 loss=0.0000 R=2.600 adv=0.000 unique=12
step=00867 loss=0.0000 R=2.600 adv=0.000 unique=14
step=00868 loss=-0.0000 R=2.475 adv=0.000 unique=12
step=00869 loss=0.0000 R=2.600 adv=0.000 unique=11
step=00870 loss=0.0000 R=2.600 adv=0.000 unique=10
step=00871 loss=0.0000 R=2.600 adv=0.000 unique=12
step=00872 loss=0.0000 R=2.600 adv=0.000 unique=14
step=00873 loss=0.0000 R=2.600 adv=0.000 unique=10
step=00874 loss=0.0000 R=2.600 adv=0.000 unique=10
step=00875 loss=0.0000 R=2.600 adv=0.000 unique=9
step=00876 loss=0.0000 R=2.600 adv=0.000 unique=11
step=00877 loss=0.0000 R=2.600 adv=0.000 unique=10
step=00878 loss=0.0000 R=2.600 adv=0.000 unique=12
step=00879 loss=0.0000 R=2.600 adv=0.000 unique=11
step=00880 loss=0.0000 R=2.600 adv=0.000 unique=11
step=00881 loss=0.0000 R=2.600 adv=0.000 unique=13
step=00882 loss=0.0000 R=2.600 adv=0.000 unique=9
step=00883 loss=0.0000 R=2.600 adv=0.000 unique=12
step=00884 loss=0.0000 R=2.600 adv=0.000 unique=11
step=00885 loss=0.0000 R=2.600 adv=0.000 unique=8
step=00886 loss=0.0000 R=2.600 adv=0.000 unique=8
step=00887 loss=0.0000 R=2.600 adv=0.000 unique=11
step=00888 loss=0.0000 R=2.600 adv=0.000 unique=10
step=00889 loss=0.0000 R=2.600 adv=0.000 unique=12
step=00890 loss=0.0000 R=2.600 adv=0.000 unique=10
step=00891 loss=0.0000 R=2.600 adv=0.000 unique=11
step=00892 loss=0.0000 R=2.600 adv=0.000 unique=7
step=00893 loss=0.0000 R=2.600 adv=0.000 unique=10
step=00894 loss=0.0000 R=2.600 adv=0.000 unique=12
step=00895 loss=0.0000 R=2.537 adv=-0.000 unique=10
step=00896 loss=0.0000 R=2.537 adv=-0.000 unique=10
step=00897 loss=0.0000 R=2.600 adv=0.000 unique=11
step=00898 loss=0.0000 R=2.600 adv=0.000 unique=11
step=00899 loss=0.0000 R=2.600 adv=0.000 unique=11
step=00900 loss=0.0000 R=2.600 adv=0.000 unique=10
step=00901 loss=0.0000 R=2.600 adv=0.000 unique=11
step=00902 loss=0.0000 R=2.600 adv=0.000 unique=7
step=00903 loss=0.0000 R=2.600 adv=0.000 unique=13
step=00904 loss=0.0000 R=2.600 adv=0.000 unique=12
step=00905 loss=0.0000 R=2.600 adv=0.000 unique=11
step=00906 loss=0.0000 R=2.600 adv=0.000 unique=11
step=00907 loss=0.0000 R=2.600 adv=0.000 unique=10
step=00908 loss=0.0000 R=2.600 adv=0.000 unique=10
step=00909 loss=0.0000 R=2.600 adv=0.000 unique=11
step=00910 loss=0.0000 R=2.600 adv=0.000 unique=9
step=00911 loss=0.0000 R=2.600 adv=0.000 unique=9
step=00912 loss=0.0000 R=2.600 adv=0.000 unique=14
step=00913 loss=0.0000 R=2.600 adv=0.000 unique=10
step=00914 loss=0.0000 R=2.600 adv=0.000 unique=11
step=00915 loss=0.0000 R=2.600 adv=0.000 unique=9
step=00916 loss=0.0000 R=2.600 adv=0.000 unique=14
step=00917 loss=0.0000 R=2.600 adv=0.000 unique=11
step=00918 loss=0.0000 R=2.537 adv=-0.000 unique=10
step=00919 loss=0.0000 R=2.600 adv=0.000 unique=12
step=00920 loss=0.0000 R=2.600 adv=0.000 unique=10
step=00921 loss=0.0000 R=2.600 adv=0.000 unique=11
step=00922 loss=0.0000 R=2.600 adv=0.000 unique=10
step=00923 loss=0.0000 R=2.600 adv=0.000 unique=10
step=00924 loss=0.0000 R=2.600 adv=0.000 unique=10
step=00925 loss=0.0000 R=2.600 adv=0.000 unique=10
step=00926 loss=0.0000 R=2.537 adv=-0.000 unique=13
step=00927 loss=0.0000 R=2.600 adv=0.000 unique=10
step=00928 loss=0.0000 R=2.600 adv=0.000 unique=9
step=00929 loss=0.0000 R=2.600 adv=0.000 unique=9
step=00930 loss=0.0000 R=2.600 adv=0.000 unique=9
step=00931 loss=0.0000 R=2.600 adv=0.000 unique=15
step=00932 loss=0.0000 R=2.600 adv=0.000 unique=10
step=00933 loss=0.0000 R=2.600 adv=0.000 unique=10
step=00934 loss=0.0000 R=2.600 adv=0.000 unique=11
step=00935 loss=0.0000 R=2.600 adv=0.000 unique=10
step=00936 loss=0.0000 R=2.600 adv=0.000 unique=13
step=00937 loss=0.0000 R=2.600 adv=0.000 unique=11
step=00938 loss=0.0000 R=2.600 adv=0.000 unique=13
step=00939 loss=0.0000 R=2.600 adv=0.000 unique=11
step=00940 loss=0.0000 R=2.600 adv=0.000 unique=13
step=00941 loss=0.0000 R=2.600 adv=0.000 unique=13
step=00942 loss=0.0000 R=2.537 adv=-0.000 unique=13
step=00943 loss=0.0000 R=2.600 adv=0.000 unique=11
step=00944 loss=0.0000 R=2.600 adv=0.000 unique=11
step=00945 loss=0.0000 R=2.600 adv=0.000 unique=11
step=00946 loss=0.0000 R=2.600 adv=0.000 unique=10
step=00947 loss=0.0000 R=2.600 adv=0.000 unique=11
step=00948 loss=0.0000 R=2.600 adv=0.000 unique=11
step=00949 loss=0.0000 R=2.600 adv=0.000 unique=8
step=00950 loss=0.0000 R=2.600 adv=0.000 unique=8
step=00951 loss=0.0000 R=2.600 adv=0.000 unique=11
step=00952 loss=0.0000 R=2.600 adv=0.000 unique=11
step=00953 loss=0.0000 R=2.600 adv=0.000 unique=10
step=00954 loss=0.0000 R=2.600 adv=0.000 unique=12
step=00955 loss=0.0000 R=2.600 adv=0.000 unique=12
step=00956 loss=0.0000 R=2.600 adv=0.000 unique=10
step=00957 loss=0.0000 R=2.600 adv=0.000 unique=9
step=00958 loss=0.0000 R=2.600 adv=0.000 unique=9
step=00959 loss=0.0000 R=2.600 adv=0.000 unique=12
step=00960 loss=0.0000 R=2.600 adv=0.000 unique=10
step=00961 loss=0.0000 R=2.600 adv=0.000 unique=12
step=00962 loss=0.0000 R=2.600 adv=0.000 unique=14
step=00963 loss=0.0000 R=2.600 adv=0.000 unique=11
step=00964 loss=0.0000 R=2.600 adv=0.000 unique=10
step=00965 loss=0.0000 R=2.600 adv=0.000 unique=8
step=00966 loss=0.0000 R=2.600 adv=0.000 unique=12
step=00967 loss=0.0000 R=2.600 adv=0.000 unique=11
step=00968 loss=0.0000 R=2.600 adv=0.000 unique=9
step=00969 loss=0.0000 R=2.537 adv=-0.000 unique=13
step=00970 loss=0.0000 R=2.600 adv=0.000 unique=9
step=00971 loss=0.0000 R=2.600 adv=0.000 unique=11
step=00972 loss=0.0000 R=2.600 adv=0.000 unique=11
step=00973 loss=0.0000 R=2.600 adv=0.000 unique=13
step=00974 loss=0.0000 R=2.600 adv=0.000 unique=10
step=00975 loss=0.0000 R=2.600 adv=0.000 unique=12
step=00976 loss=0.0000 R=2.600 adv=0.000 unique=13
step=00977 loss=0.0000 R=2.600 adv=0.000 unique=9
step=00978 loss=0.0000 R=2.600 adv=0.000 unique=11
step=00979 loss=0.0000 R=2.600 adv=0.000 unique=11
step=00980 loss=0.0000 R=2.600 adv=0.000 unique=10
step=00981 loss=0.0000 R=2.600 adv=0.000 unique=12
step=00982 loss=0.0000 R=2.600 adv=0.000 unique=12
step=00983 loss=0.0000 R=2.600 adv=0.000 unique=10
step=00984 loss=0.0000 R=2.600 adv=0.000 unique=11
step=00985 loss=0.0000 R=2.600 adv=0.000 unique=11
step=00986 loss=0.0000 R=2.600 adv=0.000 unique=11
step=00987 loss=0.0000 R=2.600 adv=0.000 unique=9
step=00988 loss=0.0000 R=2.600 adv=0.000 unique=12
step=00989 loss=0.0000 R=2.600 adv=0.000 unique=12
step=00990 loss=0.0000 R=2.600 adv=0.000 unique=13
step=00991 loss=0.0000 R=2.600 adv=0.000 unique=10
step=00992 loss=0.0000 R=2.600 adv=0.000 unique=8
step=00993 loss=0.0000 R=2.600 adv=0.000 unique=9
step=00994 loss=0.0000 R=2.600 adv=0.000 unique=13
step=00995 loss=0.0000 R=2.600 adv=0.000 unique=12
step=00996 loss=0.0000 R=2.600 adv=0.000 unique=9
step=00997 loss=0.0000 R=2.600 adv=0.000 unique=12
step=00998 loss=0.0000 R=2.600 adv=0.000 unique=9
step=00999 loss=0.0000 R=2.600 adv=0.000 unique=11
--- epoch=099 eval L1=1.8940 TV=0.9470 modes=35/4 peak_mass=0.9986
step=01000 loss=0.0000 R=2.600 adv=0.000 unique=9
step=01001 loss=0.0000 R=2.600 adv=0.000 unique=11
step=01002 loss=0.0000 R=2.600 adv=0.000 unique=12
step=01003 loss=0.0000 R=2.600 adv=0.000 unique=13
step=01004 loss=0.0000 R=2.600 adv=0.000 unique=11
step=01005 loss=0.0000 R=2.600 adv=0.000 unique=11
step=01006 loss=0.0000 R=2.600 adv=0.000 unique=15
step=01007 loss=0.0000 R=2.600 adv=0.000 unique=10
step=01008 loss=0.0000 R=2.600 adv=0.000 unique=8
step=01009 loss=0.0000 R=2.600 adv=0.000 unique=8
step=01010 loss=0.0000 R=2.600 adv=0.000 unique=10
step=01011 loss=0.0000 R=2.600 adv=0.000 unique=12
step=01012 loss=0.0000 R=2.600 adv=0.000 unique=12
step=01013 loss=0.0000 R=2.600 adv=0.000 unique=12
step=01014 loss=0.0000 R=2.600 adv=0.000 unique=13
step=01015 loss=0.0000 R=2.600 adv=0.000 unique=11
step=01016 loss=0.0000 R=2.600 adv=0.000 unique=11
step=01017 loss=0.0000 R=2.537 adv=-0.000 unique=11
step=01018 loss=0.0000 R=2.537 adv=-0.000 unique=12
step=01019 loss=0.0000 R=2.537 adv=-0.000 unique=11
step=01020 loss=0.0000 R=2.537 adv=-0.000 unique=12
step=01021 loss=0.0000 R=2.600 adv=0.000 unique=12
step=01022 loss=0.0000 R=2.600 adv=0.000 unique=10
step=01023 loss=0.0000 R=2.600 adv=0.000 unique=8
step=01024 loss=0.0000 R=2.600 adv=0.000 unique=11
step=01025 loss=0.0000 R=2.600 adv=0.000 unique=9
step=01026 loss=0.0000 R=2.600 adv=0.000 unique=12
step=01027 loss=0.0000 R=2.600 adv=0.000 unique=14
step=01028 loss=0.0000 R=2.600 adv=0.000 unique=13
step=01029 loss=0.0000 R=2.600 adv=0.000 unique=9
step=01030 loss=0.0000 R=2.600 adv=0.000 unique=12
step=01031 loss=0.0000 R=2.600 adv=0.000 unique=10
step=01032 loss=0.0000 R=2.600 adv=0.000 unique=11
step=01033 loss=0.0000 R=2.600 adv=0.000 unique=10
step=01034 loss=0.0000 R=2.600 adv=0.000 unique=10
step=01035 loss=0.0000 R=2.600 adv=0.000 unique=15
step=01036 loss=0.0000 R=2.600 adv=0.000 unique=9
step=01037 loss=0.0000 R=2.600 adv=0.000 unique=11
step=01038 loss=0.0000 R=2.600 adv=0.000 unique=10
step=01039 loss=0.0000 R=2.600 adv=0.000 unique=11
step=01040 loss=0.0000 R=2.600 adv=0.000 unique=12
step=01041 loss=0.0000 R=2.600 adv=0.000 unique=12
step=01042 loss=0.0000 R=2.600 adv=0.000 unique=13
step=01043 loss=0.0000 R=2.600 adv=0.000 unique=9
step=01044 loss=0.0000 R=2.600 adv=0.000 unique=11
step=01045 loss=0.0000 R=2.600 adv=0.000 unique=10
step=01046 loss=0.0000 R=2.600 adv=0.000 unique=10
step=01047 loss=0.0000 R=2.600 adv=0.000 unique=10
step=01048 loss=0.0000 R=2.600 adv=0.000 unique=11
step=01049 loss=0.0000 R=2.600 adv=0.000 unique=10
step=01050 loss=0.0000 R=2.600 adv=0.000 unique=12
step=01051 loss=0.0000 R=2.600 adv=0.000 unique=10
step=01052 loss=0.0000 R=2.600 adv=0.000 unique=12
step=01053 loss=0.0000 R=2.600 adv=0.000 unique=11
step=01054 loss=0.0000 R=2.537 adv=-0.000 unique=9
step=01055 loss=0.0000 R=2.600 adv=0.000 unique=12
step=01056 loss=0.0000 R=2.600 adv=0.000 unique=9
step=01057 loss=0.0000 R=2.600 adv=0.000 unique=11
step=01058 loss=0.0000 R=2.537 adv=-0.000 unique=10
step=01059 loss=0.0000 R=2.537 adv=-0.000 unique=11
step=01060 loss=0.0000 R=2.600 adv=0.000 unique=12
step=01061 loss=0.0000 R=2.600 adv=0.000 unique=10
step=01062 loss=0.0000 R=2.600 adv=0.000 unique=12
step=01063 loss=0.0000 R=2.600 adv=0.000 unique=10
step=01064 loss=0.0000 R=2.537 adv=-0.000 unique=11
step=01065 loss=0.0000 R=2.600 adv=0.000 unique=12
step=01066 loss=0.0000 R=2.600 adv=0.000 unique=10
step=01067 loss=0.0000 R=2.537 adv=-0.000 unique=10
step=01068 loss=0.0000 R=2.600 adv=0.000 unique=9
step=01069 loss=0.0000 R=2.600 adv=0.000 unique=8
step=01070 loss=0.0000 R=2.600 adv=0.000 unique=11
step=01071 loss=0.0000 R=2.537 adv=-0.000 unique=12
step=01072 loss=0.0000 R=2.600 adv=0.000 unique=10
step=01073 loss=0.0000 R=2.600 adv=0.000 unique=14
step=01074 loss=0.0000 R=2.600 adv=0.000 unique=10
step=01075 loss=0.0000 R=2.600 adv=0.000 unique=12
step=01076 loss=0.0000 R=2.600 adv=0.000 unique=10
step=01077 loss=0.0000 R=2.600 adv=0.000 unique=10
step=01078 loss=0.0000 R=2.600 adv=0.000 unique=10
step=01079 loss=0.0000 R=2.600 adv=0.000 unique=10
step=01080 loss=0.0000 R=2.600 adv=0.000 unique=12
step=01081 loss=0.0000 R=2.600 adv=0.000 unique=13
step=01082 loss=0.0000 R=2.600 adv=0.000 unique=10
step=01083 loss=0.0000 R=2.600 adv=0.000 unique=6
step=01084 loss=0.0000 R=2.600 adv=0.000 unique=11
step=01085 loss=0.0000 R=2.600 adv=0.000 unique=8
step=01086 loss=0.0000 R=2.600 adv=0.000 unique=11
step=01087 loss=0.0000 R=2.600 adv=0.000 unique=11
step=01088 loss=0.0000 R=2.600 adv=0.000 unique=11
step=01089 loss=0.0000 R=2.600 adv=0.000 unique=9
step=01090 loss=0.0000 R=2.537 adv=-0.000 unique=10
step=01091 loss=0.0000 R=2.600 adv=0.000 unique=10
step=01092 loss=0.0000 R=2.600 adv=0.000 unique=10
step=01093 loss=0.0000 R=2.600 adv=0.000 unique=7
step=01094 loss=0.0000 R=2.600 adv=0.000 unique=12
step=01095 loss=0.0000 R=2.600 adv=0.000 unique=9
step=01096 loss=0.0000 R=2.600 adv=0.000 unique=10
step=01097 loss=0.0000 R=2.600 adv=0.000 unique=9
step=01098 loss=0.0000 R=2.600 adv=0.000 unique=12
step=01099 loss=0.0000 R=2.600 adv=0.000 unique=12
step=01100 loss=0.0000 R=2.600 adv=0.000 unique=9
step=01101 loss=0.0000 R=2.600 adv=0.000 unique=12
step=01102 loss=0.0000 R=2.600 adv=0.000 unique=10
step=01103 loss=0.0000 R=2.600 adv=0.000 unique=9
step=01104 loss=0.0000 R=2.600 adv=0.000 unique=8
step=01105 loss=0.0000 R=2.600 adv=0.000 unique=10
step=01106 loss=0.0000 R=2.600 adv=0.000 unique=11
step=01107 loss=0.0000 R=2.600 adv=0.000 unique=10
step=01108 loss=0.0000 R=2.600 adv=0.000 unique=14
step=01109 loss=0.0000 R=2.600 adv=0.000 unique=12
step=01110 loss=0.0000 R=2.600 adv=0.000 unique=13
step=01111 loss=0.0000 R=2.600 adv=0.000 unique=9
step=01112 loss=0.0000 R=2.600 adv=0.000 unique=12
step=01113 loss=0.0000 R=2.600 adv=0.000 unique=11
step=01114 loss=0.0000 R=2.600 adv=0.000 unique=11
step=01115 loss=0.0000 R=2.600 adv=0.000 unique=11
step=01116 loss=0.0000 R=2.600 adv=0.000 unique=11
step=01117 loss=0.0000 R=2.600 adv=0.000 unique=9
step=01118 loss=0.0000 R=2.600 adv=0.000 unique=11
step=01119 loss=0.0000 R=2.600 adv=0.000 unique=10
step=01120 loss=0.0000 R=2.600 adv=0.000 unique=11
step=01121 loss=0.0000 R=2.600 adv=0.000 unique=7
step=01122 loss=0.0000 R=2.600 adv=0.000 unique=13
step=01123 loss=0.0000 R=2.537 adv=-0.000 unique=13
step=01124 loss=0.0000 R=2.600 adv=0.000 unique=10
step=01125 loss=0.0000 R=2.600 adv=0.000 unique=9
step=01126 loss=0.0000 R=2.600 adv=0.000 unique=12
step=01127 loss=0.0000 R=2.600 adv=0.000 unique=9
step=01128 loss=0.0000 R=2.600 adv=0.000 unique=12
step=01129 loss=0.0000 R=2.600 adv=0.000 unique=11
step=01130 loss=0.0000 R=2.600 adv=0.000 unique=11
step=01131 loss=0.0000 R=2.600 adv=0.000 unique=12
step=01132 loss=0.0000 R=2.600 adv=0.000 unique=10
step=01133 loss=0.0000 R=2.600 adv=0.000 unique=9
step=01134 loss=0.0000 R=2.600 adv=0.000 unique=8
step=01135 loss=0.0000 R=2.600 adv=0.000 unique=11
step=01136 loss=0.0000 R=2.600 adv=0.000 unique=10
step=01137 loss=0.0000 R=2.600 adv=0.000 unique=12
step=01138 loss=0.0000 R=2.600 adv=0.000 unique=9
step=01139 loss=0.0000 R=2.600 adv=0.000 unique=11
step=01140 loss=0.0000 R=2.600 adv=0.000 unique=13
step=01141 loss=0.0000 R=2.600 adv=0.000 unique=10
step=01142 loss=0.0000 R=2.600 adv=0.000 unique=10
step=01143 loss=0.0000 R=2.600 adv=0.000 unique=12
step=01144 loss=0.0000 R=2.600 adv=0.000 unique=10
step=01145 loss=0.0000 R=2.600 adv=0.000 unique=11
step=01146 loss=0.0000 R=2.600 adv=0.000 unique=12
step=01147 loss=0.0000 R=2.600 adv=0.000 unique=10
step=01148 loss=0.0000 R=2.600 adv=0.000 unique=9
step=01149 loss=0.0000 R=2.600 adv=0.000 unique=11
step=01150 loss=0.0000 R=2.600 adv=0.000 unique=8
step=01151 loss=0.0000 R=2.600 adv=0.000 unique=10
step=01152 loss=0.0000 R=2.600 adv=0.000 unique=9
step=01153 loss=0.0000 R=2.600 adv=0.000 unique=8
step=01154 loss=0.0000 R=2.600 adv=0.000 unique=11
step=01155 loss=0.0000 R=2.600 adv=0.000 unique=10
step=01156 loss=0.0000 R=2.600 adv=0.000 unique=12
step=01157 loss=0.0000 R=2.600 adv=0.000 unique=11
step=01158 loss=0.0000 R=2.600 adv=0.000 unique=12
step=01159 loss=0.0000 R=2.600 adv=0.000 unique=7
step=01160 loss=0.0000 R=2.600 adv=0.000 unique=12
step=01161 loss=0.0000 R=2.600 adv=0.000 unique=11
step=01162 loss=0.0000 R=2.537 adv=-0.000 unique=11
step=01163 loss=0.0000 R=2.600 adv=0.000 unique=9
step=01164 loss=0.0000 R=2.600 adv=0.000 unique=13
step=01165 loss=0.0000 R=2.600 adv=0.000 unique=11
step=01166 loss=0.0000 R=2.600 adv=0.000 unique=11
step=01167 loss=0.0000 R=2.600 adv=0.000 unique=9
step=01168 loss=0.0000 R=2.600 adv=0.000 unique=12
step=01169 loss=0.0000 R=2.600 adv=0.000 unique=12
step=01170 loss=0.0000 R=2.600 adv=0.000 unique=9
step=01171 loss=0.0000 R=2.600 adv=0.000 unique=10
step=01172 loss=0.0000 R=2.600 adv=0.000 unique=9
step=01173 loss=0.0000 R=2.600 adv=0.000 unique=12
step=01174 loss=0.0000 R=2.600 adv=0.000 unique=10
step=01175 loss=0.0000 R=2.600 adv=0.000 unique=8
step=01176 loss=0.0000 R=2.600 adv=0.000 unique=10
step=01177 loss=0.0000 R=2.600 adv=0.000 unique=11
step=01178 loss=0.0000 R=2.600 adv=0.000 unique=11
step=01179 loss=0.0000 R=2.600 adv=0.000 unique=13
step=01180 loss=0.0000 R=2.600 adv=0.000 unique=13
step=01181 loss=0.0000 R=2.600 adv=0.000 unique=8
step=01182 loss=0.0000 R=2.600 adv=0.000 unique=9
step=01183 loss=0.0000 R=2.600 adv=0.000 unique=10
step=01184 loss=0.0000 R=2.600 adv=0.000 unique=10
step=01185 loss=0.0000 R=2.537 adv=-0.000 unique=11
step=01186 loss=0.0000 R=2.600 adv=0.000 unique=13
step=01187 loss=0.0000 R=2.600 adv=0.000 unique=9
step=01188 loss=0.0000 R=2.600 adv=0.000 unique=11
step=01189 loss=0.0000 R=2.600 adv=0.000 unique=11
step=01190 loss=0.0000 R=2.600 adv=0.000 unique=11
step=01191 loss=0.0000 R=2.600 adv=0.000 unique=8
step=01192 loss=0.0000 R=2.600 adv=0.000 unique=10
step=01193 loss=0.0000 R=2.537 adv=-0.000 unique=11
step=01194 loss=0.0000 R=2.537 adv=-0.000 unique=11
step=01195 loss=0.0000 R=2.537 adv=-0.000 unique=13
step=01196 loss=0.0000 R=2.600 adv=0.000 unique=12
step=01197 loss=0.0000 R=2.537 adv=-0.000 unique=11
step=01198 loss=0.0000 R=2.600 adv=0.000 unique=7
step=01199 loss=0.0000 R=2.537 adv=-0.000 unique=8
step=01200 loss=0.0000 R=2.600 adv=0.000 unique=9
step=01201 loss=0.0000 R=2.537 adv=-0.000 unique=11
step=01202 loss=0.0000 R=2.600 adv=0.000 unique=11
step=01203 loss=0.0000 R=2.537 adv=-0.000 unique=9
step=01204 loss=0.0000 R=2.537 adv=-0.000 unique=11
step=01205 loss=0.0000 R=2.537 adv=-0.000 unique=8
step=01206 loss=0.0000 R=2.537 adv=-0.000 unique=13
step=01207 loss=-0.0000 R=2.475 adv=0.000 unique=12
step=01208 loss=0.0000 R=2.600 adv=0.000 unique=9
step=01209 loss=0.0000 R=2.600 adv=0.000 unique=9
step=01210 loss=0.0000 R=2.600 adv=0.000 unique=10
step=01211 loss=0.0000 R=2.600 adv=0.000 unique=10
step=01212 loss=0.0000 R=2.600 adv=0.000 unique=12
step=01213 loss=0.0000 R=2.600 adv=0.000 unique=11
step=01214 loss=0.0000 R=2.600 adv=0.000 unique=12
step=01215 loss=0.0000 R=2.600 adv=0.000 unique=10
step=01216 loss=0.0000 R=2.600 adv=0.000 unique=11
step=01217 loss=0.0000 R=2.600 adv=0.000 unique=9
step=01218 loss=0.0000 R=2.600 adv=0.000 unique=11
step=01219 loss=0.0000 R=2.600 adv=0.000 unique=11
step=01220 loss=0.0000 R=2.600 adv=0.000 unique=10
step=01221 loss=0.0000 R=2.600 adv=0.000 unique=9
step=01222 loss=0.0000 R=2.600 adv=0.000 unique=9
step=01223 loss=0.0000 R=2.600 adv=0.000 unique=9
step=01224 loss=0.0000 R=2.600 adv=0.000 unique=9
step=01225 loss=0.0000 R=2.600 adv=0.000 unique=11
step=01226 loss=0.0000 R=2.600 adv=0.000 unique=11
step=01227 loss=0.0000 R=2.600 adv=0.000 unique=9
step=01228 loss=0.0000 R=2.600 adv=0.000 unique=11
step=01229 loss=0.0000 R=2.600 adv=0.000 unique=13
step=01230 loss=0.0000 R=2.600 adv=0.000 unique=10
step=01231 loss=0.0000 R=2.600 adv=0.000 unique=10
step=01232 loss=0.0000 R=2.600 adv=0.000 unique=8
step=01233 loss=0.0000 R=2.600 adv=0.000 unique=13
step=01234 loss=0.0000 R=2.600 adv=0.000 unique=8
step=01235 loss=0.0000 R=2.600 adv=0.000 unique=9
step=01236 loss=0.0000 R=2.600 adv=0.000 unique=13
step=01237 loss=0.0000 R=2.600 adv=0.000 unique=14
step=01238 loss=0.0000 R=2.600 adv=0.000 unique=9
step=01239 loss=0.0000 R=2.600 adv=0.000 unique=11
step=01240 loss=0.0000 R=2.600 adv=0.000 unique=10
step=01241 loss=0.0000 R=2.600 adv=0.000 unique=7
step=01242 loss=0.0000 R=2.600 adv=0.000 unique=9
step=01243 loss=0.0000 R=2.537 adv=-0.000 unique=12
step=01244 loss=0.0000 R=2.600 adv=0.000 unique=11
step=01245 loss=0.0000 R=2.600 adv=0.000 unique=9
step=01246 loss=0.0000 R=2.600 adv=0.000 unique=9
step=01247 loss=0.0000 R=2.600 adv=0.000 unique=11
step=01248 loss=0.0000 R=2.600 adv=0.000 unique=8
step=01249 loss=0.0000 R=2.600 adv=0.000 unique=9
step=01250 loss=0.0000 R=2.600 adv=0.000 unique=7
step=01251 loss=0.0000 R=2.600 adv=0.000 unique=10
step=01252 loss=0.0000 R=2.600 adv=0.000 unique=10
step=01253 loss=0.0000 R=2.600 adv=0.000 unique=10
step=01254 loss=0.0000 R=2.600 adv=0.000 unique=7
step=01255 loss=0.0000 R=2.600 adv=0.000 unique=11
step=01256 loss=0.0000 R=2.600 adv=0.000 unique=12
step=01257 loss=0.0000 R=2.600 adv=0.000 unique=13
step=01258 loss=0.0000 R=2.600 adv=0.000 unique=11
step=01259 loss=0.0000 R=2.600 adv=0.000 unique=10
step=01260 loss=0.0000 R=2.600 adv=0.000 unique=8
step=01261 loss=0.0000 R=2.600 adv=0.000 unique=11
step=01262 loss=0.0000 R=2.600 adv=0.000 unique=7
step=01263 loss=0.0000 R=2.600 adv=0.000 unique=11
step=01264 loss=0.0000 R=2.600 adv=0.000 unique=11
step=01265 loss=0.0000 R=2.600 adv=0.000 unique=10
step=01266 loss=0.0000 R=2.600 adv=0.000 unique=11
step=01267 loss=0.0000 R=2.600 adv=0.000 unique=10
step=01268 loss=0.0000 R=2.600 adv=0.000 unique=10
step=01269 loss=0.0000 R=2.600 adv=0.000 unique=10
step=01270 loss=0.0000 R=2.600 adv=0.000 unique=12
step=01271 loss=0.0000 R=2.600 adv=0.000 unique=8
step=01272 loss=0.0000 R=2.600 adv=0.000 unique=11
step=01273 loss=0.0000 R=2.600 adv=0.000 unique=11
step=01274 loss=0.0000 R=2.600 adv=0.000 unique=9
step=01275 loss=0.0000 R=2.600 adv=0.000 unique=9
step=01276 loss=0.0000 R=2.600 adv=0.000 unique=11
step=01277 loss=0.0000 R=2.600 adv=0.000 unique=8
step=01278 loss=0.0000 R=2.600 adv=0.000 unique=13
step=01279 loss=0.0000 R=2.600 adv=0.000 unique=12
step=01280 loss=0.0000 R=2.600 adv=0.000 unique=8
step=01281 loss=0.0000 R=2.537 adv=-0.000 unique=9
step=01282 loss=0.0000 R=2.600 adv=0.000 unique=12
step=01283 loss=0.0000 R=2.600 adv=0.000 unique=11
step=01284 loss=0.0000 R=2.600 adv=0.000 unique=12
step=01285 loss=0.0000 R=2.600 adv=0.000 unique=8
step=01286 loss=0.0000 R=2.600 adv=0.000 unique=11
step=01287 loss=0.0000 R=2.600 adv=0.000 unique=11
step=01288 loss=0.0000 R=2.600 adv=0.000 unique=11
step=01289 loss=0.0000 R=2.600 adv=0.000 unique=11
step=01290 loss=0.0000 R=2.600 adv=0.000 unique=11
step=01291 loss=0.0000 R=2.600 adv=0.000 unique=10
step=01292 loss=0.0000 R=2.600 adv=0.000 unique=8
step=01293 loss=0.0000 R=2.600 adv=0.000 unique=13
step=01294 loss=0.0000 R=2.600 adv=0.000 unique=11
step=01295 loss=0.0000 R=2.600 adv=0.000 unique=8
step=01296 loss=0.0000 R=2.600 adv=0.000 unique=11
step=01297 loss=0.0000 R=2.600 adv=0.000 unique=12
step=01298 loss=0.0000 R=2.600 adv=0.000 unique=11
step=01299 loss=0.0000 R=2.600 adv=0.000 unique=9
step=01300 loss=0.0000 R=2.600 adv=0.000 unique=9
step=01301 loss=0.0000 R=2.600 adv=0.000 unique=9
step=01302 loss=0.0000 R=2.537 adv=-0.000 unique=13
step=01303 loss=0.0000 R=2.600 adv=0.000 unique=9
step=01304 loss=0.0000 R=2.600 adv=0.000 unique=12
step=01305 loss=0.0000 R=2.600 adv=0.000 unique=11
step=01306 loss=0.0000 R=2.600 adv=0.000 unique=13
step=01307 loss=0.0000 R=2.600 adv=0.000 unique=8
step=01308 loss=0.0000 R=2.600 adv=0.000 unique=10
step=01309 loss=0.0000 R=2.600 adv=0.000 unique=9
step=01310 loss=0.0000 R=2.600 adv=0.000 unique=9
step=01311 loss=0.0000 R=2.600 adv=0.000 unique=9
step=01312 loss=0.0000 R=2.600 adv=0.000 unique=11
step=01313 loss=0.0000 R=2.600 adv=0.000 unique=8
step=01314 loss=0.0000 R=2.600 adv=0.000 unique=12
step=01315 loss=0.0000 R=2.537 adv=-0.000 unique=14
step=01316 loss=0.0000 R=2.600 adv=0.000 unique=9
step=01317 loss=0.0000 R=2.600 adv=0.000 unique=11
step=01318 loss=0.0000 R=2.537 adv=-0.000 unique=12
step=01319 loss=0.0000 R=2.600 adv=0.000 unique=10
step=01320 loss=0.0000 R=2.600 adv=0.000 unique=12
step=01321 loss=0.0000 R=2.600 adv=0.000 unique=9
step=01322 loss=0.0000 R=2.600 adv=0.000 unique=10
step=01323 loss=0.0000 R=2.600 adv=0.000 unique=8
step=01324 loss=0.0000 R=2.600 adv=0.000 unique=11
step=01325 loss=0.0000 R=2.600 adv=0.000 unique=12
step=01326 loss=0.0000 R=2.600 adv=0.000 unique=13
step=01327 loss=0.0000 R=2.537 adv=-0.000 unique=11
step=01328 loss=0.0000 R=2.600 adv=0.000 unique=9
step=01329 loss=0.0000 R=2.600 adv=0.000 unique=11
step=01330 loss=0.0000 R=2.600 adv=0.000 unique=12
step=01331 loss=0.0000 R=2.600 adv=0.000 unique=11
step=01332 loss=0.0000 R=2.600 adv=0.000 unique=9
step=01333 loss=0.0000 R=2.537 adv=-0.000 unique=10
step=01334 loss=0.0000 R=2.600 adv=0.000 unique=9
step=01335 loss=0.0000 R=2.600 adv=0.000 unique=10
step=01336 loss=0.0000 R=2.600 adv=0.000 unique=11
step=01337 loss=0.0000 R=2.600 adv=0.000 unique=10
step=01338 loss=0.0000 R=2.600 adv=0.000 unique=10
step=01339 loss=0.0000 R=2.600 adv=0.000 unique=11
step=01340 loss=0.0000 R=2.537 adv=-0.000 unique=9
step=01341 loss=0.0000 R=2.600 adv=0.000 unique=9
step=01342 loss=0.0000 R=2.537 adv=-0.000 unique=11
step=01343 loss=0.0000 R=2.600 adv=0.000 unique=14
step=01344 loss=0.0000 R=2.600 adv=0.000 unique=9
step=01345 loss=0.0000 R=2.537 adv=-0.000 unique=9
step=01346 loss=0.0000 R=2.600 adv=0.000 unique=9
step=01347 loss=0.0000 R=2.600 adv=0.000 unique=10
step=01348 loss=0.0000 R=2.600 adv=0.000 unique=11
step=01349 loss=0.0000 R=2.600 adv=0.000 unique=11
step=01350 loss=0.0000 R=2.600 adv=0.000 unique=9
step=01351 loss=0.0000 R=2.537 adv=-0.000 unique=9
step=01352 loss=0.0000 R=2.600 adv=0.000 unique=9
step=01353 loss=0.0000 R=2.537 adv=-0.000 unique=11
step=01354 loss=0.0000 R=2.600 adv=0.000 unique=10
step=01355 loss=0.0000 R=2.600 adv=0.000 unique=11
step=01356 loss=0.0000 R=2.600 adv=0.000 unique=11
step=01357 loss=0.0000 R=2.600 adv=0.000 unique=9
step=01358 loss=0.0000 R=2.600 adv=0.000 unique=11
step=01359 loss=0.0000 R=2.600 adv=0.000 unique=9
step=01360 loss=0.0000 R=2.537 adv=-0.000 unique=11
step=01361 loss=0.0000 R=2.600 adv=0.000 unique=11
step=01362 loss=0.0000 R=2.600 adv=0.000 unique=8
step=01363 loss=0.0000 R=2.600 adv=0.000 unique=9
step=01364 loss=-0.0000 R=2.412 adv=0.000 unique=11
step=01365 loss=0.0000 R=2.600 adv=0.000 unique=9
step=01366 loss=0.0000 R=2.600 adv=0.000 unique=8
step=01367 loss=-0.0000 R=2.475 adv=0.000 unique=14
step=01368 loss=-0.0000 R=2.350 adv=0.000 unique=11
step=01369 loss=0.0000 R=2.600 adv=0.000 unique=10
step=01370 loss=0.0000 R=2.600 adv=0.000 unique=12
step=01371 loss=0.0000 R=2.600 adv=0.000 unique=11
step=01372 loss=0.0000 R=2.600 adv=0.000 unique=11
step=01373 loss=0.0000 R=2.600 adv=0.000 unique=10
step=01374 loss=0.0000 R=2.600 adv=0.000 unique=11
step=01375 loss=0.0000 R=2.600 adv=0.000 unique=8
step=01376 loss=0.0000 R=2.600 adv=0.000 unique=8
step=01377 loss=0.0000 R=2.600 adv=0.000 unique=11
step=01378 loss=0.0000 R=2.600 adv=0.000 unique=7
step=01379 loss=0.0000 R=2.600 adv=0.000 unique=10
step=01380 loss=0.0000 R=2.600 adv=0.000 unique=10
step=01381 loss=0.0000 R=2.600 adv=0.000 unique=10
step=01382 loss=0.0000 R=2.600 adv=0.000 unique=10
step=01383 loss=0.0000 R=2.600 adv=0.000 unique=10
step=01384 loss=0.0000 R=2.600 adv=0.000 unique=12
step=01385 loss=0.0000 R=2.600 adv=0.000 unique=11
step=01386 loss=0.0000 R=2.600 adv=0.000 unique=9
step=01387 loss=0.0000 R=2.600 adv=0.000 unique=7
step=01388 loss=0.0000 R=2.600 adv=0.000 unique=8
step=01389 loss=0.0000 R=2.600 adv=0.000 unique=13
step=01390 loss=0.0000 R=2.600 adv=0.000 unique=9
step=01391 loss=0.0000 R=2.600 adv=0.000 unique=11
step=01392 loss=0.0000 R=2.600 adv=0.000 unique=9
step=01393 loss=0.0000 R=2.600 adv=0.000 unique=12
step=01394 loss=0.0000 R=2.600 adv=0.000 unique=7
step=01395 loss=0.0000 R=2.600 adv=0.000 unique=11
step=01396 loss=0.0000 R=2.600 adv=0.000 unique=7
step=01397 loss=0.0000 R=2.600 adv=0.000 unique=11
step=01398 loss=0.0000 R=2.537 adv=-0.000 unique=10
step=01399 loss=0.0000 R=2.600 adv=0.000 unique=9
step=01400 loss=0.0000 R=2.600 adv=0.000 unique=9
step=01401 loss=0.0000 R=2.600 adv=0.000 unique=10
step=01402 loss=0.0000 R=2.600 adv=0.000 unique=12
step=01403 loss=0.0000 R=2.600 adv=0.000 unique=10
step=01404 loss=0.0000 R=2.600 adv=0.000 unique=9
step=01405 loss=0.0000 R=2.600 adv=0.000 unique=11
step=01406 loss=0.0000 R=2.600 adv=0.000 unique=10
step=01407 loss=0.0000 R=2.600 adv=0.000 unique=12
step=01408 loss=0.0000 R=2.600 adv=0.000 unique=8
step=01409 loss=0.0000 R=2.600 adv=0.000 unique=10
step=01410 loss=0.0000 R=2.600 adv=0.000 unique=9
step=01411 loss=0.0000 R=2.600 adv=0.000 unique=9
step=01412 loss=0.0000 R=2.600 adv=0.000 unique=9
step=01413 loss=0.0000 R=2.600 adv=0.000 unique=9
step=01414 loss=0.0000 R=2.600 adv=0.000 unique=9
step=01415 loss=0.0000 R=2.600 adv=0.000 unique=6
step=01416 loss=0.0000 R=2.600 adv=0.000 unique=7
step=01417 loss=0.0000 R=2.600 adv=0.000 unique=14
step=01418 loss=0.0000 R=2.600 adv=0.000 unique=10
step=01419 loss=0.0000 R=2.600 adv=0.000 unique=9
step=01420 loss=0.0000 R=2.600 adv=0.000 unique=13
step=01421 loss=0.0000 R=2.600 adv=0.000 unique=8
step=01422 loss=0.0000 R=2.600 adv=0.000 unique=10
step=01423 loss=0.0000 R=2.600 adv=0.000 unique=8
step=01424 loss=0.0000 R=2.600 adv=0.000 unique=11
step=01425 loss=0.0000 R=2.537 adv=-0.000 unique=10
step=01426 loss=0.0000 R=2.600 adv=0.000 unique=10
step=01427 loss=0.0000 R=2.600 adv=0.000 unique=9
step=01428 loss=0.0000 R=2.600 adv=0.000 unique=10
step=01429 loss=0.0000 R=2.600 adv=0.000 unique=8
step=01430 loss=0.0000 R=2.600 adv=0.000 unique=8
step=01431 loss=0.0000 R=2.600 adv=0.000 unique=10
step=01432 loss=0.0000 R=2.600 adv=0.000 unique=9
step=01433 loss=0.0000 R=2.600 adv=0.000 unique=11
step=01434 loss=0.0000 R=2.600 adv=0.000 unique=8
step=01435 loss=0.0000 R=2.600 adv=0.000 unique=10
step=01436 loss=0.0000 R=2.600 adv=0.000 unique=10
step=01437 loss=0.0000 R=2.600 adv=0.000 unique=8
step=01438 loss=0.0000 R=2.600 adv=0.000 unique=9
step=01439 loss=0.0000 R=2.600 adv=0.000 unique=10
step=01440 loss=0.0000 R=2.600 adv=0.000 unique=10
step=01441 loss=0.0000 R=2.600 adv=0.000 unique=8
step=01442 loss=0.0000 R=2.600 adv=0.000 unique=9
step=01443 loss=0.0000 R=2.600 adv=0.000 unique=8
step=01444 loss=0.0000 R=2.600 adv=0.000 unique=9
step=01445 loss=0.0000 R=2.600 adv=0.000 unique=8
step=01446 loss=0.0000 R=2.600 adv=0.000 unique=11
step=01447 loss=0.0000 R=2.600 adv=0.000 unique=7
step=01448 loss=0.0000 R=2.600 adv=0.000 unique=10
step=01449 loss=0.0000 R=2.600 adv=0.000 unique=8
step=01450 loss=0.0000 R=2.600 adv=0.000 unique=11
step=01451 loss=0.0000 R=2.600 adv=0.000 unique=9
step=01452 loss=0.0000 R=2.600 adv=0.000 unique=9
step=01453 loss=0.0000 R=2.600 adv=0.000 unique=9
step=01454 loss=0.0000 R=2.600 adv=0.000 unique=10
step=01455 loss=0.0000 R=2.600 adv=0.000 unique=8
step=01456 loss=0.0000 R=2.600 adv=0.000 unique=11
step=01457 loss=0.0000 R=2.600 adv=0.000 unique=10
step=01458 loss=0.0000 R=2.600 adv=0.000 unique=11
step=01459 loss=0.0000 R=2.600 adv=0.000 unique=9
step=01460 loss=0.0000 R=2.600 adv=0.000 unique=8
step=01461 loss=0.0000 R=2.600 adv=0.000 unique=14
step=01462 loss=0.0000 R=2.600 adv=0.000 unique=8
step=01463 loss=0.0000 R=2.537 adv=-0.000 unique=10
step=01464 loss=0.0000 R=2.600 adv=0.000 unique=9
step=01465 loss=0.0000 R=2.600 adv=0.000 unique=13
step=01466 loss=0.0000 R=2.600 adv=0.000 unique=9
step=01467 loss=0.0000 R=2.600 adv=0.000 unique=11
step=01468 loss=0.0000 R=2.600 adv=0.000 unique=10
step=01469 loss=0.0000 R=2.600 adv=0.000 unique=8
step=01470 loss=0.0000 R=2.600 adv=0.000 unique=11
step=01471 loss=0.0000 R=2.600 adv=0.000 unique=9
step=01472 loss=0.0000 R=2.600 adv=0.000 unique=10
step=01473 loss=0.0000 R=2.600 adv=0.000 unique=9
step=01474 loss=0.0000 R=2.600 adv=0.000 unique=10
step=01475 loss=0.0000 R=2.600 adv=0.000 unique=8
step=01476 loss=0.0000 R=2.600 adv=0.000 unique=8
step=01477 loss=0.0000 R=2.537 adv=-0.000 unique=11
step=01478 loss=0.0000 R=2.600 adv=0.000 unique=11
step=01479 loss=0.0000 R=2.600 adv=0.000 unique=8
step=01480 loss=0.0000 R=2.600 adv=0.000 unique=9
step=01481 loss=0.0000 R=2.600 adv=0.000 unique=10
step=01482 loss=0.0000 R=2.600 adv=0.000 unique=9
step=01483 loss=0.0000 R=2.600 adv=0.000 unique=12
step=01484 loss=0.0000 R=2.600 adv=0.000 unique=13
step=01485 loss=0.0000 R=2.600 adv=0.000 unique=9
step=01486 loss=0.0000 R=2.600 adv=0.000 unique=9
step=01487 loss=0.0000 R=2.600 adv=0.000 unique=8
step=01488 loss=0.0000 R=2.600 adv=0.000 unique=9
step=01489 loss=0.0000 R=2.600 adv=0.000 unique=7
step=01490 loss=0.0000 R=2.600 adv=0.000 unique=11
step=01491 loss=0.0000 R=2.600 adv=0.000 unique=10
step=01492 loss=0.0000 R=2.600 adv=0.000 unique=11
step=01493 loss=0.0000 R=2.600 adv=0.000 unique=10
step=01494 loss=0.0000 R=2.600 adv=0.000 unique=10
step=01495 loss=0.0000 R=2.600 adv=0.000 unique=10
step=01496 loss=0.0000 R=2.600 adv=0.000 unique=8
step=01497 loss=0.0000 R=2.600 adv=0.000 unique=9
step=01498 loss=0.0000 R=2.600 adv=0.000 unique=8
step=01499 loss=0.0000 R=2.600 adv=0.000 unique=11
step=01500 loss=0.0000 R=2.600 adv=0.000 unique=12
step=01501 loss=0.0000 R=2.600 adv=0.000 unique=9
step=01502 loss=0.0000 R=2.600 adv=0.000 unique=8
step=01503 loss=0.0000 R=2.600 adv=0.000 unique=9
step=01504 loss=0.0000 R=2.600 adv=0.000 unique=9
step=01505 loss=0.0000 R=2.600 adv=0.000 unique=8
step=01506 loss=0.0000 R=2.600 adv=0.000 unique=9
step=01507 loss=0.0000 R=2.600 adv=0.000 unique=9
step=01508 loss=0.0000 R=2.600 adv=0.000 unique=9
step=01509 loss=0.0000 R=2.600 adv=0.000 unique=10
step=01510 loss=0.0000 R=2.600 adv=0.000 unique=10
step=01511 loss=0.0000 R=2.600 adv=0.000 unique=11
step=01512 loss=0.0000 R=2.600 adv=0.000 unique=9
step=01513 loss=0.0000 R=2.600 adv=0.000 unique=5
step=01514 loss=0.0000 R=2.600 adv=0.000 unique=11
step=01515 loss=0.0000 R=2.600 adv=0.000 unique=10
step=01516 loss=0.0000 R=2.600 adv=0.000 unique=10
step=01517 loss=0.0000 R=2.600 adv=0.000 unique=10
step=01518 loss=0.0000 R=2.600 adv=0.000 unique=11
step=01519 loss=0.0000 R=2.600 adv=0.000 unique=8
step=01520 loss=0.0000 R=2.600 adv=0.000 unique=9
step=01521 loss=0.0000 R=2.600 adv=0.000 unique=10
step=01522 loss=0.0000 R=2.600 adv=0.000 unique=11
step=01523 loss=0.0000 R=2.600 adv=0.000 unique=10
step=01524 loss=0.0000 R=2.600 adv=0.000 unique=9
step=01525 loss=0.0000 R=2.600 adv=0.000 unique=8
step=01526 loss=0.0000 R=2.600 adv=0.000 unique=9
step=01527 loss=0.0000 R=2.600 adv=0.000 unique=9
step=01528 loss=0.0000 R=2.600 adv=0.000 unique=10
step=01529 loss=0.0000 R=2.600 adv=0.000 unique=9
step=01530 loss=0.0000 R=2.600 adv=0.000 unique=9
step=01531 loss=0.0000 R=2.600 adv=0.000 unique=13
step=01532 loss=0.0000 R=2.600 adv=0.000 unique=9
step=01533 loss=0.0000 R=2.600 adv=0.000 unique=9
step=01534 loss=0.0000 R=2.600 adv=0.000 unique=10
step=01535 loss=0.0000 R=2.600 adv=0.000 unique=10
step=01536 loss=0.0000 R=2.600 adv=0.000 unique=12
step=01537 loss=0.0000 R=2.600 adv=0.000 unique=9
step=01538 loss=0.0000 R=2.600 adv=0.000 unique=11
step=01539 loss=0.0000 R=2.600 adv=0.000 unique=8
step=01540 loss=0.0000 R=2.600 adv=0.000 unique=8
step=01541 loss=0.0000 R=2.600 adv=0.000 unique=9
step=01542 loss=0.0000 R=2.600 adv=0.000 unique=13
step=01543 loss=0.0000 R=2.600 adv=0.000 unique=10
step=01544 loss=0.0000 R=2.600 adv=0.000 unique=9
step=01545 loss=0.0000 R=2.600 adv=0.000 unique=6
step=01546 loss=0.0000 R=2.600 adv=0.000 unique=11
step=01547 loss=0.0000 R=2.537 adv=-0.000 unique=7
step=01548 loss=0.0000 R=2.600 adv=0.000 unique=8
step=01549 loss=0.0000 R=2.600 adv=0.000 unique=10
step=01550 loss=0.0000 R=2.600 adv=0.000 unique=10
step=01551 loss=0.0000 R=2.600 adv=0.000 unique=9
step=01552 loss=0.0000 R=2.600 adv=0.000 unique=7
step=01553 loss=0.0000 R=2.600 adv=0.000 unique=10
step=01554 loss=0.0000 R=2.600 adv=0.000 unique=9
step=01555 loss=0.0000 R=2.600 adv=0.000 unique=10
step=01556 loss=0.0000 R=2.537 adv=-0.000 unique=8
step=01557 loss=0.0000 R=2.600 adv=0.000 unique=10
step=01558 loss=0.0000 R=2.600 adv=0.000 unique=8
step=01559 loss=0.0000 R=2.600 adv=0.000 unique=12
step=01560 loss=0.0000 R=2.600 adv=0.000 unique=11
step=01561 loss=0.0000 R=2.600 adv=0.000 unique=11
step=01562 loss=0.0000 R=2.600 adv=0.000 unique=10
step=01563 loss=0.0000 R=2.600 adv=0.000 unique=9
step=01564 loss=0.0000 R=2.600 adv=0.000 unique=9
step=01565 loss=0.0000 R=2.600 adv=0.000 unique=9
step=01566 loss=0.0000 R=2.600 adv=0.000 unique=8
step=01567 loss=0.0000 R=2.600 adv=0.000 unique=9
step=01568 loss=0.0000 R=2.600 adv=0.000 unique=10
step=01569 loss=0.0000 R=2.600 adv=0.000 unique=8
step=01570 loss=0.0000 R=2.600 adv=0.000 unique=13
step=01571 loss=0.0000 R=2.600 adv=0.000 unique=8
step=01572 loss=0.0000 R=2.600 adv=0.000 unique=12
step=01573 loss=0.0000 R=2.600 adv=0.000 unique=7
step=01574 loss=0.0000 R=2.600 adv=0.000 unique=10
step=01575 loss=0.0000 R=2.600 adv=0.000 unique=10
step=01576 loss=0.0000 R=2.600 adv=0.000 unique=9
step=01577 loss=0.0000 R=2.600 adv=0.000 unique=11
step=01578 loss=0.0000 R=2.600 adv=0.000 unique=10
step=01579 loss=0.0000 R=2.600 adv=0.000 unique=11
step=01580 loss=0.0000 R=2.600 adv=0.000 unique=9
step=01581 loss=0.0000 R=2.600 adv=0.000 unique=9
step=01582 loss=0.0000 R=2.600 adv=0.000 unique=11
step=01583 loss=0.0000 R=2.600 adv=0.000 unique=9
step=01584 loss=0.0000 R=2.600 adv=0.000 unique=11
step=01585 loss=0.0000 R=2.600 adv=0.000 unique=8
step=01586 loss=0.0000 R=2.600 adv=0.000 unique=10
step=01587 loss=0.0000 R=2.600 adv=0.000 unique=10
step=01588 loss=0.0000 R=2.600 adv=0.000 unique=12
step=01589 loss=0.0000 R=2.600 adv=0.000 unique=7
step=01590 loss=0.0000 R=2.600 adv=0.000 unique=9
step=01591 loss=0.0000 R=2.600 adv=0.000 unique=11
step=01592 loss=0.0000 R=2.537 adv=-0.000 unique=9
step=01593 loss=0.0000 R=2.600 adv=0.000 unique=8
step=01594 loss=0.0000 R=2.600 adv=0.000 unique=10
step=01595 loss=0.0000 R=2.600 adv=0.000 unique=7
step=01596 loss=0.0000 R=2.600 adv=0.000 unique=11
step=01597 loss=0.0000 R=2.600 adv=0.000 unique=12
step=01598 loss=0.0000 R=2.600 adv=0.000 unique=10
step=01599 loss=0.0000 R=2.600 adv=0.000 unique=12
step=01600 loss=0.0000 R=2.600 adv=0.000 unique=9
step=01601 loss=0.0000 R=2.600 adv=0.000 unique=9
step=01602 loss=0.0000 R=2.600 adv=0.000 unique=8
step=01603 loss=0.0000 R=2.600 adv=0.000 unique=9
step=01604 loss=0.0000 R=2.600 adv=0.000 unique=7
step=01605 loss=0.0000 R=2.600 adv=0.000 unique=10
step=01606 loss=0.0000 R=2.600 adv=0.000 unique=10
step=01607 loss=0.0000 R=2.600 adv=0.000 unique=11
step=01608 loss=-0.0000 R=2.475 adv=0.000 unique=12
step=01609 loss=0.0000 R=2.600 adv=0.000 unique=9
step=01610 loss=0.0000 R=2.600 adv=0.000 unique=11
step=01611 loss=0.0000 R=2.600 adv=0.000 unique=11
step=01612 loss=0.0000 R=2.600 adv=0.000 unique=11
step=01613 loss=0.0000 R=2.600 adv=0.000 unique=11
step=01614 loss=0.0000 R=2.600 adv=0.000 unique=8
step=01615 loss=0.0000 R=2.600 adv=0.000 unique=9
step=01616 loss=0.0000 R=2.600 adv=0.000 unique=10
step=01617 loss=0.0000 R=2.600 adv=0.000 unique=9
step=01618 loss=0.0000 R=2.600 adv=0.000 unique=9
step=01619 loss=0.0000 R=2.600 adv=0.000 unique=6
step=01620 loss=0.0000 R=2.600 adv=0.000 unique=10
step=01621 loss=0.0000 R=2.600 adv=0.000 unique=9
step=01622 loss=0.0000 R=2.600 adv=0.000 unique=9
step=01623 loss=0.0000 R=2.600 adv=0.000 unique=11
step=01624 loss=0.0000 R=2.600 adv=0.000 unique=10
step=01625 loss=0.0000 R=2.600 adv=0.000 unique=11
step=01626 loss=0.0000 R=2.600 adv=0.000 unique=8
step=01627 loss=0.0000 R=2.600 adv=0.000 unique=6
step=01628 loss=0.0000 R=2.600 adv=0.000 unique=10
step=01629 loss=0.0000 R=2.600 adv=0.000 unique=9
step=01630 loss=0.0000 R=2.600 adv=0.000 unique=9
step=01631 loss=0.0000 R=2.600 adv=0.000 unique=8
step=01632 loss=0.0000 R=2.600 adv=0.000 unique=9
step=01633 loss=0.0000 R=2.600 adv=0.000 unique=9
step=01634 loss=0.0000 R=2.600 adv=0.000 unique=8
step=01635 loss=0.0000 R=2.600 adv=0.000 unique=8
step=01636 loss=0.0000 R=2.600 adv=0.000 unique=10
step=01637 loss=0.0000 R=2.600 adv=0.000 unique=8
step=01638 loss=0.0000 R=2.600 adv=0.000 unique=9
step=01639 loss=0.0000 R=2.600 adv=0.000 unique=12
step=01640 loss=0.0000 R=2.600 adv=0.000 unique=10
step=01641 loss=0.0000 R=2.600 adv=0.000 unique=9
step=01642 loss=0.0000 R=2.537 adv=-0.000 unique=9
step=01643 loss=0.0000 R=2.600 adv=0.000 unique=9
step=01644 loss=0.0000 R=2.537 adv=-0.000 unique=10
step=01645 loss=0.0000 R=2.600 adv=0.000 unique=10
step=01646 loss=0.0000 R=2.600 adv=0.000 unique=9
step=01647 loss=0.0000 R=2.600 adv=0.000 unique=9
step=01648 loss=0.0000 R=2.600 adv=0.000 unique=8
step=01649 loss=0.0000 R=2.600 adv=0.000 unique=9
step=01650 loss=0.0000 R=2.600 adv=0.000 unique=13
step=01651 loss=0.0000 R=2.600 adv=0.000 unique=9
step=01652 loss=0.0000 R=2.600 adv=0.000 unique=10
step=01653 loss=0.0000 R=2.600 adv=0.000 unique=9
step=01654 loss=0.0000 R=2.600 adv=0.000 unique=10
step=01655 loss=0.0000 R=2.537 adv=-0.000 unique=11
step=01656 loss=0.0000 R=2.600 adv=0.000 unique=10
step=01657 loss=0.0000 R=2.600 adv=0.000 unique=8
step=01658 loss=0.0000 R=2.600 adv=0.000 unique=11
step=01659 loss=0.0000 R=2.600 adv=0.000 unique=8
step=01660 loss=0.0000 R=2.600 adv=0.000 unique=11
step=01661 loss=0.0000 R=2.600 adv=0.000 unique=9
step=01662 loss=0.0000 R=2.600 adv=0.000 unique=10
step=01663 loss=0.0000 R=2.537 adv=-0.000 unique=10
step=01664 loss=0.0000 R=2.600 adv=0.000 unique=10
step=01665 loss=0.0000 R=2.600 adv=0.000 unique=8
step=01666 loss=0.0000 R=2.600 adv=0.000 unique=11
step=01667 loss=0.0000 R=2.600 adv=0.000 unique=10
step=01668 loss=0.0000 R=2.600 adv=0.000 unique=9
step=01669 loss=0.0000 R=2.600 adv=0.000 unique=9
step=01670 loss=0.0000 R=2.600 adv=0.000 unique=9
step=01671 loss=0.0000 R=2.600 adv=0.000 unique=10
step=01672 loss=0.0000 R=2.600 adv=0.000 unique=12
step=01673 loss=0.0000 R=2.600 adv=0.000 unique=11
step=01674 loss=0.0000 R=2.600 adv=0.000 unique=8
step=01675 loss=0.0000 R=2.600 adv=0.000 unique=9
step=01676 loss=0.0000 R=2.600 adv=0.000 unique=10
step=01677 loss=0.0000 R=2.600 adv=0.000 unique=9
step=01678 loss=0.0000 R=2.600 adv=0.000 unique=8
step=01679 loss=0.0000 R=2.600 adv=0.000 unique=8
step=01680 loss=0.0000 R=2.600 adv=0.000 unique=10
step=01681 loss=0.0000 R=2.600 adv=0.000 unique=9
step=01682 loss=0.0000 R=2.600 adv=0.000 unique=11
step=01683 loss=0.0000 R=2.600 adv=0.000 unique=8
step=01684 loss=0.0000 R=2.600 adv=0.000 unique=9
step=01685 loss=0.0000 R=2.600 adv=0.000 unique=10
step=01686 loss=0.0000 R=2.600 adv=0.000 unique=9
step=01687 loss=0.0000 R=2.600 adv=0.000 unique=7
step=01688 loss=0.0000 R=2.600 adv=0.000 unique=8
step=01689 loss=0.0000 R=2.600 adv=0.000 unique=7
step=01690 loss=0.0000 R=2.600 adv=0.000 unique=8
step=01691 loss=0.0000 R=2.600 adv=0.000 unique=10
step=01692 loss=0.0000 R=2.600 adv=0.000 unique=11
step=01693 loss=0.0000 R=2.600 adv=0.000 unique=9
step=01694 loss=0.0000 R=2.600 adv=0.000 unique=8
step=01695 loss=0.0000 R=2.600 adv=0.000 unique=9
step=01696 loss=0.0000 R=2.600 adv=0.000 unique=10
step=01697 loss=0.0000 R=2.600 adv=0.000 unique=11
step=01698 loss=0.0000 R=2.600 adv=0.000 unique=9
step=01699 loss=0.0000 R=2.600 adv=0.000 unique=6
step=01700 loss=0.0000 R=2.600 adv=0.000 unique=7
step=01701 loss=0.0000 R=2.600 adv=0.000 unique=11
step=01702 loss=0.0000 R=2.537 adv=-0.000 unique=10
step=01703 loss=0.0000 R=2.600 adv=0.000 unique=11
step=01704 loss=0.0000 R=2.600 adv=0.000 unique=11
step=01705 loss=0.0000 R=2.600 adv=0.000 unique=10
step=01706 loss=0.0000 R=2.600 adv=0.000 unique=10
step=01707 loss=0.0000 R=2.600 adv=0.000 unique=8
step=01708 loss=0.0000 R=2.600 adv=0.000 unique=9
step=01709 loss=0.0000 R=2.600 adv=0.000 unique=9
step=01710 loss=0.0000 R=2.600 adv=0.000 unique=10
step=01711 loss=0.0000 R=2.600 adv=0.000 unique=8
step=01712 loss=0.0000 R=2.600 adv=0.000 unique=7
step=01713 loss=0.0000 R=2.600 adv=0.000 unique=10
step=01714 loss=0.0000 R=2.600 adv=0.000 unique=7
step=01715 loss=0.0000 R=2.600 adv=0.000 unique=10
step=01716 loss=0.0000 R=2.600 adv=0.000 unique=7
step=01717 loss=0.0000 R=2.600 adv=0.000 unique=10
step=01718 loss=0.0000 R=2.600 adv=0.000 unique=8
step=01719 loss=0.0000 R=2.600 adv=0.000 unique=9
step=01720 loss=0.0000 R=2.600 adv=0.000 unique=8
step=01721 loss=0.0000 R=2.600 adv=0.000 unique=7
step=01722 loss=0.0000 R=2.600 adv=0.000 unique=7
step=01723 loss=0.0000 R=2.600 adv=0.000 unique=9
step=01724 loss=0.0000 R=2.537 adv=-0.000 unique=11
step=01725 loss=0.0000 R=2.600 adv=0.000 unique=9
step=01726 loss=0.0000 R=2.537 adv=-0.000 unique=13
step=01727 loss=0.0000 R=2.600 adv=0.000 unique=11
step=01728 loss=0.0000 R=2.600 adv=0.000 unique=9
step=01729 loss=0.0000 R=2.600 adv=0.000 unique=10
step=01730 loss=0.0000 R=2.600 adv=0.000 unique=9
step=01731 loss=0.0000 R=2.600 adv=0.000 unique=9
step=01732 loss=0.0000 R=2.600 adv=0.000 unique=7
step=01733 loss=0.0000 R=2.537 adv=-0.000 unique=10
step=01734 loss=0.0000 R=2.600 adv=0.000 unique=8
step=01735 loss=0.0000 R=2.600 adv=0.000 unique=10
step=01736 loss=0.0000 R=2.537 adv=-0.000 unique=13
step=01737 loss=0.0000 R=2.600 adv=0.000 unique=6
step=01738 loss=0.0000 R=2.600 adv=0.000 unique=11
step=01739 loss=0.0000 R=2.600 adv=0.000 unique=9
step=01740 loss=0.0000 R=2.600 adv=0.000 unique=10
step=01741 loss=0.0000 R=2.600 adv=0.000 unique=8
step=01742 loss=0.0000 R=2.600 adv=0.000 unique=9
step=01743 loss=0.0000 R=2.600 adv=0.000 unique=7
step=01744 loss=0.0000 R=2.600 adv=0.000 unique=8
step=01745 loss=0.0000 R=2.537 adv=-0.000 unique=9
step=01746 loss=0.0000 R=2.600 adv=0.000 unique=10
step=01747 loss=0.0000 R=2.600 adv=0.000 unique=8
step=01748 loss=0.0000 R=2.600 adv=0.000 unique=10
step=01749 loss=0.0000 R=2.600 adv=0.000 unique=8
step=01750 loss=0.0000 R=2.537 adv=-0.000 unique=8
step=01751 loss=0.0000 R=2.537 adv=-0.000 unique=11
step=01752 loss=0.0000 R=2.600 adv=0.000 unique=7
step=01753 loss=0.0000 R=2.600 adv=0.000 unique=8
step=01754 loss=0.0000 R=2.600 adv=0.000 unique=9
step=01755 loss=0.0000 R=2.600 adv=0.000 unique=9
step=01756 loss=0.0000 R=2.600 adv=0.000 unique=10
step=01757 loss=0.0000 R=2.600 adv=0.000 unique=9
step=01758 loss=0.0000 R=2.600 adv=0.000 unique=9
step=01759 loss=0.0000 R=2.600 adv=0.000 unique=10
step=01760 loss=0.0000 R=2.600 adv=0.000 unique=10
step=01761 loss=0.0000 R=2.600 adv=0.000 unique=9
step=01762 loss=0.0000 R=2.600 adv=0.000 unique=9
step=01763 loss=0.0000 R=2.600 adv=0.000 unique=7
step=01764 loss=0.0000 R=2.600 adv=0.000 unique=7
step=01765 loss=0.0000 R=2.537 adv=-0.000 unique=12
step=01766 loss=0.0000 R=2.600 adv=0.000 unique=8
step=01767 loss=0.0000 R=2.600 adv=0.000 unique=9
step=01768 loss=0.0000 R=2.600 adv=0.000 unique=8
step=01769 loss=0.0000 R=2.600 adv=0.000 unique=10
step=01770 loss=0.0000 R=2.600 adv=0.000 unique=8
step=01771 loss=0.0000 R=2.600 adv=0.000 unique=8
step=01772 loss=0.0000 R=2.600 adv=0.000 unique=10
step=01773 loss=0.0000 R=2.537 adv=-0.000 unique=8
step=01774 loss=0.0000 R=2.600 adv=0.000 unique=12
step=01775 loss=0.0000 R=2.600 adv=0.000 unique=10
step=01776 loss=0.0000 R=2.600 adv=0.000 unique=10
step=01777 loss=0.0000 R=2.600 adv=0.000 unique=8
step=01778 loss=0.0000 R=2.600 adv=0.000 unique=9
step=01779 loss=0.0000 R=2.600 adv=0.000 unique=11
step=01780 loss=0.0000 R=2.600 adv=0.000 unique=12
step=01781 loss=0.0000 R=2.600 adv=0.000 unique=10
step=01782 loss=0.0000 R=2.600 adv=0.000 unique=9
step=01783 loss=0.0000 R=2.600 adv=0.000 unique=9
step=01784 loss=0.0000 R=2.600 adv=0.000 unique=8
step=01785 loss=0.0000 R=2.600 adv=0.000 unique=8
step=01786 loss=0.0000 R=2.600 adv=0.000 unique=8
step=01787 loss=0.0000 R=2.600 adv=0.000 unique=8
step=01788 loss=0.0000 R=2.600 adv=0.000 unique=11
step=01789 loss=0.0000 R=2.600 adv=0.000 unique=10
step=01790 loss=0.0000 R=2.600 adv=0.000 unique=6
step=01791 loss=0.0000 R=2.600 adv=0.000 unique=11
step=01792 loss=0.0000 R=2.600 adv=0.000 unique=10
step=01793 loss=0.0000 R=2.600 adv=0.000 unique=9
step=01794 loss=0.0000 R=2.600 adv=0.000 unique=12
step=01795 loss=0.0000 R=2.600 adv=0.000 unique=7
step=01796 loss=0.0000 R=2.600 adv=0.000 unique=8
step=01797 loss=0.0000 R=2.600 adv=0.000 unique=8
step=01798 loss=0.0000 R=2.600 adv=0.000 unique=8
step=01799 loss=0.0000 R=2.600 adv=0.000 unique=11
step=01800 loss=0.0000 R=2.600 adv=0.000 unique=11
step=01801 loss=0.0000 R=2.600 adv=0.000 unique=11
step=01802 loss=0.0000 R=2.537 adv=-0.000 unique=11
step=01803 loss=-0.0000 R=2.475 adv=0.000 unique=11
step=01804 loss=0.0000 R=2.600 adv=0.000 unique=10
step=01805 loss=0.0000 R=2.600 adv=0.000 unique=8
step=01806 loss=0.0000 R=2.600 adv=0.000 unique=9
step=01807 loss=0.0000 R=2.600 adv=0.000 unique=9
step=01808 loss=0.0000 R=2.600 adv=0.000 unique=7
step=01809 loss=0.0000 R=2.600 adv=0.000 unique=11
step=01810 loss=0.0000 R=2.600 adv=0.000 unique=9
step=01811 loss=0.0000 R=2.600 adv=0.000 unique=9
step=01812 loss=0.0000 R=2.600 adv=0.000 unique=5
step=01813 loss=0.0000 R=2.600 adv=0.000 unique=10
step=01814 loss=0.0000 R=2.600 adv=0.000 unique=9
step=01815 loss=0.0000 R=2.600 adv=0.000 unique=9
step=01816 loss=0.0000 R=2.600 adv=0.000 unique=8
step=01817 loss=0.0000 R=2.600 adv=0.000 unique=9
step=01818 loss=0.0000 R=2.600 adv=0.000 unique=7
step=01819 loss=0.0000 R=2.600 adv=0.000 unique=10
step=01820 loss=0.0000 R=2.600 adv=0.000 unique=9
step=01821 loss=0.0000 R=2.600 adv=0.000 unique=8
step=01822 loss=0.0000 R=2.600 adv=0.000 unique=8
step=01823 loss=0.0000 R=2.537 adv=-0.000 unique=10
step=01824 loss=0.0000 R=2.600 adv=0.000 unique=10
step=01825 loss=0.0000 R=2.600 adv=0.000 unique=10
step=01826 loss=0.0000 R=2.600 adv=0.000 unique=9
step=01827 loss=0.0000 R=2.600 adv=0.000 unique=6
step=01828 loss=0.0000 R=2.600 adv=0.000 unique=9
step=01829 loss=0.0000 R=2.600 adv=0.000 unique=9
step=01830 loss=0.0000 R=2.600 adv=0.000 unique=7
step=01831 loss=0.0000 R=2.600 adv=0.000 unique=9
step=01832 loss=0.0000 R=2.600 adv=0.000 unique=8
step=01833 loss=0.0000 R=2.600 adv=0.000 unique=7
step=01834 loss=0.0000 R=2.600 adv=0.000 unique=9
step=01835 loss=0.0000 R=2.600 adv=0.000 unique=8
step=01836 loss=0.0000 R=2.600 adv=0.000 unique=7
step=01837 loss=0.0000 R=2.600 adv=0.000 unique=9
step=01838 loss=0.0000 R=2.600 adv=0.000 unique=10
step=01839 loss=0.0000 R=2.600 adv=0.000 unique=10
step=01840 loss=0.0000 R=2.600 adv=0.000 unique=10
step=01841 loss=0.0000 R=2.600 adv=0.000 unique=10
step=01842 loss=0.0000 R=2.600 adv=0.000 unique=7
step=01843 loss=0.0000 R=2.600 adv=0.000 unique=9
step=01844 loss=0.0000 R=2.600 adv=0.000 unique=7
step=01845 loss=0.0000 R=2.600 adv=0.000 unique=6
step=01846 loss=0.0000 R=2.600 adv=0.000 unique=7
step=01847 loss=0.0000 R=2.600 adv=0.000 unique=8
step=01848 loss=0.0000 R=2.537 adv=-0.000 unique=10
step=01849 loss=0.0000 R=2.600 adv=0.000 unique=10
step=01850 loss=0.0000 R=2.600 adv=0.000 unique=10
step=01851 loss=0.0000 R=2.600 adv=0.000 unique=9
step=01852 loss=0.0000 R=2.600 adv=0.000 unique=8
step=01853 loss=0.0000 R=2.600 adv=0.000 unique=9
step=01854 loss=0.0000 R=2.600 adv=0.000 unique=8
step=01855 loss=0.0000 R=2.600 adv=0.000 unique=7
step=01856 loss=0.0000 R=2.600 adv=0.000 unique=9
step=01857 loss=0.0000 R=2.600 adv=0.000 unique=9
step=01858 loss=0.0000 R=2.600 adv=0.000 unique=9
step=01859 loss=0.0000 R=2.600 adv=0.000 unique=8
step=01860 loss=0.0000 R=2.600 adv=0.000 unique=11
step=01861 loss=0.0000 R=2.600 adv=0.000 unique=10
step=01862 loss=0.0000 R=2.600 adv=0.000 unique=9
step=01863 loss=0.0000 R=2.600 adv=0.000 unique=7
step=01864 loss=0.0000 R=2.600 adv=0.000 unique=8
step=01865 loss=0.0000 R=2.600 adv=0.000 unique=8
step=01866 loss=0.0000 R=2.600 adv=0.000 unique=9
step=01867 loss=0.0000 R=2.600 adv=0.000 unique=8
step=01868 loss=0.0000 R=2.600 adv=0.000 unique=9
step=01869 loss=0.0000 R=2.600 adv=0.000 unique=9
step=01870 loss=0.0000 R=2.600 adv=0.000 unique=6
step=01871 loss=0.0000 R=2.600 adv=0.000 unique=9
step=01872 loss=0.0000 R=2.600 adv=0.000 unique=10
step=01873 loss=0.0000 R=2.600 adv=0.000 unique=9
step=01874 loss=0.0000 R=2.600 adv=0.000 unique=10
step=01875 loss=0.0000 R=2.600 adv=0.000 unique=9
step=01876 loss=0.0000 R=2.600 adv=0.000 unique=9
step=01877 loss=0.0000 R=2.600 adv=0.000 unique=10
step=01878 loss=0.0000 R=2.600 adv=0.000 unique=10
step=01879 loss=0.0000 R=2.600 adv=0.000 unique=11
step=01880 loss=0.0000 R=2.600 adv=0.000 unique=10
step=01881 loss=0.0000 R=2.600 adv=0.000 unique=9
step=01882 loss=0.0000 R=2.600 adv=0.000 unique=8
step=01883 loss=0.0000 R=2.600 adv=0.000 unique=8
step=01884 loss=0.0000 R=2.600 adv=0.000 unique=10
step=01885 loss=0.0000 R=2.600 adv=0.000 unique=9
step=01886 loss=0.0000 R=2.600 adv=0.000 unique=8
step=01887 loss=0.0000 R=2.600 adv=0.000 unique=8
step=01888 loss=0.0000 R=2.600 adv=0.000 unique=8
step=01889 loss=0.0000 R=2.600 adv=0.000 unique=8
step=01890 loss=0.0000 R=2.600 adv=0.000 unique=9
step=01891 loss=0.0000 R=2.600 adv=0.000 unique=9
step=01892 loss=0.0000 R=2.600 adv=0.000 unique=10
step=01893 loss=0.0000 R=2.600 adv=0.000 unique=8
step=01894 loss=0.0000 R=2.600 adv=0.000 unique=11
step=01895 loss=0.0000 R=2.600 adv=0.000 unique=9
step=01896 loss=0.0000 R=2.600 adv=0.000 unique=7
step=01897 loss=0.0000 R=2.600 adv=0.000 unique=9
step=01898 loss=0.0000 R=2.600 adv=0.000 unique=11
step=01899 loss=0.0000 R=2.600 adv=0.000 unique=10
step=01900 loss=0.0000 R=2.600 adv=0.000 unique=6
step=01901 loss=0.0000 R=2.600 adv=0.000 unique=9
step=01902 loss=0.0000 R=2.600 adv=0.000 unique=8
step=01903 loss=0.0000 R=2.600 adv=0.000 unique=10
step=01904 loss=0.0000 R=2.600 adv=0.000 unique=10
step=01905 loss=0.0000 R=2.600 adv=0.000 unique=8
step=01906 loss=0.0000 R=2.600 adv=0.000 unique=11
step=01907 loss=0.0000 R=2.600 adv=0.000 unique=7
step=01908 loss=0.0000 R=2.600 adv=0.000 unique=9
step=01909 loss=0.0000 R=2.600 adv=0.000 unique=6
step=01910 loss=0.0000 R=2.600 adv=0.000 unique=10
step=01911 loss=0.0000 R=2.600 adv=0.000 unique=9
step=01912 loss=0.0000 R=2.600 adv=0.000 unique=9
step=01913 loss=0.0000 R=2.600 adv=0.000 unique=8
step=01914 loss=0.0000 R=2.600 adv=0.000 unique=10
step=01915 loss=0.0000 R=2.600 adv=0.000 unique=7
step=01916 loss=0.0000 R=2.600 adv=0.000 unique=7
step=01917 loss=0.0000 R=2.600 adv=0.000 unique=8
step=01918 loss=0.0000 R=2.600 adv=0.000 unique=9
step=01919 loss=0.0000 R=2.600 adv=0.000 unique=10
step=01920 loss=0.0000 R=2.600 adv=0.000 unique=9
step=01921 loss=0.0000 R=2.600 adv=0.000 unique=10
step=01922 loss=0.0000 R=2.600 adv=0.000 unique=9
step=01923 loss=0.0000 R=2.600 adv=0.000 unique=9
step=01924 loss=0.0000 R=2.600 adv=0.000 unique=8
step=01925 loss=0.0000 R=2.600 adv=0.000 unique=8
step=01926 loss=0.0000 R=2.600 adv=0.000 unique=8
step=01927 loss=0.0000 R=2.600 adv=0.000 unique=9
step=01928 loss=0.0000 R=2.600 adv=0.000 unique=9
step=01929 loss=0.0000 R=2.600 adv=0.000 unique=8
step=01930 loss=0.0000 R=2.600 adv=0.000 unique=8
step=01931 loss=0.0000 R=2.600 adv=0.000 unique=10
step=01932 loss=0.0000 R=2.600 adv=0.000 unique=9
step=01933 loss=0.0000 R=2.600 adv=0.000 unique=7
step=01934 loss=0.0000 R=2.600 adv=0.000 unique=9
step=01935 loss=0.0000 R=2.600 adv=0.000 unique=10
step=01936 loss=0.0000 R=2.600 adv=0.000 unique=6
step=01937 loss=0.0000 R=2.600 adv=0.000 unique=10
step=01938 loss=0.0000 R=2.600 adv=0.000 unique=8
step=01939 loss=0.0000 R=2.600 adv=0.000 unique=9
step=01940 loss=0.0000 R=2.600 adv=0.000 unique=10
step=01941 loss=0.0000 R=2.600 adv=0.000 unique=7
step=01942 loss=0.0000 R=2.600 adv=0.000 unique=8
step=01943 loss=0.0000 R=2.600 adv=0.000 unique=10
step=01944 loss=0.0000 R=2.600 adv=0.000 unique=8
step=01945 loss=0.0000 R=2.600 adv=0.000 unique=11
step=01946 loss=0.0000 R=2.600 adv=0.000 unique=8
step=01947 loss=0.0000 R=2.600 adv=0.000 unique=10
step=01948 loss=0.0000 R=2.600 adv=0.000 unique=8
step=01949 loss=0.0000 R=2.600 adv=0.000 unique=10
step=01950 loss=0.0000 R=2.600 adv=0.000 unique=9
step=01951 loss=0.0000 R=2.600 adv=0.000 unique=9
step=01952 loss=0.0000 R=2.600 adv=0.000 unique=10
step=01953 loss=0.0000 R=2.600 adv=0.000 unique=9
step=01954 loss=0.0000 R=2.600 adv=0.000 unique=8
step=01955 loss=0.0000 R=2.600 adv=0.000 unique=8
step=01956 loss=0.0000 R=2.600 adv=0.000 unique=8
step=01957 loss=0.0000 R=2.600 adv=0.000 unique=8
step=01958 loss=0.0000 R=2.600 adv=0.000 unique=9
step=01959 loss=0.0000 R=2.600 adv=0.000 unique=10
step=01960 loss=0.0000 R=2.600 adv=0.000 unique=11
step=01961 loss=0.0000 R=2.600 adv=0.000 unique=12
step=01962 loss=0.0000 R=2.600 adv=0.000 unique=8
step=01963 loss=0.0000 R=2.600 adv=0.000 unique=8
step=01964 loss=0.0000 R=2.600 adv=0.000 unique=8
step=01965 loss=0.0000 R=2.600 adv=0.000 unique=9
step=01966 loss=0.0000 R=2.600 adv=0.000 unique=10
step=01967 loss=0.0000 R=2.600 adv=0.000 unique=8
step=01968 loss=0.0000 R=2.600 adv=0.000 unique=11
step=01969 loss=0.0000 R=2.600 adv=0.000 unique=10
step=01970 loss=0.0000 R=2.600 adv=0.000 unique=10
step=01971 loss=0.0000 R=2.600 adv=0.000 unique=9
step=01972 loss=0.0000 R=2.600 adv=0.000 unique=8
step=01973 loss=0.0000 R=2.600 adv=0.000 unique=9
step=01974 loss=0.0000 R=2.600 adv=0.000 unique=10
step=01975 loss=0.0000 R=2.600 adv=0.000 unique=9
step=01976 loss=0.0000 R=2.600 adv=0.000 unique=9
step=01977 loss=0.0000 R=2.600 adv=0.000 unique=11
step=01978 loss=0.0000 R=2.600 adv=0.000 unique=7
step=01979 loss=0.0000 R=2.600 adv=0.000 unique=9
step=01980 loss=0.0000 R=2.600 adv=0.000 unique=8
step=01981 loss=0.0000 R=2.600 adv=0.000 unique=9
step=01982 loss=0.0000 R=2.600 adv=0.000 unique=9
step=01983 loss=0.0000 R=2.600 adv=0.000 unique=10
step=01984 loss=0.0000 R=2.600 adv=0.000 unique=8
step=01985 loss=0.0000 R=2.600 adv=0.000 unique=9
step=01986 loss=0.0000 R=2.600 adv=0.000 unique=9
step=01987 loss=0.0000 R=2.600 adv=0.000 unique=10
step=01988 loss=0.0000 R=2.600 adv=0.000 unique=6
step=01989 loss=0.0000 R=2.600 adv=0.000 unique=9
step=01990 loss=0.0000 R=2.600 adv=0.000 unique=8
step=01991 loss=0.0000 R=2.600 adv=0.000 unique=9
step=01992 loss=0.0000 R=2.600 adv=0.000 unique=9
step=01993 loss=0.0000 R=2.600 adv=0.000 unique=9
step=01994 loss=0.0000 R=2.600 adv=0.000 unique=9
step=01995 loss=0.0000 R=2.600 adv=0.000 unique=9
step=01996 loss=0.0000 R=2.600 adv=0.000 unique=9
step=01997 loss=0.0000 R=2.600 adv=0.000 unique=11
step=01998 loss=0.0000 R=2.600 adv=0.000 unique=7
step=01999 loss=0.0000 R=2.600 adv=0.000 unique=9
--- epoch=199 eval L1=1.9202 TV=0.9601 modes=31/4 peak_mass=0.9999
step=02000 loss=0.0000 R=2.600 adv=0.000 unique=7
step=02001 loss=0.0000 R=2.600 adv=0.000 unique=9
step=02002 loss=0.0000 R=2.600 adv=0.000 unique=10
step=02003 loss=0.0000 R=2.600 adv=0.000 unique=8
step=02004 loss=0.0000 R=2.600 adv=0.000 unique=11
step=02005 loss=0.0000 R=2.600 adv=0.000 unique=10
step=02006 loss=0.0000 R=2.600 adv=0.000 unique=11
step=02007 loss=0.0000 R=2.600 adv=0.000 unique=11
step=02008 loss=0.0000 R=2.600 adv=0.000 unique=8
step=02009 loss=0.0000 R=2.600 adv=0.000 unique=11
step=02010 loss=0.0000 R=2.600 adv=0.000 unique=9
step=02011 loss=0.0000 R=2.600 adv=0.000 unique=6
step=02012 loss=0.0000 R=2.600 adv=0.000 unique=11
step=02013 loss=0.0000 R=2.600 adv=0.000 unique=8
step=02014 loss=0.0000 R=2.600 adv=0.000 unique=10
step=02015 loss=0.0000 R=2.600 adv=0.000 unique=11
step=02016 loss=0.0000 R=2.600 adv=0.000 unique=8
step=02017 loss=0.0000 R=2.600 adv=0.000 unique=7
step=02018 loss=0.0000 R=2.600 adv=0.000 unique=10
step=02019 loss=0.0000 R=2.600 adv=0.000 unique=8
step=02020 loss=0.0000 R=2.600 adv=0.000 unique=9
step=02021 loss=0.0000 R=2.600 adv=0.000 unique=10
step=02022 loss=0.0000 R=2.600 adv=0.000 unique=8
step=02023 loss=0.0000 R=2.600 adv=0.000 unique=7
step=02024 loss=0.0000 R=2.600 adv=0.000 unique=9
step=02025 loss=0.0000 R=2.600 adv=0.000 unique=10
step=02026 loss=0.0000 R=2.600 adv=0.000 unique=8
step=02027 loss=0.0000 R=2.600 adv=0.000 unique=8
step=02028 loss=0.0000 R=2.600 adv=0.000 unique=10
step=02029 loss=0.0000 R=2.600 adv=0.000 unique=8
step=02030 loss=0.0000 R=2.600 adv=0.000 unique=10
step=02031 loss=0.0000 R=2.600 adv=0.000 unique=8
step=02032 loss=0.0000 R=2.600 adv=0.000 unique=9
step=02033 loss=0.0000 R=2.600 adv=0.000 unique=12
step=02034 loss=0.0000 R=2.600 adv=0.000 unique=9
step=02035 loss=0.0000 R=2.600 adv=0.000 unique=9
step=02036 loss=0.0000 R=2.600 adv=0.000 unique=7
step=02037 loss=0.0000 R=2.600 adv=0.000 unique=6
step=02038 loss=0.0000 R=2.600 adv=0.000 unique=7
step=02039 loss=0.0000 R=2.600 adv=0.000 unique=7
step=02040 loss=0.0000 R=2.600 adv=0.000 unique=8
step=02041 loss=0.0000 R=2.600 adv=0.000 unique=9
step=02042 loss=0.0000 R=2.600 adv=0.000 unique=10
step=02043 loss=0.0000 R=2.600 adv=0.000 unique=8
step=02044 loss=0.0000 R=2.600 adv=0.000 unique=11
step=02045 loss=0.0000 R=2.600 adv=0.000 unique=7
step=02046 loss=0.0000 R=2.600 adv=0.000 unique=8
step=02047 loss=0.0000 R=2.600 adv=0.000 unique=8
step=02048 loss=0.0000 R=2.600 adv=0.000 unique=9
step=02049 loss=0.0000 R=2.600 adv=0.000 unique=10
step=02050 loss=0.0000 R=2.600 adv=0.000 unique=10
step=02051 loss=0.0000 R=2.600 adv=0.000 unique=9
step=02052 loss=0.0000 R=2.600 adv=0.000 unique=8
step=02053 loss=0.0000 R=2.600 adv=0.000 unique=11
step=02054 loss=0.0000 R=2.600 adv=0.000 unique=12
step=02055 loss=0.0000 R=2.600 adv=0.000 unique=10
step=02056 loss=0.0000 R=2.600 adv=0.000 unique=8
step=02057 loss=0.0000 R=2.600 adv=0.000 unique=10
step=02058 loss=0.0000 R=2.600 adv=0.000 unique=9
step=02059 loss=0.0000 R=2.600 adv=0.000 unique=8
step=02060 loss=0.0000 R=2.600 adv=0.000 unique=10
step=02061 loss=0.0000 R=2.600 adv=0.000 unique=8
step=02062 loss=0.0000 R=2.600 adv=0.000 unique=9
step=02063 loss=0.0000 R=2.600 adv=0.000 unique=11
step=02064 loss=0.0000 R=2.600 adv=0.000 unique=7
step=02065 loss=0.0000 R=2.600 adv=0.000 unique=8
step=02066 loss=0.0000 R=2.600 adv=0.000 unique=11
step=02067 loss=0.0000 R=2.600 adv=0.000 unique=9
step=02068 loss=0.0000 R=2.600 adv=0.000 unique=10
step=02069 loss=0.0000 R=2.600 adv=0.000 unique=9
step=02070 loss=0.0000 R=2.600 adv=0.000 unique=9
step=02071 loss=0.0000 R=2.600 adv=0.000 unique=5
step=02072 loss=0.0000 R=2.600 adv=0.000 unique=9
step=02073 loss=0.0000 R=2.600 adv=0.000 unique=7
step=02074 loss=0.0000 R=2.600 adv=0.000 unique=9
step=02075 loss=0.0000 R=2.600 adv=0.000 unique=10
step=02076 loss=0.0000 R=2.600 adv=0.000 unique=10
step=02077 loss=0.0000 R=2.600 adv=0.000 unique=7
step=02078 loss=0.0000 R=2.600 adv=0.000 unique=9
step=02079 loss=0.0000 R=2.600 adv=0.000 unique=9
step=02080 loss=0.0000 R=2.600 adv=0.000 unique=11
step=02081 loss=0.0000 R=2.600 adv=0.000 unique=9
step=02082 loss=0.0000 R=2.600 adv=0.000 unique=12
step=02083 loss=0.0000 R=2.600 adv=0.000 unique=10
step=02084 loss=0.0000 R=2.600 adv=0.000 unique=12
step=02085 loss=0.0000 R=2.600 adv=0.000 unique=8
step=02086 loss=0.0000 R=2.600 adv=0.000 unique=7
step=02087 loss=0.0000 R=2.600 adv=0.000 unique=9
step=02088 loss=0.0000 R=2.600 adv=0.000 unique=9
step=02089 loss=0.0000 R=2.600 adv=0.000 unique=11
step=02090 loss=0.0000 R=2.600 adv=0.000 unique=10
step=02091 loss=0.0000 R=2.600 adv=0.000 unique=7
step=02092 loss=0.0000 R=2.600 adv=0.000 unique=9
step=02093 loss=0.0000 R=2.600 adv=0.000 unique=8
step=02094 loss=0.0000 R=2.600 adv=0.000 unique=9
step=02095 loss=0.0000 R=2.600 adv=0.000 unique=9
step=02096 loss=0.0000 R=2.600 adv=0.000 unique=8
step=02097 loss=0.0000 R=2.600 adv=0.000 unique=7
step=02098 loss=0.0000 R=2.600 adv=0.000 unique=10
step=02099 loss=0.0000 R=2.600 adv=0.000 unique=11
step=02100 loss=0.0000 R=2.600 adv=0.000 unique=6
step=02101 loss=0.0000 R=2.600 adv=0.000 unique=10
step=02102 loss=0.0000 R=2.600 adv=0.000 unique=10
step=02103 loss=0.0000 R=2.600 adv=0.000 unique=10
step=02104 loss=0.0000 R=2.600 adv=0.000 unique=8
step=02105 loss=0.0000 R=2.600 adv=0.000 unique=13
step=02106 loss=0.0000 R=2.600 adv=0.000 unique=9
step=02107 loss=0.0000 R=2.600 adv=0.000 unique=9
step=02108 loss=0.0000 R=2.600 adv=0.000 unique=9
step=02109 loss=0.0000 R=2.600 adv=0.000 unique=9
step=02110 loss=0.0000 R=2.600 adv=0.000 unique=9
step=02111 loss=0.0000 R=2.600 adv=0.000 unique=9
step=02112 loss=0.0000 R=2.600 adv=0.000 unique=11
step=02113 loss=0.0000 R=2.600 adv=0.000 unique=9
step=02114 loss=0.0000 R=2.600 adv=0.000 unique=8
step=02115 loss=0.0000 R=2.600 adv=0.000 unique=9
step=02116 loss=0.0000 R=2.600 adv=0.000 unique=9
step=02117 loss=0.0000 R=2.600 adv=0.000 unique=9
step=02118 loss=0.0000 R=2.600 adv=0.000 unique=10
step=02119 loss=0.0000 R=2.600 adv=0.000 unique=9
step=02120 loss=0.0000 R=2.600 adv=0.000 unique=6
step=02121 loss=0.0000 R=2.537 adv=-0.000 unique=11
step=02122 loss=0.0000 R=2.600 adv=0.000 unique=10
step=02123 loss=0.0000 R=2.600 adv=0.000 unique=9
step=02124 loss=0.0000 R=2.600 adv=0.000 unique=6
step=02125 loss=0.0000 R=2.600 adv=0.000 unique=9
step=02126 loss=0.0000 R=2.600 adv=0.000 unique=6
step=02127 loss=0.0000 R=2.600 adv=0.000 unique=7
step=02128 loss=0.0000 R=2.537 adv=-0.000 unique=10
step=02129 loss=0.0000 R=2.600 adv=0.000 unique=7
step=02130 loss=0.0000 R=2.537 adv=-0.000 unique=8
step=02131 loss=0.0000 R=2.537 adv=-0.000 unique=10
step=02132 loss=0.0000 R=2.537 adv=-0.000 unique=10
step=02133 loss=0.0000 R=2.537 adv=-0.000 unique=11
step=02134 loss=0.0000 R=2.600 adv=0.000 unique=7
step=02135 loss=0.0000 R=2.600 adv=0.000 unique=9
step=02136 loss=0.0000 R=2.600 adv=0.000 unique=8
step=02137 loss=0.0000 R=2.600 adv=0.000 unique=9
step=02138 loss=0.0000 R=2.600 adv=0.000 unique=9
step=02139 loss=0.0000 R=2.600 adv=0.000 unique=9
step=02140 loss=0.0000 R=2.600 adv=0.000 unique=11
step=02141 loss=0.0000 R=2.600 adv=0.000 unique=8
step=02142 loss=0.0000 R=2.600 adv=0.000 unique=9
step=02143 loss=0.0000 R=2.600 adv=0.000 unique=9
step=02144 loss=0.0000 R=2.600 adv=0.000 unique=7
step=02145 loss=0.0000 R=2.600 adv=0.000 unique=8
step=02146 loss=-0.0000 R=2.475 adv=0.000 unique=10
step=02147 loss=0.0000 R=2.537 adv=-0.000 unique=10
step=02148 loss=0.0000 R=2.600 adv=0.000 unique=8
step=02149 loss=0.0000 R=2.600 adv=0.000 unique=8
step=02150 loss=0.0000 R=2.600 adv=0.000 unique=9
step=02151 loss=0.0000 R=2.600 adv=0.000 unique=10
step=02152 loss=0.0000 R=2.600 adv=0.000 unique=7
step=02153 loss=0.0000 R=2.600 adv=0.000 unique=8
step=02154 loss=0.0000 R=2.600 adv=0.000 unique=9
step=02155 loss=0.0000 R=2.600 adv=0.000 unique=10
step=02156 loss=0.0000 R=2.600 adv=0.000 unique=10
step=02157 loss=0.0000 R=2.600 adv=0.000 unique=8
step=02158 loss=0.0000 R=2.600 adv=0.000 unique=7
step=02159 loss=0.0000 R=2.537 adv=-0.000 unique=10
step=02160 loss=0.0000 R=2.600 adv=0.000 unique=8
step=02161 loss=0.0000 R=2.600 adv=0.000 unique=8
step=02162 loss=0.0000 R=2.600 adv=0.000 unique=9
step=02163 loss=0.0000 R=2.600 adv=0.000 unique=8
step=02164 loss=0.0000 R=2.600 adv=0.000 unique=8
step=02165 loss=0.0000 R=2.600 adv=0.000 unique=11
step=02166 loss=0.0000 R=2.600 adv=0.000 unique=9
step=02167 loss=0.0000 R=2.600 adv=0.000 unique=8
step=02168 loss=0.0000 R=2.600 adv=0.000 unique=7
step=02169 loss=0.0000 R=2.600 adv=0.000 unique=10
step=02170 loss=0.0000 R=2.600 adv=0.000 unique=9
step=02171 loss=0.0000 R=2.600 adv=0.000 unique=8
step=02172 loss=0.0000 R=2.600 adv=0.000 unique=7
step=02173 loss=0.0000 R=2.600 adv=0.000 unique=8
step=02174 loss=0.0000 R=2.600 adv=0.000 unique=7
step=02175 loss=0.0000 R=2.600 adv=0.000 unique=10
step=02176 loss=0.0000 R=2.600 adv=0.000 unique=9
step=02177 loss=0.0000 R=2.600 adv=0.000 unique=9
step=02178 loss=0.0000 R=2.600 adv=0.000 unique=9
step=02179 loss=0.0000 R=2.600 adv=0.000 unique=8
step=02180 loss=0.0000 R=2.600 adv=0.000 unique=9
step=02181 loss=0.0000 R=2.600 adv=0.000 unique=8
step=02182 loss=0.0000 R=2.600 adv=0.000 unique=9
step=02183 loss=0.0000 R=2.600 adv=0.000 unique=10
step=02184 loss=0.0000 R=2.600 adv=0.000 unique=9
step=02185 loss=0.0000 R=2.600 adv=0.000 unique=9
step=02186 loss=0.0000 R=2.600 adv=0.000 unique=8
step=02187 loss=0.0000 R=2.600 adv=0.000 unique=7
step=02188 loss=0.0000 R=2.600 adv=0.000 unique=12
step=02189 loss=0.0000 R=2.600 adv=0.000 unique=10
step=02190 loss=0.0000 R=2.600 adv=0.000 unique=11
step=02191 loss=0.0000 R=2.600 adv=0.000 unique=9
step=02192 loss=0.0000 R=2.600 adv=0.000 unique=9
step=02193 loss=0.0000 R=2.600 adv=0.000 unique=8
step=02194 loss=0.0000 R=2.600 adv=0.000 unique=7
step=02195 loss=0.0000 R=2.600 adv=0.000 unique=11
step=02196 loss=0.0000 R=2.600 adv=0.000 unique=7
step=02197 loss=0.0000 R=2.600 adv=0.000 unique=10
step=02198 loss=0.0000 R=2.600 adv=0.000 unique=10
step=02199 loss=0.0000 R=2.600 adv=0.000 unique=7
step=02200 loss=0.0000 R=2.600 adv=0.000 unique=8
step=02201 loss=0.0000 R=2.600 adv=0.000 unique=6
step=02202 loss=0.0000 R=2.600 adv=0.000 unique=7
step=02203 loss=0.0000 R=2.600 adv=0.000 unique=10
step=02204 loss=0.0000 R=2.600 adv=0.000 unique=8
step=02205 loss=0.0000 R=2.600 adv=0.000 unique=8
step=02206 loss=0.0000 R=2.600 adv=0.000 unique=11
step=02207 loss=0.0000 R=2.537 adv=-0.000 unique=9
step=02208 loss=0.0000 R=2.600 adv=0.000 unique=8
step=02209 loss=0.0000 R=2.600 adv=0.000 unique=9
step=02210 loss=0.0000 R=2.600 adv=0.000 unique=10
step=02211 loss=0.0000 R=2.600 adv=0.000 unique=8
step=02212 loss=0.0000 R=2.600 adv=0.000 unique=11
step=02213 loss=0.0000 R=2.600 adv=0.000 unique=7
step=02214 loss=0.0000 R=2.600 adv=0.000 unique=9
step=02215 loss=0.0000 R=2.600 adv=0.000 unique=9
step=02216 loss=0.0000 R=2.600 adv=0.000 unique=9
step=02217 loss=0.0000 R=2.600 adv=0.000 unique=7
step=02218 loss=0.0000 R=2.600 adv=0.000 unique=7
step=02219 loss=0.0000 R=2.600 adv=0.000 unique=7
step=02220 loss=0.0000 R=2.600 adv=0.000 unique=10
step=02221 loss=0.0000 R=2.600 adv=0.000 unique=7
step=02222 loss=0.0000 R=2.600 adv=0.000 unique=8
step=02223 loss=0.0000 R=2.600 adv=0.000 unique=9
step=02224 loss=0.0000 R=2.600 adv=0.000 unique=7
step=02225 loss=0.0000 R=2.600 adv=0.000 unique=6
step=02226 loss=0.0000 R=2.600 adv=0.000 unique=10
step=02227 loss=0.0000 R=2.600 adv=0.000 unique=7
step=02228 loss=0.0000 R=2.600 adv=0.000 unique=8
step=02229 loss=0.0000 R=2.600 adv=0.000 unique=6
step=02230 loss=0.0000 R=2.600 adv=0.000 unique=9
step=02231 loss=0.0000 R=2.600 adv=0.000 unique=8
step=02232 loss=0.0000 R=2.600 adv=0.000 unique=8
step=02233 loss=0.0000 R=2.600 adv=0.000 unique=9
step=02234 loss=0.0000 R=2.600 adv=0.000 unique=9
step=02235 loss=0.0000 R=2.600 adv=0.000 unique=10
step=02236 loss=0.0000 R=2.600 adv=0.000 unique=7
step=02237 loss=0.0000 R=2.600 adv=0.000 unique=9
step=02238 loss=0.0000 R=2.600 adv=0.000 unique=9
step=02239 loss=0.0000 R=2.600 adv=0.000 unique=8
step=02240 loss=0.0000 R=2.600 adv=0.000 unique=11
step=02241 loss=0.0000 R=2.600 adv=0.000 unique=8
step=02242 loss=0.0000 R=2.600 adv=0.000 unique=8
step=02243 loss=0.0000 R=2.600 adv=0.000 unique=9
step=02244 loss=0.0000 R=2.600 adv=0.000 unique=9
step=02245 loss=0.0000 R=2.600 adv=0.000 unique=11
step=02246 loss=0.0000 R=2.600 adv=0.000 unique=7
step=02247 loss=0.0000 R=2.600 adv=0.000 unique=7
step=02248 loss=0.0000 R=2.600 adv=0.000 unique=7
step=02249 loss=0.0000 R=2.600 adv=0.000 unique=10
step=02250 loss=0.0000 R=2.600 adv=0.000 unique=8
step=02251 loss=0.0000 R=2.600 adv=0.000 unique=8
step=02252 loss=0.0000 R=2.600 adv=0.000 unique=8
step=02253 loss=0.0000 R=2.600 adv=0.000 unique=7
step=02254 loss=0.0000 R=2.600 adv=0.000 unique=7
step=02255 loss=0.0000 R=2.600 adv=0.000 unique=9
step=02256 loss=0.0000 R=2.600 adv=0.000 unique=9
step=02257 loss=0.0000 R=2.600 adv=0.000 unique=9
step=02258 loss=0.0000 R=2.600 adv=0.000 unique=6
step=02259 loss=0.0000 R=2.600 adv=0.000 unique=7
step=02260 loss=0.0000 R=2.600 adv=0.000 unique=9
step=02261 loss=0.0000 R=2.600 adv=0.000 unique=8
step=02262 loss=0.0000 R=2.600 adv=0.000 unique=7
step=02263 loss=0.0000 R=2.537 adv=-0.000 unique=8
step=02264 loss=0.0000 R=2.600 adv=0.000 unique=7
step=02265 loss=0.0000 R=2.600 adv=0.000 unique=8
step=02266 loss=0.0000 R=2.600 adv=0.000 unique=9
step=02267 loss=0.0000 R=2.600 adv=0.000 unique=9
step=02268 loss=0.0000 R=2.600 adv=0.000 unique=10
step=02269 loss=0.0000 R=2.600 adv=0.000 unique=8
step=02270 loss=0.0000 R=2.600 adv=0.000 unique=7
step=02271 loss=0.0000 R=2.600 adv=0.000 unique=7
step=02272 loss=0.0000 R=2.600 adv=0.000 unique=8
step=02273 loss=0.0000 R=2.600 adv=0.000 unique=8
step=02274 loss=0.0000 R=2.600 adv=0.000 unique=11
step=02275 loss=0.0000 R=2.600 adv=0.000 unique=9
step=02276 loss=0.0000 R=2.600 adv=0.000 unique=8
step=02277 loss=0.0000 R=2.600 adv=0.000 unique=10
step=02278 loss=0.0000 R=2.600 adv=0.000 unique=8
step=02279 loss=0.0000 R=2.600 adv=0.000 unique=7
step=02280 loss=0.0000 R=2.600 adv=0.000 unique=9
step=02281 loss=0.0000 R=2.600 adv=0.000 unique=8
step=02282 loss=0.0000 R=2.537 adv=-0.000 unique=10
step=02283 loss=0.0000 R=2.600 adv=0.000 unique=8
step=02284 loss=0.0000 R=2.600 adv=0.000 unique=5
step=02285 loss=0.0000 R=2.600 adv=0.000 unique=7
step=02286 loss=0.0000 R=2.600 adv=0.000 unique=9
step=02287 loss=0.0000 R=2.600 adv=0.000 unique=8
step=02288 loss=0.0000 R=2.600 adv=0.000 unique=8
step=02289 loss=0.0000 R=2.600 adv=0.000 unique=6
step=02290 loss=0.0000 R=2.600 adv=0.000 unique=8
step=02291 loss=0.0000 R=2.600 adv=0.000 unique=9
step=02292 loss=0.0000 R=2.600 adv=0.000 unique=8
step=02293 loss=0.0000 R=2.600 adv=0.000 unique=10
step=02294 loss=0.0000 R=2.600 adv=0.000 unique=8
step=02295 loss=0.0000 R=2.600 adv=0.000 unique=8
step=02296 loss=0.0000 R=2.600 adv=0.000 unique=12
step=02297 loss=0.0000 R=2.600 adv=0.000 unique=10
step=02298 loss=0.0000 R=2.600 adv=0.000 unique=8
step=02299 loss=0.0000 R=2.600 adv=0.000 unique=9
step=02300 loss=0.0000 R=2.600 adv=0.000 unique=6
step=02301 loss=0.0000 R=2.600 adv=0.000 unique=10
step=02302 loss=0.0000 R=2.600 adv=0.000 unique=6
step=02303 loss=0.0000 R=2.600 adv=0.000 unique=8
step=02304 loss=0.0000 R=2.600 adv=0.000 unique=8
step=02305 loss=0.0000 R=2.600 adv=0.000 unique=7
step=02306 loss=0.0000 R=2.600 adv=0.000 unique=8
step=02307 loss=0.0000 R=2.537 adv=-0.000 unique=11
step=02308 loss=0.0000 R=2.600 adv=0.000 unique=11
step=02309 loss=0.0000 R=2.600 adv=0.000 unique=9
step=02310 loss=0.0000 R=2.600 adv=0.000 unique=9
step=02311 loss=0.0000 R=2.600 adv=0.000 unique=9
step=02312 loss=0.0000 R=2.600 adv=0.000 unique=10
step=02313 loss=0.0000 R=2.600 adv=0.000 unique=8
step=02314 loss=0.0000 R=2.600 adv=0.000 unique=7
step=02315 loss=0.0000 R=2.600 adv=0.000 unique=6
step=02316 loss=0.0000 R=2.600 adv=0.000 unique=11
step=02317 loss=0.0000 R=2.600 adv=0.000 unique=9
step=02318 loss=0.0000 R=2.600 adv=0.000 unique=11
step=02319 loss=0.0000 R=2.600 adv=0.000 unique=9
step=02320 loss=0.0000 R=2.600 adv=0.000 unique=8
step=02321 loss=0.0000 R=2.600 adv=0.000 unique=9
step=02322 loss=0.0000 R=2.600 adv=0.000 unique=8
step=02323 loss=0.0000 R=2.600 adv=0.000 unique=7
step=02324 loss=0.0000 R=2.600 adv=0.000 unique=7
step=02325 loss=0.0000 R=2.600 adv=0.000 unique=7
step=02326 loss=0.0000 R=2.600 adv=0.000 unique=8
step=02327 loss=0.0000 R=2.600 adv=0.000 unique=8
step=02328 loss=0.0000 R=2.600 adv=0.000 unique=5
step=02329 loss=0.0000 R=2.600 adv=0.000 unique=7
step=02330 loss=0.0000 R=2.600 adv=0.000 unique=8
step=02331 loss=0.0000 R=2.600 adv=0.000 unique=8
step=02332 loss=0.0000 R=2.600 adv=0.000 unique=9
step=02333 loss=0.0000 R=2.600 adv=0.000 unique=9
step=02334 loss=0.0000 R=2.600 adv=0.000 unique=8
step=02335 loss=0.0000 R=2.600 adv=0.000 unique=9
step=02336 loss=0.0000 R=2.600 adv=0.000 unique=12
step=02337 loss=0.0000 R=2.600 adv=0.000 unique=8
step=02338 loss=0.0000 R=2.600 adv=0.000 unique=8
step=02339 loss=0.0000 R=2.600 adv=0.000 unique=9
step=02340 loss=0.0000 R=2.600 adv=0.000 unique=8
step=02341 loss=0.0000 R=2.600 adv=0.000 unique=9
step=02342 loss=0.0000 R=2.600 adv=0.000 unique=9
step=02343 loss=0.0000 R=2.600 adv=0.000 unique=10
step=02344 loss=0.0000 R=2.600 adv=0.000 unique=9
step=02345 loss=0.0000 R=2.537 adv=-0.000 unique=10
step=02346 loss=0.0000 R=2.600 adv=0.000 unique=8
step=02347 loss=0.0000 R=2.600 adv=0.000 unique=11
step=02348 loss=0.0000 R=2.600 adv=0.000 unique=8
step=02349 loss=0.0000 R=2.600 adv=0.000 unique=7
step=02350 loss=0.0000 R=2.600 adv=0.000 unique=8
step=02351 loss=0.0000 R=2.600 adv=0.000 unique=8
step=02352 loss=0.0000 R=2.600 adv=0.000 unique=10
step=02353 loss=0.0000 R=2.600 adv=0.000 unique=8
step=02354 loss=0.0000 R=2.600 adv=0.000 unique=8
step=02355 loss=0.0000 R=2.600 adv=0.000 unique=9
step=02356 loss=0.0000 R=2.600 adv=0.000 unique=12
step=02357 loss=0.0000 R=2.600 adv=0.000 unique=8
step=02358 loss=0.0000 R=2.600 adv=0.000 unique=8
step=02359 loss=0.0000 R=2.600 adv=0.000 unique=8
step=02360 loss=0.0000 R=2.600 adv=0.000 unique=9
step=02361 loss=0.0000 R=2.600 adv=0.000 unique=9
step=02362 loss=0.0000 R=2.600 adv=0.000 unique=10
step=02363 loss=0.0000 R=2.600 adv=0.000 unique=9
step=02364 loss=0.0000 R=2.600 adv=0.000 unique=9
step=02365 loss=0.0000 R=2.600 adv=0.000 unique=9
step=02366 loss=0.0000 R=2.600 adv=0.000 unique=9
step=02367 loss=0.0000 R=2.600 adv=0.000 unique=7
step=02368 loss=0.0000 R=2.600 adv=0.000 unique=6
step=02369 loss=0.0000 R=2.600 adv=0.000 unique=10
step=02370 loss=0.0000 R=2.600 adv=0.000 unique=8
step=02371 loss=0.0000 R=2.600 adv=0.000 unique=8
step=02372 loss=0.0000 R=2.600 adv=0.000 unique=8
step=02373 loss=0.0000 R=2.600 adv=0.000 unique=7
step=02374 loss=0.0000 R=2.600 adv=0.000 unique=9
step=02375 loss=0.0000 R=2.600 adv=0.000 unique=8
step=02376 loss=0.0000 R=2.600 adv=0.000 unique=12
step=02377 loss=0.0000 R=2.600 adv=0.000 unique=10
step=02378 loss=0.0000 R=2.600 adv=0.000 unique=9
step=02379 loss=0.0000 R=2.600 adv=0.000 unique=10
step=02380 loss=0.0000 R=2.600 adv=0.000 unique=8
step=02381 loss=0.0000 R=2.600 adv=0.000 unique=11
step=02382 loss=0.0000 R=2.600 adv=0.000 unique=8
step=02383 loss=0.0000 R=2.600 adv=0.000 unique=8
step=02384 loss=0.0000 R=2.600 adv=0.000 unique=8
step=02385 loss=0.0000 R=2.600 adv=0.000 unique=7
step=02386 loss=0.0000 R=2.600 adv=0.000 unique=10
step=02387 loss=0.0000 R=2.600 adv=0.000 unique=10
step=02388 loss=0.0000 R=2.600 adv=0.000 unique=12
step=02389 loss=0.0000 R=2.600 adv=0.000 unique=8
step=02390 loss=0.0000 R=2.600 adv=0.000 unique=10
step=02391 loss=0.0000 R=2.600 adv=0.000 unique=8
step=02392 loss=0.0000 R=2.600 adv=0.000 unique=8
step=02393 loss=0.0000 R=2.600 adv=0.000 unique=8
step=02394 loss=0.0000 R=2.600 adv=0.000 unique=7
step=02395 loss=0.0000 R=2.600 adv=0.000 unique=8
step=02396 loss=0.0000 R=2.600 adv=0.000 unique=7
step=02397 loss=0.0000 R=2.600 adv=0.000 unique=8
step=02398 loss=0.0000 R=2.600 adv=0.000 unique=9
step=02399 loss=0.0000 R=2.600 adv=0.000 unique=10
step=02400 loss=0.0000 R=2.600 adv=0.000 unique=8
step=02401 loss=0.0000 R=2.600 adv=0.000 unique=9
step=02402 loss=0.0000 R=2.600 adv=0.000 unique=6
step=02403 loss=0.0000 R=2.600 adv=0.000 unique=8
step=02404 loss=0.0000 R=2.600 adv=0.000 unique=7
step=02405 loss=0.0000 R=2.600 adv=0.000 unique=7
step=02406 loss=0.0000 R=2.600 adv=0.000 unique=8
step=02407 loss=0.0000 R=2.600 adv=0.000 unique=7
step=02408 loss=0.0000 R=2.600 adv=0.000 unique=11
step=02409 loss=0.0000 R=2.600 adv=0.000 unique=10
step=02410 loss=0.0000 R=2.537 adv=-0.000 unique=9
step=02411 loss=0.0000 R=2.600 adv=0.000 unique=6
step=02412 loss=0.0000 R=2.600 adv=0.000 unique=9
step=02413 loss=0.0000 R=2.600 adv=0.000 unique=9
step=02414 loss=0.0000 R=2.600 adv=0.000 unique=9
step=02415 loss=0.0000 R=2.600 adv=0.000 unique=9
step=02416 loss=0.0000 R=2.600 adv=0.000 unique=10
step=02417 loss=0.0000 R=2.600 adv=0.000 unique=10
step=02418 loss=0.0000 R=2.600 adv=0.000 unique=8
step=02419 loss=0.0000 R=2.600 adv=0.000 unique=8
step=02420 loss=0.0000 R=2.600 adv=0.000 unique=7
step=02421 loss=0.0000 R=2.600 adv=0.000 unique=9
step=02422 loss=0.0000 R=2.600 adv=0.000 unique=11
step=02423 loss=0.0000 R=2.537 adv=-0.000 unique=9
step=02424 loss=0.0000 R=2.600 adv=0.000 unique=8
step=02425 loss=0.0000 R=2.600 adv=0.000 unique=11
step=02426 loss=0.0000 R=2.600 adv=0.000 unique=8
step=02427 loss=0.0000 R=2.600 adv=0.000 unique=10
step=02428 loss=0.0000 R=2.600 adv=0.000 unique=6
step=02429 loss=0.0000 R=2.600 adv=0.000 unique=9
step=02430 loss=0.0000 R=2.600 adv=0.000 unique=10
step=02431 loss=0.0000 R=2.600 adv=0.000 unique=9
step=02432 loss=0.0000 R=2.600 adv=0.000 unique=7
step=02433 loss=0.0000 R=2.600 adv=0.000 unique=9
step=02434 loss=0.0000 R=2.600 adv=0.000 unique=9
step=02435 loss=0.0000 R=2.600 adv=0.000 unique=8
step=02436 loss=0.0000 R=2.600 adv=0.000 unique=10
step=02437 loss=0.0000 R=2.600 adv=0.000 unique=7
step=02438 loss=0.0000 R=2.600 adv=0.000 unique=7
step=02439 loss=0.0000 R=2.600 adv=0.000 unique=9
step=02440 loss=0.0000 R=2.600 adv=0.000 unique=9
step=02441 loss=0.0000 R=2.600 adv=0.000 unique=8
step=02442 loss=0.0000 R=2.600 adv=0.000 unique=8
step=02443 loss=0.0000 R=2.600 adv=0.000 unique=11
step=02444 loss=0.0000 R=2.600 adv=0.000 unique=8
step=02445 loss=0.0000 R=2.600 adv=0.000 unique=7
step=02446 loss=0.0000 R=2.600 adv=0.000 unique=8
step=02447 loss=0.0000 R=2.600 adv=0.000 unique=10
step=02448 loss=0.0000 R=2.600 adv=0.000 unique=9
step=02449 loss=0.0000 R=2.600 adv=0.000 unique=8
step=02450 loss=0.0000 R=2.600 adv=0.000 unique=9
step=02451 loss=0.0000 R=2.537 adv=-0.000 unique=6
step=02452 loss=0.0000 R=2.600 adv=0.000 unique=9
step=02453 loss=0.0000 R=2.600 adv=0.000 unique=6
step=02454 loss=0.0000 R=2.600 adv=0.000 unique=7
step=02455 loss=0.0000 R=2.600 adv=0.000 unique=11
step=02456 loss=0.0000 R=2.600 adv=0.000 unique=8
step=02457 loss=0.0000 R=2.600 adv=0.000 unique=8
step=02458 loss=0.0000 R=2.600 adv=0.000 unique=8
step=02459 loss=0.0000 R=2.600 adv=0.000 unique=9
step=02460 loss=0.0000 R=2.600 adv=0.000 unique=10
step=02461 loss=0.0000 R=2.600 adv=0.000 unique=8
step=02462 loss=0.0000 R=2.600 adv=0.000 unique=8
step=02463 loss=0.0000 R=2.600 adv=0.000 unique=6
step=02464 loss=0.0000 R=2.600 adv=0.000 unique=9
step=02465 loss=0.0000 R=2.600 adv=0.000 unique=8
step=02466 loss=0.0000 R=2.600 adv=0.000 unique=8
step=02467 loss=0.0000 R=2.600 adv=0.000 unique=6
step=02468 loss=0.0000 R=2.600 adv=0.000 unique=8
step=02469 loss=0.0000 R=2.600 adv=0.000 unique=7
step=02470 loss=0.0000 R=2.600 adv=0.000 unique=8
step=02471 loss=0.0000 R=2.537 adv=-0.000 unique=11
step=02472 loss=0.0000 R=2.537 adv=-0.000 unique=6
step=02473 loss=0.0000 R=2.600 adv=0.000 unique=9
step=02474 loss=0.0000 R=2.600 adv=0.000 unique=9
step=02475 loss=0.0000 R=2.600 adv=0.000 unique=9
step=02476 loss=0.0000 R=2.600 adv=0.000 unique=9
step=02477 loss=0.0000 R=2.600 adv=0.000 unique=13
step=02478 loss=0.0000 R=2.600 adv=0.000 unique=9
step=02479 loss=0.0000 R=2.600 adv=0.000 unique=10
step=02480 loss=0.0000 R=2.600 adv=0.000 unique=8
step=02481 loss=0.0000 R=2.600 adv=0.000 unique=7
step=02482 loss=0.0000 R=2.600 adv=0.000 unique=7
step=02483 loss=0.0000 R=2.537 adv=-0.000 unique=8
step=02484 loss=0.0000 R=2.600 adv=0.000 unique=8
step=02485 loss=0.0000 R=2.600 adv=0.000 unique=7
step=02486 loss=0.0000 R=2.600 adv=0.000 unique=6
step=02487 loss=0.0000 R=2.600 adv=0.000 unique=8
step=02488 loss=0.0000 R=2.600 adv=0.000 unique=7
step=02489 loss=0.0000 R=2.537 adv=-0.000 unique=6
step=02490 loss=0.0000 R=2.600 adv=0.000 unique=8
step=02491 loss=-0.0000 R=2.475 adv=0.000 unique=9
step=02492 loss=-0.0000 R=2.475 adv=0.000 unique=9
step=02493 loss=0.0000 R=2.600 adv=0.000 unique=7
step=02494 loss=-0.0000 R=2.350 adv=0.000 unique=8
step=02495 loss=-0.0000 R=2.412 adv=0.000 unique=7
step=02496 loss=-0.0000 R=2.100 adv=0.000 unique=11
step=02497 loss=-0.0000 R=2.412 adv=0.000 unique=10
step=02498 loss=0.0000 R=2.600 adv=0.000 unique=7
step=02499 loss=0.0000 R=2.600 adv=0.000 unique=7
step=02500 loss=0.0000 R=2.600 adv=0.000 unique=7
step=02501 loss=0.0000 R=2.600 adv=0.000 unique=10
step=02502 loss=0.0000 R=2.600 adv=0.000 unique=9
step=02503 loss=0.0000 R=2.600 adv=0.000 unique=9
step=02504 loss=0.0000 R=2.600 adv=0.000 unique=6
step=02505 loss=0.0000 R=2.600 adv=0.000 unique=7
step=02506 loss=0.0000 R=2.600 adv=0.000 unique=9
step=02507 loss=0.0000 R=2.600 adv=0.000 unique=9
step=02508 loss=0.0000 R=2.600 adv=0.000 unique=7
step=02509 loss=0.0000 R=2.600 adv=0.000 unique=8
step=02510 loss=0.0000 R=2.600 adv=0.000 unique=6
step=02511 loss=0.0000 R=2.600 adv=0.000 unique=7
step=02512 loss=0.0000 R=2.600 adv=0.000 unique=9
step=02513 loss=0.0000 R=2.600 adv=0.000 unique=9
step=02514 loss=0.0000 R=2.600 adv=0.000 unique=7
step=02515 loss=0.0000 R=2.600 adv=0.000 unique=8
step=02516 loss=0.0000 R=2.600 adv=0.000 unique=9
step=02517 loss=0.0000 R=2.600 adv=0.000 unique=8
step=02518 loss=0.0000 R=2.600 adv=0.000 unique=9
step=02519 loss=0.0000 R=2.600 adv=0.000 unique=7
step=02520 loss=0.0000 R=2.600 adv=0.000 unique=10
step=02521 loss=0.0000 R=2.600 adv=0.000 unique=8
step=02522 loss=0.0000 R=2.537 adv=-0.000 unique=7
step=02523 loss=0.0000 R=2.600 adv=0.000 unique=10
step=02524 loss=0.0000 R=2.600 adv=0.000 unique=9
step=02525 loss=-0.0000 R=2.475 adv=0.000 unique=9
step=02526 loss=0.0000 R=2.600 adv=0.000 unique=8
step=02527 loss=0.0000 R=2.600 adv=0.000 unique=10
step=02528 loss=0.0000 R=2.600 adv=0.000 unique=8
step=02529 loss=0.0000 R=2.600 adv=0.000 unique=8
step=02530 loss=0.0000 R=2.600 adv=0.000 unique=8
step=02531 loss=-0.0000 R=2.475 adv=0.000 unique=8
step=02532 loss=0.0000 R=2.600 adv=0.000 unique=11
step=02533 loss=0.0000 R=2.600 adv=0.000 unique=8
step=02534 loss=0.0000 R=2.600 adv=0.000 unique=8
step=02535 loss=0.0000 R=2.600 adv=0.000 unique=8
step=02536 loss=0.0000 R=2.537 adv=-0.000 unique=11
step=02537 loss=0.0000 R=2.600 adv=0.000 unique=7
step=02538 loss=0.0000 R=2.600 adv=0.000 unique=8
step=02539 loss=0.0000 R=2.600 adv=0.000 unique=10
step=02540 loss=0.0000 R=2.600 adv=0.000 unique=7
step=02541 loss=0.0000 R=2.600 adv=0.000 unique=7
step=02542 loss=0.0000 R=2.600 adv=0.000 unique=9
step=02543 loss=0.0000 R=2.600 adv=0.000 unique=7
step=02544 loss=0.0000 R=2.600 adv=0.000 unique=11
step=02545 loss=0.0000 R=2.600 adv=0.000 unique=8
step=02546 loss=0.0000 R=2.600 adv=0.000 unique=9
step=02547 loss=0.0000 R=2.600 adv=0.000 unique=9
step=02548 loss=0.0000 R=2.600 adv=0.000 unique=9
step=02549 loss=0.0000 R=2.600 adv=0.000 unique=7
step=02550 loss=0.0000 R=2.537 adv=-0.000 unique=9
step=02551 loss=0.0000 R=2.600 adv=0.000 unique=9
step=02552 loss=0.0000 R=2.600 adv=0.000 unique=8
step=02553 loss=0.0000 R=2.537 adv=-0.000 unique=10
step=02554 loss=0.0000 R=2.600 adv=0.000 unique=8
step=02555 loss=0.0000 R=2.600 adv=0.000 unique=10
step=02556 loss=0.0000 R=2.600 adv=0.000 unique=7
step=02557 loss=0.0000 R=2.600 adv=0.000 unique=8
step=02558 loss=0.0000 R=2.600 adv=0.000 unique=9
step=02559 loss=0.0000 R=2.600 adv=0.000 unique=8
step=02560 loss=0.0000 R=2.537 adv=-0.000 unique=10
step=02561 loss=0.0000 R=2.600 adv=0.000 unique=9
step=02562 loss=0.0000 R=2.600 adv=0.000 unique=5
step=02563 loss=0.0000 R=2.537 adv=-0.000 unique=9
step=02564 loss=0.0000 R=2.600 adv=0.000 unique=10
step=02565 loss=0.0000 R=2.600 adv=0.000 unique=6
step=02566 loss=0.0000 R=2.600 adv=0.000 unique=9
step=02567 loss=0.0000 R=2.600 adv=0.000 unique=10
step=02568 loss=0.0000 R=2.600 adv=0.000 unique=8
step=02569 loss=0.0000 R=2.600 adv=0.000 unique=7
step=02570 loss=0.0000 R=2.600 adv=0.000 unique=7
step=02571 loss=0.0000 R=2.600 adv=0.000 unique=6
step=02572 loss=0.0000 R=2.600 adv=0.000 unique=9
step=02573 loss=0.0000 R=2.600 adv=0.000 unique=9
step=02574 loss=0.0000 R=2.600 adv=0.000 unique=8
step=02575 loss=0.0000 R=2.600 adv=0.000 unique=9
step=02576 loss=0.0000 R=2.600 adv=0.000 unique=7
step=02577 loss=0.0000 R=2.600 adv=0.000 unique=7
step=02578 loss=0.0000 R=2.600 adv=0.000 unique=7
step=02579 loss=0.0000 R=2.600 adv=0.000 unique=6
step=02580 loss=0.0000 R=2.600 adv=0.000 unique=9
step=02581 loss=0.0000 R=2.600 adv=0.000 unique=8
step=02582 loss=0.0000 R=2.600 adv=0.000 unique=8
step=02583 loss=0.0000 R=2.600 adv=0.000 unique=8
step=02584 loss=0.0000 R=2.600 adv=0.000 unique=7
step=02585 loss=0.0000 R=2.600 adv=0.000 unique=7
step=02586 loss=0.0000 R=2.600 adv=0.000 unique=9
step=02587 loss=0.0000 R=2.600 adv=0.000 unique=9
step=02588 loss=0.0000 R=2.600 adv=0.000 unique=5
step=02589 loss=0.0000 R=2.600 adv=0.000 unique=9
step=02590 loss=0.0000 R=2.600 adv=0.000 unique=7
step=02591 loss=0.0000 R=2.600 adv=0.000 unique=8
step=02592 loss=0.0000 R=2.600 adv=0.000 unique=8
step=02593 loss=0.0000 R=2.600 adv=0.000 unique=5
step=02594 loss=0.0000 R=2.537 adv=-0.000 unique=10
step=02595 loss=0.0000 R=2.600 adv=0.000 unique=6
step=02596 loss=0.0000 R=2.600 adv=0.000 unique=8
step=02597 loss=0.0000 R=2.600 adv=0.000 unique=8
step=02598 loss=0.0000 R=2.537 adv=-0.000 unique=8
step=02599 loss=0.0000 R=2.600 adv=0.000 unique=6
step=02600 loss=0.0000 R=2.600 adv=0.000 unique=8
step=02601 loss=0.0000 R=2.600 adv=0.000 unique=8
step=02602 loss=0.0000 R=2.600 adv=0.000 unique=7
step=02603 loss=0.0000 R=2.600 adv=0.000 unique=8
step=02604 loss=0.0000 R=2.600 adv=0.000 unique=9
step=02605 loss=0.0000 R=2.600 adv=0.000 unique=9
step=02606 loss=0.0000 R=2.600 adv=0.000 unique=6
step=02607 loss=0.0000 R=2.600 adv=0.000 unique=6
step=02608 loss=0.0000 R=2.600 adv=0.000 unique=8
step=02609 loss=0.0000 R=2.600 adv=0.000 unique=7
step=02610 loss=0.0000 R=2.600 adv=0.000 unique=9
step=02611 loss=0.0000 R=2.600 adv=0.000 unique=8
step=02612 loss=0.0000 R=2.600 adv=0.000 unique=8
step=02613 loss=0.0000 R=2.600 adv=0.000 unique=8
step=02614 loss=0.0000 R=2.600 adv=0.000 unique=8
step=02615 loss=0.0000 R=2.600 adv=0.000 unique=6
step=02616 loss=0.0000 R=2.600 adv=0.000 unique=6
step=02617 loss=0.0000 R=2.600 adv=0.000 unique=6
step=02618 loss=0.0000 R=2.600 adv=0.000 unique=8
step=02619 loss=0.0000 R=2.600 adv=0.000 unique=9
step=02620 loss=0.0000 R=2.600 adv=0.000 unique=11
step=02621 loss=0.0000 R=2.600 adv=0.000 unique=6
step=02622 loss=0.0000 R=2.600 adv=0.000 unique=6
step=02623 loss=0.0000 R=2.600 adv=0.000 unique=10
step=02624 loss=0.0000 R=2.600 adv=0.000 unique=9
step=02625 loss=0.0000 R=2.600 adv=0.000 unique=8
step=02626 loss=0.0000 R=2.600 adv=0.000 unique=7
step=02627 loss=0.0000 R=2.600 adv=0.000 unique=8
step=02628 loss=0.0000 R=2.600 adv=0.000 unique=8
step=02629 loss=0.0000 R=2.600 adv=0.000 unique=8
step=02630 loss=0.0000 R=2.600 adv=0.000 unique=7
step=02631 loss=0.0000 R=2.600 adv=0.000 unique=8
step=02632 loss=0.0000 R=2.600 adv=0.000 unique=7
step=02633 loss=0.0000 R=2.600 adv=0.000 unique=8
step=02634 loss=0.0000 R=2.600 adv=0.000 unique=8
step=02635 loss=0.0000 R=2.600 adv=0.000 unique=9
step=02636 loss=0.0000 R=2.600 adv=0.000 unique=6
step=02637 loss=0.0000 R=2.600 adv=0.000 unique=6
step=02638 loss=0.0000 R=2.600 adv=0.000 unique=9
step=02639 loss=0.0000 R=2.600 adv=0.000 unique=10
step=02640 loss=0.0000 R=2.600 adv=0.000 unique=7
step=02641 loss=0.0000 R=2.600 adv=0.000 unique=8
step=02642 loss=0.0000 R=2.600 adv=0.000 unique=8
step=02643 loss=0.0000 R=2.600 adv=0.000 unique=8
step=02644 loss=0.0000 R=2.600 adv=0.000 unique=7
step=02645 loss=0.0000 R=2.600 adv=0.000 unique=8
step=02646 loss=0.0000 R=2.600 adv=0.000 unique=6
step=02647 loss=0.0000 R=2.600 adv=0.000 unique=9
step=02648 loss=0.0000 R=2.600 adv=0.000 unique=7
step=02649 loss=0.0000 R=2.600 adv=0.000 unique=8
step=02650 loss=0.0000 R=2.600 adv=0.000 unique=9
step=02651 loss=0.0000 R=2.600 adv=0.000 unique=9
step=02652 loss=0.0000 R=2.600 adv=0.000 unique=9
step=02653 loss=0.0000 R=2.600 adv=0.000 unique=7
step=02654 loss=0.0000 R=2.600 adv=0.000 unique=7
step=02655 loss=0.0000 R=2.600 adv=0.000 unique=7
step=02656 loss=0.0000 R=2.600 adv=0.000 unique=7
step=02657 loss=0.0000 R=2.600 adv=0.000 unique=9
step=02658 loss=0.0000 R=2.600 adv=0.000 unique=8
step=02659 loss=0.0000 R=2.600 adv=0.000 unique=9
step=02660 loss=0.0000 R=2.600 adv=0.000 unique=9
step=02661 loss=0.0000 R=2.600 adv=0.000 unique=8
step=02662 loss=0.0000 R=2.600 adv=0.000 unique=6
step=02663 loss=0.0000 R=2.600 adv=0.000 unique=8
step=02664 loss=0.0000 R=2.600 adv=0.000 unique=6
step=02665 loss=0.0000 R=2.600 adv=0.000 unique=9
step=02666 loss=0.0000 R=2.600 adv=0.000 unique=7
step=02667 loss=0.0000 R=2.600 adv=0.000 unique=9
step=02668 loss=0.0000 R=2.600 adv=0.000 unique=10
step=02669 loss=0.0000 R=2.600 adv=0.000 unique=10
step=02670 loss=0.0000 R=2.600 adv=0.000 unique=10
step=02671 loss=0.0000 R=2.600 adv=0.000 unique=8
step=02672 loss=0.0000 R=2.600 adv=0.000 unique=9
step=02673 loss=0.0000 R=2.600 adv=0.000 unique=8
step=02674 loss=0.0000 R=2.600 adv=0.000 unique=7
step=02675 loss=0.0000 R=2.600 adv=0.000 unique=11
step=02676 loss=0.0000 R=2.600 adv=0.000 unique=6
step=02677 loss=0.0000 R=2.600 adv=0.000 unique=9
step=02678 loss=0.0000 R=2.600 adv=0.000 unique=9
step=02679 loss=0.0000 R=2.600 adv=0.000 unique=9
step=02680 loss=0.0000 R=2.600 adv=0.000 unique=7
step=02681 loss=0.0000 R=2.600 adv=0.000 unique=8
step=02682 loss=0.0000 R=2.600 adv=0.000 unique=10
step=02683 loss=0.0000 R=2.600 adv=0.000 unique=5
step=02684 loss=0.0000 R=2.600 adv=0.000 unique=11
step=02685 loss=0.0000 R=2.600 adv=0.000 unique=10
step=02686 loss=0.0000 R=2.600 adv=0.000 unique=7
step=02687 loss=0.0000 R=2.600 adv=0.000 unique=10
step=02688 loss=0.0000 R=2.600 adv=0.000 unique=8
step=02689 loss=0.0000 R=2.600 adv=0.000 unique=8
step=02690 loss=0.0000 R=2.600 adv=0.000 unique=9
step=02691 loss=0.0000 R=2.600 adv=0.000 unique=7
step=02692 loss=0.0000 R=2.600 adv=0.000 unique=8
step=02693 loss=0.0000 R=2.600 adv=0.000 unique=7
step=02694 loss=0.0000 R=2.600 adv=0.000 unique=7
step=02695 loss=0.0000 R=2.600 adv=0.000 unique=8
step=02696 loss=0.0000 R=2.600 adv=0.000 unique=6
step=02697 loss=0.0000 R=2.600 adv=0.000 unique=9
step=02698 loss=0.0000 R=2.600 adv=0.000 unique=8
step=02699 loss=0.0000 R=2.600 adv=0.000 unique=7
step=02700 loss=0.0000 R=2.600 adv=0.000 unique=9
step=02701 loss=0.0000 R=2.600 adv=0.000 unique=9
step=02702 loss=0.0000 R=2.600 adv=0.000 unique=8
step=02703 loss=0.0000 R=2.600 adv=0.000 unique=10
step=02704 loss=0.0000 R=2.600 adv=0.000 unique=8
step=02705 loss=0.0000 R=2.600 adv=0.000 unique=9
step=02706 loss=0.0000 R=2.600 adv=0.000 unique=7
step=02707 loss=0.0000 R=2.600 adv=0.000 unique=8
step=02708 loss=0.0000 R=2.600 adv=0.000 unique=8
step=02709 loss=0.0000 R=2.600 adv=0.000 unique=5
step=02710 loss=0.0000 R=2.600 adv=0.000 unique=9
step=02711 loss=0.0000 R=2.600 adv=0.000 unique=8
step=02712 loss=0.0000 R=2.600 adv=0.000 unique=8
step=02713 loss=0.0000 R=2.600 adv=0.000 unique=6
step=02714 loss=0.0000 R=2.600 adv=0.000 unique=11
step=02715 loss=0.0000 R=2.600 adv=0.000 unique=9
step=02716 loss=0.0000 R=2.600 adv=0.000 unique=8
step=02717 loss=0.0000 R=2.600 adv=0.000 unique=9
step=02718 loss=0.0000 R=2.600 adv=0.000 unique=7
step=02719 loss=0.0000 R=2.600 adv=0.000 unique=8
step=02720 loss=0.0000 R=2.600 adv=0.000 unique=6
step=02721 loss=0.0000 R=2.600 adv=0.000 unique=7
step=02722 loss=0.0000 R=2.600 adv=0.000 unique=6
step=02723 loss=0.0000 R=2.600 adv=0.000 unique=7
step=02724 loss=0.0000 R=2.600 adv=0.000 unique=9
step=02725 loss=0.0000 R=2.600 adv=0.000 unique=6
step=02726 loss=0.0000 R=2.600 adv=0.000 unique=8
step=02727 loss=0.0000 R=2.600 adv=0.000 unique=6
step=02728 loss=0.0000 R=2.600 adv=0.000 unique=7
step=02729 loss=0.0000 R=2.600 adv=0.000 unique=7
step=02730 loss=0.0000 R=2.600 adv=0.000 unique=7
step=02731 loss=0.0000 R=2.600 adv=0.000 unique=8
step=02732 loss=0.0000 R=2.600 adv=0.000 unique=8
step=02733 loss=0.0000 R=2.600 adv=0.000 unique=7
step=02734 loss=0.0000 R=2.600 adv=0.000 unique=9
step=02735 loss=0.0000 R=2.600 adv=0.000 unique=10
step=02736 loss=0.0000 R=2.600 adv=0.000 unique=7
step=02737 loss=0.0000 R=2.600 adv=0.000 unique=7
step=02738 loss=0.0000 R=2.600 adv=0.000 unique=11
step=02739 loss=0.0000 R=2.600 adv=0.000 unique=6
step=02740 loss=0.0000 R=2.600 adv=0.000 unique=10
step=02741 loss=0.0000 R=2.600 adv=0.000 unique=7
step=02742 loss=0.0000 R=2.600 adv=0.000 unique=9
step=02743 loss=0.0000 R=2.600 adv=0.000 unique=8
step=02744 loss=0.0000 R=2.600 adv=0.000 unique=8
step=02745 loss=0.0000 R=2.600 adv=0.000 unique=7
step=02746 loss=0.0000 R=2.600 adv=0.000 unique=9
step=02747 loss=0.0000 R=2.600 adv=0.000 unique=9
step=02748 loss=0.0000 R=2.600 adv=0.000 unique=6
step=02749 loss=0.0000 R=2.600 adv=0.000 unique=8
step=02750 loss=0.0000 R=2.600 adv=0.000 unique=10
step=02751 loss=0.0000 R=2.600 adv=0.000 unique=8
step=02752 loss=0.0000 R=2.600 adv=0.000 unique=9
step=02753 loss=0.0000 R=2.600 adv=0.000 unique=7
step=02754 loss=0.0000 R=2.600 adv=0.000 unique=8
step=02755 loss=0.0000 R=2.600 adv=0.000 unique=8
step=02756 loss=0.0000 R=2.600 adv=0.000 unique=7
step=02757 loss=0.0000 R=2.600 adv=0.000 unique=9
step=02758 loss=0.0000 R=2.600 adv=0.000 unique=8
step=02759 loss=0.0000 R=2.600 adv=0.000 unique=8
step=02760 loss=0.0000 R=2.600 adv=0.000 unique=9
step=02761 loss=0.0000 R=2.600 adv=0.000 unique=8
step=02762 loss=0.0000 R=2.600 adv=0.000 unique=8
step=02763 loss=0.0000 R=2.600 adv=0.000 unique=9
step=02764 loss=0.0000 R=2.600 adv=0.000 unique=10
step=02765 loss=0.0000 R=2.600 adv=0.000 unique=7
step=02766 loss=0.0000 R=2.600 adv=0.000 unique=6
step=02767 loss=0.0000 R=2.600 adv=0.000 unique=9
step=02768 loss=0.0000 R=2.600 adv=0.000 unique=9
step=02769 loss=0.0000 R=2.600 adv=0.000 unique=7
step=02770 loss=0.0000 R=2.600 adv=0.000 unique=9
step=02771 loss=0.0000 R=2.600 adv=0.000 unique=8
step=02772 loss=0.0000 R=2.600 adv=0.000 unique=6
step=02773 loss=0.0000 R=2.600 adv=0.000 unique=7
step=02774 loss=0.0000 R=2.600 adv=0.000 unique=8
step=02775 loss=0.0000 R=2.600 adv=0.000 unique=5
step=02776 loss=0.0000 R=2.600 adv=0.000 unique=7
step=02777 loss=0.0000 R=2.600 adv=0.000 unique=8
step=02778 loss=0.0000 R=2.600 adv=0.000 unique=8
step=02779 loss=0.0000 R=2.600 adv=0.000 unique=8
step=02780 loss=0.0000 R=2.600 adv=0.000 unique=8
step=02781 loss=0.0000 R=2.600 adv=0.000 unique=7
step=02782 loss=0.0000 R=2.600 adv=0.000 unique=10
step=02783 loss=0.0000 R=2.600 adv=0.000 unique=11
step=02784 loss=0.0000 R=2.600 adv=0.000 unique=9
step=02785 loss=0.0000 R=2.600 adv=0.000 unique=8
step=02786 loss=0.0000 R=2.600 adv=0.000 unique=7
step=02787 loss=0.0000 R=2.600 adv=0.000 unique=9
step=02788 loss=0.0000 R=2.600 adv=0.000 unique=7
step=02789 loss=0.0000 R=2.600 adv=0.000 unique=8
step=02790 loss=0.0000 R=2.600 adv=0.000 unique=8
step=02791 loss=0.0000 R=2.600 adv=0.000 unique=5
step=02792 loss=0.0000 R=2.600 adv=0.000 unique=7
step=02793 loss=0.0000 R=2.537 adv=-0.000 unique=8
step=02794 loss=0.0000 R=2.600 adv=0.000 unique=9
step=02795 loss=0.0000 R=2.600 adv=0.000 unique=8
step=02796 loss=0.0000 R=2.600 adv=0.000 unique=9
step=02797 loss=0.0000 R=2.600 adv=0.000 unique=7
step=02798 loss=0.0000 R=2.600 adv=0.000 unique=7
step=02799 loss=0.0000 R=2.600 adv=0.000 unique=10
step=02800 loss=0.0000 R=2.600 adv=0.000 unique=8
step=02801 loss=0.0000 R=2.600 adv=0.000 unique=10
step=02802 loss=0.0000 R=2.600 adv=0.000 unique=9
step=02803 loss=0.0000 R=2.600 adv=0.000 unique=6
step=02804 loss=0.0000 R=2.600 adv=0.000 unique=9
step=02805 loss=0.0000 R=2.600 adv=0.000 unique=9
step=02806 loss=0.0000 R=2.600 adv=0.000 unique=6
step=02807 loss=0.0000 R=2.600 adv=0.000 unique=8
step=02808 loss=0.0000 R=2.600 adv=0.000 unique=9
step=02809 loss=0.0000 R=2.600 adv=0.000 unique=9
step=02810 loss=0.0000 R=2.600 adv=0.000 unique=9
step=02811 loss=0.0000 R=2.537 adv=-0.000 unique=8
step=02812 loss=0.0000 R=2.600 adv=0.000 unique=7
step=02813 loss=0.0000 R=2.600 adv=0.000 unique=8
step=02814 loss=0.0000 R=2.600 adv=0.000 unique=7
step=02815 loss=0.0000 R=2.600 adv=0.000 unique=9
step=02816 loss=0.0000 R=2.600 adv=0.000 unique=8
step=02817 loss=0.0000 R=2.600 adv=0.000 unique=7
step=02818 loss=0.0000 R=2.600 adv=0.000 unique=6
step=02819 loss=0.0000 R=2.600 adv=0.000 unique=6
step=02820 loss=0.0000 R=2.600 adv=0.000 unique=9
step=02821 loss=0.0000 R=2.600 adv=0.000 unique=8
step=02822 loss=0.0000 R=2.600 adv=0.000 unique=8
step=02823 loss=0.0000 R=2.600 adv=0.000 unique=9
step=02824 loss=0.0000 R=2.600 adv=0.000 unique=8
step=02825 loss=0.0000 R=2.600 adv=0.000 unique=7
step=02826 loss=0.0000 R=2.600 adv=0.000 unique=8
step=02827 loss=0.0000 R=2.600 adv=0.000 unique=8
step=02828 loss=0.0000 R=2.600 adv=0.000 unique=6
step=02829 loss=0.0000 R=2.600 adv=0.000 unique=8
step=02830 loss=0.0000 R=2.600 adv=0.000 unique=7
step=02831 loss=0.0000 R=2.600 adv=0.000 unique=9
step=02832 loss=0.0000 R=2.537 adv=-0.000 unique=9
step=02833 loss=0.0000 R=2.600 adv=0.000 unique=7
step=02834 loss=0.0000 R=2.600 adv=0.000 unique=5
step=02835 loss=0.0000 R=2.600 adv=0.000 unique=9
step=02836 loss=0.0000 R=2.537 adv=-0.000 unique=9
step=02837 loss=0.0000 R=2.600 adv=0.000 unique=7
step=02838 loss=0.0000 R=2.600 adv=0.000 unique=10
step=02839 loss=0.0000 R=2.600 adv=0.000 unique=7
step=02840 loss=0.0000 R=2.600 adv=0.000 unique=8
step=02841 loss=0.0000 R=2.600 adv=0.000 unique=8
step=02842 loss=0.0000 R=2.600 adv=0.000 unique=7
step=02843 loss=0.0000 R=2.600 adv=0.000 unique=8
step=02844 loss=0.0000 R=2.600 adv=0.000 unique=8
step=02845 loss=0.0000 R=2.600 adv=0.000 unique=6
step=02846 loss=0.0000 R=2.600 adv=0.000 unique=8
step=02847 loss=0.0000 R=2.600 adv=0.000 unique=8
step=02848 loss=0.0000 R=2.600 adv=0.000 unique=8
step=02849 loss=0.0000 R=2.600 adv=0.000 unique=9
step=02850 loss=0.0000 R=2.600 adv=0.000 unique=7
step=02851 loss=0.0000 R=2.600 adv=0.000 unique=9
step=02852 loss=0.0000 R=2.600 adv=0.000 unique=8
step=02853 loss=0.0000 R=2.600 adv=0.000 unique=8
step=02854 loss=0.0000 R=2.600 adv=0.000 unique=8
step=02855 loss=0.0000 R=2.600 adv=0.000 unique=8
step=02856 loss=0.0000 R=2.600 adv=0.000 unique=10
step=02857 loss=0.0000 R=2.600 adv=0.000 unique=8
step=02858 loss=0.0000 R=2.600 adv=0.000 unique=11
step=02859 loss=0.0000 R=2.600 adv=0.000 unique=8
step=02860 loss=0.0000 R=2.600 adv=0.000 unique=7
step=02861 loss=0.0000 R=2.600 adv=0.000 unique=9
step=02862 loss=0.0000 R=2.600 adv=0.000 unique=9
step=02863 loss=0.0000 R=2.600 adv=0.000 unique=8
step=02864 loss=0.0000 R=2.600 adv=0.000 unique=7
step=02865 loss=0.0000 R=2.600 adv=0.000 unique=9
step=02866 loss=0.0000 R=2.600 adv=0.000 unique=8
step=02867 loss=0.0000 R=2.600 adv=0.000 unique=9
step=02868 loss=0.0000 R=2.600 adv=0.000 unique=8
step=02869 loss=0.0000 R=2.600 adv=0.000 unique=7
step=02870 loss=0.0000 R=2.600 adv=0.000 unique=8
step=02871 loss=0.0000 R=2.600 adv=0.000 unique=5
step=02872 loss=0.0000 R=2.600 adv=0.000 unique=11
step=02873 loss=0.0000 R=2.600 adv=0.000 unique=7
step=02874 loss=0.0000 R=2.600 adv=0.000 unique=7
step=02875 loss=0.0000 R=2.600 adv=0.000 unique=7
step=02876 loss=0.0000 R=2.600 adv=0.000 unique=9
step=02877 loss=0.0000 R=2.600 adv=0.000 unique=11
step=02878 loss=0.0000 R=2.600 adv=0.000 unique=8
step=02879 loss=0.0000 R=2.600 adv=0.000 unique=7
step=02880 loss=0.0000 R=2.600 adv=0.000 unique=6
step=02881 loss=0.0000 R=2.600 adv=0.000 unique=8
step=02882 loss=0.0000 R=2.600 adv=0.000 unique=9
step=02883 loss=0.0000 R=2.600 adv=0.000 unique=9
step=02884 loss=0.0000 R=2.600 adv=0.000 unique=5
step=02885 loss=0.0000 R=2.600 adv=0.000 unique=7
step=02886 loss=0.0000 R=2.600 adv=0.000 unique=5
step=02887 loss=-0.0000 R=2.475 adv=0.000 unique=10
step=02888 loss=0.0000 R=2.600 adv=0.000 unique=7
step=02889 loss=0.0000 R=2.600 adv=0.000 unique=7
step=02890 loss=0.0000 R=2.600 adv=0.000 unique=9
step=02891 loss=0.0000 R=2.600 adv=0.000 unique=8
step=02892 loss=0.0000 R=2.600 adv=0.000 unique=10
step=02893 loss=0.0000 R=2.600 adv=0.000 unique=7
step=02894 loss=0.0000 R=2.600 adv=0.000 unique=9
step=02895 loss=0.0000 R=2.600 adv=0.000 unique=9
step=02896 loss=0.0000 R=2.600 adv=0.000 unique=9
step=02897 loss=0.0000 R=2.600 adv=0.000 unique=7
step=02898 loss=0.0000 R=2.600 adv=0.000 unique=7
step=02899 loss=0.0000 R=2.600 adv=0.000 unique=6
step=02900 loss=0.0000 R=2.600 adv=0.000 unique=9
step=02901 loss=0.0000 R=2.600 adv=0.000 unique=8
step=02902 loss=0.0000 R=2.537 adv=-0.000 unique=8
step=02903 loss=0.0000 R=2.600 adv=0.000 unique=8
step=02904 loss=0.0000 R=2.600 adv=0.000 unique=8
step=02905 loss=0.0000 R=2.600 adv=0.000 unique=9
step=02906 loss=0.0000 R=2.600 adv=0.000 unique=8
step=02907 loss=0.0000 R=2.600 adv=0.000 unique=8
step=02908 loss=0.0000 R=2.537 adv=-0.000 unique=9
step=02909 loss=0.0000 R=2.600 adv=0.000 unique=8
step=02910 loss=0.0000 R=2.600 adv=0.000 unique=8
step=02911 loss=0.0000 R=2.600 adv=0.000 unique=8
step=02912 loss=0.0000 R=2.600 adv=0.000 unique=7
step=02913 loss=0.0000 R=2.600 adv=0.000 unique=7
step=02914 loss=0.0000 R=2.600 adv=0.000 unique=7
step=02915 loss=0.0000 R=2.600 adv=0.000 unique=8
step=02916 loss=0.0000 R=2.600 adv=0.000 unique=7
step=02917 loss=0.0000 R=2.600 adv=0.000 unique=9
step=02918 loss=0.0000 R=2.600 adv=0.000 unique=8
step=02919 loss=0.0000 R=2.600 adv=0.000 unique=7
step=02920 loss=0.0000 R=2.600 adv=0.000 unique=8
step=02921 loss=0.0000 R=2.600 adv=0.000 unique=7
step=02922 loss=0.0000 R=2.600 adv=0.000 unique=7
step=02923 loss=0.0000 R=2.600 adv=0.000 unique=6
step=02924 loss=-0.0000 R=2.475 adv=0.000 unique=8
step=02925 loss=0.0000 R=2.600 adv=0.000 unique=7
step=02926 loss=0.0000 R=2.600 adv=0.000 unique=7
step=02927 loss=0.0000 R=2.600 adv=0.000 unique=10
step=02928 loss=0.0000 R=2.600 adv=0.000 unique=7
step=02929 loss=0.0000 R=2.600 adv=0.000 unique=8
step=02930 loss=0.0000 R=2.600 adv=0.000 unique=9
step=02931 loss=0.0000 R=2.600 adv=0.000 unique=7
step=02932 loss=0.0000 R=2.600 adv=0.000 unique=11
step=02933 loss=0.0000 R=2.600 adv=0.000 unique=9
step=02934 loss=0.0000 R=2.600 adv=0.000 unique=7
step=02935 loss=0.0000 R=2.600 adv=0.000 unique=9
step=02936 loss=0.0000 R=2.600 adv=0.000 unique=5
step=02937 loss=0.0000 R=2.600 adv=0.000 unique=7
step=02938 loss=0.0000 R=2.600 adv=0.000 unique=9
step=02939 loss=0.0000 R=2.600 adv=0.000 unique=5
step=02940 loss=0.0000 R=2.600 adv=0.000 unique=9
step=02941 loss=0.0000 R=2.600 adv=0.000 unique=6
step=02942 loss=0.0000 R=2.600 adv=0.000 unique=8
step=02943 loss=0.0000 R=2.600 adv=0.000 unique=8
step=02944 loss=0.0000 R=2.600 adv=0.000 unique=7
step=02945 loss=0.0000 R=2.600 adv=0.000 unique=6
step=02946 loss=0.0000 R=2.600 adv=0.000 unique=10
step=02947 loss=0.0000 R=2.600 adv=0.000 unique=8
step=02948 loss=0.0000 R=2.600 adv=0.000 unique=8
step=02949 loss=0.0000 R=2.600 adv=0.000 unique=7
step=02950 loss=0.0000 R=2.600 adv=0.000 unique=10
step=02951 loss=0.0000 R=2.600 adv=0.000 unique=7
step=02952 loss=0.0000 R=2.600 adv=0.000 unique=7
step=02953 loss=0.0000 R=2.600 adv=0.000 unique=7
step=02954 loss=0.0000 R=2.600 adv=0.000 unique=6
step=02955 loss=0.0000 R=2.537 adv=-0.000 unique=7
step=02956 loss=0.0000 R=2.600 adv=0.000 unique=9
step=02957 loss=0.0000 R=2.600 adv=0.000 unique=7
step=02958 loss=0.0000 R=2.600 adv=0.000 unique=6
step=02959 loss=0.0000 R=2.600 adv=0.000 unique=9
step=02960 loss=0.0000 R=2.600 adv=0.000 unique=8
step=02961 loss=0.0000 R=2.537 adv=-0.000 unique=10
step=02962 loss=0.0000 R=2.600 adv=0.000 unique=9
step=02963 loss=0.0000 R=2.600 adv=0.000 unique=9
step=02964 loss=0.0000 R=2.600 adv=0.000 unique=8
step=02965 loss=0.0000 R=2.600 adv=0.000 unique=8
step=02966 loss=0.0000 R=2.600 adv=0.000 unique=6
step=02967 loss=0.0000 R=2.600 adv=0.000 unique=7
step=02968 loss=0.0000 R=2.600 adv=0.000 unique=8
step=02969 loss=0.0000 R=2.600 adv=0.000 unique=8
step=02970 loss=0.0000 R=2.600 adv=0.000 unique=9
step=02971 loss=0.0000 R=2.600 adv=0.000 unique=6
step=02972 loss=0.0000 R=2.600 adv=0.000 unique=6
step=02973 loss=0.0000 R=2.600 adv=0.000 unique=5
step=02974 loss=0.0000 R=2.600 adv=0.000 unique=7
step=02975 loss=0.0000 R=2.600 adv=0.000 unique=5
step=02976 loss=0.0000 R=2.600 adv=0.000 unique=8
step=02977 loss=0.0000 R=2.600 adv=0.000 unique=8
step=02978 loss=0.0000 R=2.600 adv=0.000 unique=5
step=02979 loss=0.0000 R=2.600 adv=0.000 unique=10
step=02980 loss=0.0000 R=2.600 adv=0.000 unique=9
step=02981 loss=0.0000 R=2.600 adv=0.000 unique=8
step=02982 loss=0.0000 R=2.600 adv=0.000 unique=8
step=02983 loss=0.0000 R=2.600 adv=0.000 unique=7
step=02984 loss=0.0000 R=2.600 adv=0.000 unique=10
step=02985 loss=0.0000 R=2.600 adv=0.000 unique=7
step=02986 loss=0.0000 R=2.600 adv=0.000 unique=8
step=02987 loss=0.0000 R=2.600 adv=0.000 unique=6
step=02988 loss=0.0000 R=2.600 adv=0.000 unique=7
step=02989 loss=0.0000 R=2.600 adv=0.000 unique=6
step=02990 loss=0.0000 R=2.600 adv=0.000 unique=8
step=02991 loss=0.0000 R=2.600 adv=0.000 unique=8
step=02992 loss=0.0000 R=2.600 adv=0.000 unique=7
step=02993 loss=0.0000 R=2.600 adv=0.000 unique=9
step=02994 loss=0.0000 R=2.600 adv=0.000 unique=8
step=02995 loss=0.0000 R=2.600 adv=0.000 unique=7
step=02996 loss=0.0000 R=2.600 adv=0.000 unique=7
step=02997 loss=0.0000 R=2.600 adv=0.000 unique=7
step=02998 loss=0.0000 R=2.600 adv=0.000 unique=6
step=02999 loss=0.0000 R=2.600 adv=0.000 unique=5
--- epoch=299 eval L1=1.9327 TV=0.9663 modes=29/4 peak_mass=1.0000
step=03000 loss=0.0000 R=2.600 adv=0.000 unique=6
step=03001 loss=0.0000 R=2.600 adv=0.000 unique=8
step=03002 loss=0.0000 R=2.600 adv=0.000 unique=9
step=03003 loss=0.0000 R=2.600 adv=0.000 unique=6
step=03004 loss=0.0000 R=2.600 adv=0.000 unique=8
step=03005 loss=0.0000 R=2.600 adv=0.000 unique=7
step=03006 loss=0.0000 R=2.600 adv=0.000 unique=9
step=03007 loss=0.0000 R=2.600 adv=0.000 unique=9
step=03008 loss=0.0000 R=2.600 adv=0.000 unique=8
step=03009 loss=0.0000 R=2.600 adv=0.000 unique=10
step=03010 loss=0.0000 R=2.600 adv=0.000 unique=8
step=03011 loss=0.0000 R=2.600 adv=0.000 unique=7
step=03012 loss=0.0000 R=2.600 adv=0.000 unique=9
step=03013 loss=0.0000 R=2.600 adv=0.000 unique=8
step=03014 loss=0.0000 R=2.600 adv=0.000 unique=6
step=03015 loss=0.0000 R=2.600 adv=0.000 unique=7
step=03016 loss=0.0000 R=2.600 adv=0.000 unique=7
step=03017 loss=0.0000 R=2.600 adv=0.000 unique=5
step=03018 loss=0.0000 R=2.600 adv=0.000 unique=8
step=03019 loss=0.0000 R=2.600 adv=0.000 unique=8
step=03020 loss=0.0000 R=2.600 adv=0.000 unique=6
step=03021 loss=0.0000 R=2.600 adv=0.000 unique=7
step=03022 loss=0.0000 R=2.600 adv=0.000 unique=7
step=03023 loss=0.0000 R=2.600 adv=0.000 unique=8
step=03024 loss=0.0000 R=2.600 adv=0.000 unique=7
step=03025 loss=0.0000 R=2.600 adv=0.000 unique=8
step=03026 loss=0.0000 R=2.600 adv=0.000 unique=7
step=03027 loss=0.0000 R=2.600 adv=0.000 unique=8
step=03028 loss=0.0000 R=2.600 adv=0.000 unique=7
step=03029 loss=0.0000 R=2.600 adv=0.000 unique=7
step=03030 loss=0.0000 R=2.600 adv=0.000 unique=9
step=03031 loss=0.0000 R=2.600 adv=0.000 unique=8
step=03032 loss=0.0000 R=2.600 adv=0.000 unique=7
step=03033 loss=0.0000 R=2.600 adv=0.000 unique=7
step=03034 loss=0.0000 R=2.600 adv=0.000 unique=6
step=03035 loss=0.0000 R=2.600 adv=0.000 unique=7
step=03036 loss=0.0000 R=2.600 adv=0.000 unique=9
step=03037 loss=0.0000 R=2.600 adv=0.000 unique=8
step=03038 loss=0.0000 R=2.600 adv=0.000 unique=8
step=03039 loss=0.0000 R=2.600 adv=0.000 unique=7
step=03040 loss=0.0000 R=2.600 adv=0.000 unique=8
step=03041 loss=0.0000 R=2.600 adv=0.000 unique=8
step=03042 loss=0.0000 R=2.600 adv=0.000 unique=7
step=03043 loss=0.0000 R=2.600 adv=0.000 unique=7
step=03044 loss=0.0000 R=2.600 adv=0.000 unique=8
step=03045 loss=0.0000 R=2.600 adv=0.000 unique=6
step=03046 loss=0.0000 R=2.600 adv=0.000 unique=8
step=03047 loss=0.0000 R=2.600 adv=0.000 unique=7
step=03048 loss=0.0000 R=2.600 adv=0.000 unique=6
step=03049 loss=0.0000 R=2.600 adv=0.000 unique=6
step=03050 loss=0.0000 R=2.600 adv=0.000 unique=6
step=03051 loss=0.0000 R=2.600 adv=0.000 unique=10
step=03052 loss=0.0000 R=2.600 adv=0.000 unique=6
step=03053 loss=0.0000 R=2.600 adv=0.000 unique=7
step=03054 loss=0.0000 R=2.600 adv=0.000 unique=9
step=03055 loss=0.0000 R=2.600 adv=0.000 unique=7
step=03056 loss=0.0000 R=2.600 adv=0.000 unique=6
step=03057 loss=0.0000 R=2.600 adv=0.000 unique=7
step=03058 loss=0.0000 R=2.600 adv=0.000 unique=7
step=03059 loss=0.0000 R=2.600 adv=0.000 unique=9
step=03060 loss=0.0000 R=2.600 adv=0.000 unique=9
step=03061 loss=0.0000 R=2.600 adv=0.000 unique=9
step=03062 loss=0.0000 R=2.600 adv=0.000 unique=8
step=03063 loss=0.0000 R=2.600 adv=0.000 unique=8
step=03064 loss=0.0000 R=2.600 adv=0.000 unique=6
step=03065 loss=0.0000 R=2.600 adv=0.000 unique=10
step=03066 loss=0.0000 R=2.600 adv=0.000 unique=8
step=03067 loss=0.0000 R=2.600 adv=0.000 unique=6
step=03068 loss=0.0000 R=2.600 adv=0.000 unique=8
step=03069 loss=0.0000 R=2.600 adv=0.000 unique=7
step=03070 loss=0.0000 R=2.600 adv=0.000 unique=9
step=03071 loss=0.0000 R=2.600 adv=0.000 unique=6
step=03072 loss=0.0000 R=2.600 adv=0.000 unique=7
step=03073 loss=0.0000 R=2.600 adv=0.000 unique=10
step=03074 loss=0.0000 R=2.600 adv=0.000 unique=6
step=03075 loss=0.0000 R=2.600 adv=0.000 unique=6
step=03076 loss=0.0000 R=2.600 adv=0.000 unique=6
step=03077 loss=0.0000 R=2.600 adv=0.000 unique=8
step=03078 loss=0.0000 R=2.600 adv=0.000 unique=9
step=03079 loss=0.0000 R=2.600 adv=0.000 unique=6
step=03080 loss=0.0000 R=2.600 adv=0.000 unique=7
step=03081 loss=0.0000 R=2.600 adv=0.000 unique=7
step=03082 loss=0.0000 R=2.600 adv=0.000 unique=7
step=03083 loss=0.0000 R=2.600 adv=0.000 unique=7
step=03084 loss=0.0000 R=2.600 adv=0.000 unique=8
step=03085 loss=0.0000 R=2.600 adv=0.000 unique=8
step=03086 loss=0.0000 R=2.600 adv=0.000 unique=7
step=03087 loss=0.0000 R=2.600 adv=0.000 unique=9
step=03088 loss=0.0000 R=2.600 adv=0.000 unique=6
step=03089 loss=0.0000 R=2.600 adv=0.000 unique=7
step=03090 loss=0.0000 R=2.600 adv=0.000 unique=9
step=03091 loss=0.0000 R=2.600 adv=0.000 unique=10
step=03092 loss=0.0000 R=2.600 adv=0.000 unique=8
step=03093 loss=0.0000 R=2.600 adv=0.000 unique=7
step=03094 loss=0.0000 R=2.600 adv=0.000 unique=7
step=03095 loss=0.0000 R=2.600 adv=0.000 unique=5
step=03096 loss=0.0000 R=2.600 adv=0.000 unique=6
step=03097 loss=0.0000 R=2.600 adv=0.000 unique=8
step=03098 loss=0.0000 R=2.600 adv=0.000 unique=7
step=03099 loss=0.0000 R=2.600 adv=0.000 unique=8
step=03100 loss=0.0000 R=2.600 adv=0.000 unique=7
step=03101 loss=0.0000 R=2.600 adv=0.000 unique=7
step=03102 loss=0.0000 R=2.600 adv=0.000 unique=7
step=03103 loss=0.0000 R=2.600 adv=0.000 unique=8
step=03104 loss=0.0000 R=2.600 adv=0.000 unique=7
step=03105 loss=0.0000 R=2.600 adv=0.000 unique=9
step=03106 loss=0.0000 R=2.600 adv=0.000 unique=5
step=03107 loss=0.0000 R=2.600 adv=0.000 unique=7
step=03108 loss=0.0000 R=2.600 adv=0.000 unique=6
step=03109 loss=0.0000 R=2.600 adv=0.000 unique=7
step=03110 loss=0.0000 R=2.600 adv=0.000 unique=9
step=03111 loss=0.0000 R=2.600 adv=0.000 unique=8
step=03112 loss=0.0000 R=2.600 adv=0.000 unique=7
step=03113 loss=0.0000 R=2.600 adv=0.000 unique=7
step=03114 loss=0.0000 R=2.600 adv=0.000 unique=5
step=03115 loss=0.0000 R=2.600 adv=0.000 unique=10
step=03116 loss=0.0000 R=2.600 adv=0.000 unique=10
step=03117 loss=0.0000 R=2.600 adv=0.000 unique=9
step=03118 loss=0.0000 R=2.600 adv=0.000 unique=8
step=03119 loss=0.0000 R=2.600 adv=0.000 unique=5
step=03120 loss=0.0000 R=2.600 adv=0.000 unique=6
step=03121 loss=0.0000 R=2.600 adv=0.000 unique=7
step=03122 loss=0.0000 R=2.600 adv=0.000 unique=11
step=03123 loss=0.0000 R=2.600 adv=0.000 unique=7
step=03124 loss=0.0000 R=2.600 adv=0.000 unique=8
step=03125 loss=0.0000 R=2.600 adv=0.000 unique=8
step=03126 loss=0.0000 R=2.600 adv=0.000 unique=7
step=03127 loss=0.0000 R=2.600 adv=0.000 unique=8
step=03128 loss=0.0000 R=2.600 adv=0.000 unique=7
step=03129 loss=0.0000 R=2.600 adv=0.000 unique=8
step=03130 loss=0.0000 R=2.600 adv=0.000 unique=5
step=03131 loss=0.0000 R=2.600 adv=0.000 unique=6
step=03132 loss=0.0000 R=2.600 adv=0.000 unique=7
step=03133 loss=0.0000 R=2.600 adv=0.000 unique=8
step=03134 loss=0.0000 R=2.600 adv=0.000 unique=7
step=03135 loss=0.0000 R=2.600 adv=0.000 unique=8
step=03136 loss=0.0000 R=2.600 adv=0.000 unique=6
step=03137 loss=0.0000 R=2.600 adv=0.000 unique=10
step=03138 loss=0.0000 R=2.600 adv=0.000 unique=7
step=03139 loss=0.0000 R=2.600 adv=0.000 unique=7
step=03140 loss=0.0000 R=2.600 adv=0.000 unique=7
step=03141 loss=0.0000 R=2.600 adv=0.000 unique=8
step=03142 loss=0.0000 R=2.600 adv=0.000 unique=8
step=03143 loss=0.0000 R=2.600 adv=0.000 unique=7
step=03144 loss=0.0000 R=2.600 adv=0.000 unique=7
step=03145 loss=0.0000 R=2.600 adv=0.000 unique=5
step=03146 loss=0.0000 R=2.600 adv=0.000 unique=7
step=03147 loss=0.0000 R=2.600 adv=0.000 unique=6
step=03148 loss=0.0000 R=2.600 adv=0.000 unique=6
step=03149 loss=0.0000 R=2.600 adv=0.000 unique=7
step=03150 loss=0.0000 R=2.600 adv=0.000 unique=8
step=03151 loss=0.0000 R=2.600 adv=0.000 unique=10
step=03152 loss=0.0000 R=2.600 adv=0.000 unique=7
step=03153 loss=0.0000 R=2.600 adv=0.000 unique=9
step=03154 loss=0.0000 R=2.600 adv=0.000 unique=7
step=03155 loss=0.0000 R=2.600 adv=0.000 unique=8
step=03156 loss=0.0000 R=2.600 adv=0.000 unique=9
step=03157 loss=0.0000 R=2.600 adv=0.000 unique=8
step=03158 loss=0.0000 R=2.600 adv=0.000 unique=6
step=03159 loss=0.0000 R=2.600 adv=0.000 unique=7
step=03160 loss=0.0000 R=2.600 adv=0.000 unique=7
step=03161 loss=0.0000 R=2.600 adv=0.000 unique=8
step=03162 loss=0.0000 R=2.600 adv=0.000 unique=7
step=03163 loss=0.0000 R=2.600 adv=0.000 unique=7
step=03164 loss=0.0000 R=2.600 adv=0.000 unique=8
step=03165 loss=0.0000 R=2.600 adv=0.000 unique=8
step=03166 loss=0.0000 R=2.600 adv=0.000 unique=10
step=03167 loss=0.0000 R=2.600 adv=0.000 unique=8
step=03168 loss=0.0000 R=2.600 adv=0.000 unique=7
step=03169 loss=0.0000 R=2.600 adv=0.000 unique=6
step=03170 loss=0.0000 R=2.600 adv=0.000 unique=6
step=03171 loss=0.0000 R=2.600 adv=0.000 unique=9
step=03172 loss=0.0000 R=2.600 adv=0.000 unique=7
step=03173 loss=0.0000 R=2.600 adv=0.000 unique=7
step=03174 loss=0.0000 R=2.600 adv=0.000 unique=7
step=03175 loss=0.0000 R=2.600 adv=0.000 unique=9
step=03176 loss=0.0000 R=2.600 adv=0.000 unique=7
step=03177 loss=0.0000 R=2.600 adv=0.000 unique=7
step=03178 loss=0.0000 R=2.600 adv=0.000 unique=8
step=03179 loss=0.0000 R=2.600 adv=0.000 unique=7
step=03180 loss=0.0000 R=2.600 adv=0.000 unique=7
step=03181 loss=0.0000 R=2.600 adv=0.000 unique=6
step=03182 loss=0.0000 R=2.600 adv=0.000 unique=8
step=03183 loss=0.0000 R=2.600 adv=0.000 unique=7
step=03184 loss=0.0000 R=2.600 adv=0.000 unique=6
step=03185 loss=0.0000 R=2.600 adv=0.000 unique=8
step=03186 loss=0.0000 R=2.600 adv=0.000 unique=11
step=03187 loss=0.0000 R=2.600 adv=0.000 unique=8
step=03188 loss=0.0000 R=2.600 adv=0.000 unique=6
step=03189 loss=0.0000 R=2.600 adv=0.000 unique=6
step=03190 loss=0.0000 R=2.600 adv=0.000 unique=6
step=03191 loss=0.0000 R=2.600 adv=0.000 unique=8
step=03192 loss=0.0000 R=2.600 adv=0.000 unique=9
step=03193 loss=0.0000 R=2.600 adv=0.000 unique=6
step=03194 loss=0.0000 R=2.600 adv=0.000 unique=7
step=03195 loss=0.0000 R=2.600 adv=0.000 unique=7
step=03196 loss=0.0000 R=2.600 adv=0.000 unique=6
step=03197 loss=0.0000 R=2.600 adv=0.000 unique=10
step=03198 loss=0.0000 R=2.600 adv=0.000 unique=6
step=03199 loss=0.0000 R=2.600 adv=0.000 unique=7
step=03200 loss=0.0000 R=2.600 adv=0.000 unique=7
step=03201 loss=0.0000 R=2.600 adv=0.000 unique=6
step=03202 loss=0.0000 R=2.600 adv=0.000 unique=8
step=03203 loss=0.0000 R=2.600 adv=0.000 unique=8
step=03204 loss=0.0000 R=2.600 adv=0.000 unique=7
step=03205 loss=0.0000 R=2.600 adv=0.000 unique=6
step=03206 loss=0.0000 R=2.600 adv=0.000 unique=8
step=03207 loss=0.0000 R=2.600 adv=0.000 unique=7
step=03208 loss=0.0000 R=2.600 adv=0.000 unique=7
step=03209 loss=0.0000 R=2.600 adv=0.000 unique=7
step=03210 loss=0.0000 R=2.600 adv=0.000 unique=9
step=03211 loss=0.0000 R=2.600 adv=0.000 unique=7
step=03212 loss=0.0000 R=2.600 adv=0.000 unique=9
step=03213 loss=0.0000 R=2.600 adv=0.000 unique=7
step=03214 loss=0.0000 R=2.600 adv=0.000 unique=6
step=03215 loss=0.0000 R=2.600 adv=0.000 unique=7
step=03216 loss=0.0000 R=2.600 adv=0.000 unique=8
step=03217 loss=0.0000 R=2.600 adv=0.000 unique=8
step=03218 loss=0.0000 R=2.600 adv=0.000 unique=6
step=03219 loss=0.0000 R=2.600 adv=0.000 unique=9
step=03220 loss=0.0000 R=2.600 adv=0.000 unique=7
step=03221 loss=0.0000 R=2.600 adv=0.000 unique=9
step=03222 loss=0.0000 R=2.600 adv=0.000 unique=8
step=03223 loss=0.0000 R=2.600 adv=0.000 unique=7
step=03224 loss=0.0000 R=2.600 adv=0.000 unique=8
step=03225 loss=0.0000 R=2.600 adv=0.000 unique=8
step=03226 loss=0.0000 R=2.600 adv=0.000 unique=8
step=03227 loss=0.0000 R=2.600 adv=0.000 unique=5
step=03228 loss=0.0000 R=2.600 adv=0.000 unique=10
step=03229 loss=0.0000 R=2.600 adv=0.000 unique=8
step=03230 loss=0.0000 R=2.600 adv=0.000 unique=8
step=03231 loss=0.0000 R=2.600 adv=0.000 unique=8
step=03232 loss=0.0000 R=2.600 adv=0.000 unique=8
step=03233 loss=0.0000 R=2.600 adv=0.000 unique=7
step=03234 loss=0.0000 R=2.600 adv=0.000 unique=8
step=03235 loss=0.0000 R=2.600 adv=0.000 unique=7
step=03236 loss=0.0000 R=2.600 adv=0.000 unique=6
step=03237 loss=0.0000 R=2.600 adv=0.000 unique=7
step=03238 loss=0.0000 R=2.600 adv=0.000 unique=9
step=03239 loss=0.0000 R=2.600 adv=0.000 unique=8
step=03240 loss=0.0000 R=2.600 adv=0.000 unique=8
step=03241 loss=0.0000 R=2.600 adv=0.000 unique=7
step=03242 loss=0.0000 R=2.600 adv=0.000 unique=8
step=03243 loss=0.0000 R=2.600 adv=0.000 unique=8
step=03244 loss=0.0000 R=2.600 adv=0.000 unique=9
step=03245 loss=0.0000 R=2.600 adv=0.000 unique=8
step=03246 loss=0.0000 R=2.600 adv=0.000 unique=6
step=03247 loss=0.0000 R=2.600 adv=0.000 unique=7
step=03248 loss=0.0000 R=2.600 adv=0.000 unique=7
step=03249 loss=0.0000 R=2.600 adv=0.000 unique=7
step=03250 loss=0.0000 R=2.600 adv=0.000 unique=7
step=03251 loss=0.0000 R=2.600 adv=0.000 unique=7
step=03252 loss=0.0000 R=2.600 adv=0.000 unique=9
step=03253 loss=0.0000 R=2.600 adv=0.000 unique=8
step=03254 loss=0.0000 R=2.600 adv=0.000 unique=6
step=03255 loss=0.0000 R=2.600 adv=0.000 unique=8
step=03256 loss=0.0000 R=2.600 adv=0.000 unique=8
step=03257 loss=0.0000 R=2.600 adv=0.000 unique=4
step=03258 loss=0.0000 R=2.600 adv=0.000 unique=8
step=03259 loss=0.0000 R=2.600 adv=0.000 unique=7
step=03260 loss=0.0000 R=2.600 adv=0.000 unique=8
step=03261 loss=0.0000 R=2.600 adv=0.000 unique=8
step=03262 loss=0.0000 R=2.600 adv=0.000 unique=9
step=03263 loss=0.0000 R=2.600 adv=0.000 unique=7
step=03264 loss=0.0000 R=2.600 adv=0.000 unique=5
step=03265 loss=0.0000 R=2.600 adv=0.000 unique=9
step=03266 loss=0.0000 R=2.600 adv=0.000 unique=8
step=03267 loss=0.0000 R=2.600 adv=0.000 unique=8
step=03268 loss=0.0000 R=2.600 adv=0.000 unique=7
step=03269 loss=0.0000 R=2.600 adv=0.000 unique=7
step=03270 loss=0.0000 R=2.600 adv=0.000 unique=7
step=03271 loss=0.0000 R=2.600 adv=0.000 unique=8
step=03272 loss=0.0000 R=2.600 adv=0.000 unique=6
step=03273 loss=0.0000 R=2.600 adv=0.000 unique=8
step=03274 loss=0.0000 R=2.600 adv=0.000 unique=7
step=03275 loss=0.0000 R=2.600 adv=0.000 unique=9
step=03276 loss=0.0000 R=2.600 adv=0.000 unique=8
step=03277 loss=0.0000 R=2.600 adv=0.000 unique=8
step=03278 loss=0.0000 R=2.600 adv=0.000 unique=7
step=03279 loss=0.0000 R=2.600 adv=0.000 unique=8
step=03280 loss=0.0000 R=2.600 adv=0.000 unique=8
step=03281 loss=0.0000 R=2.600 adv=0.000 unique=7
step=03282 loss=0.0000 R=2.600 adv=0.000 unique=6
step=03283 loss=0.0000 R=2.600 adv=0.000 unique=10
step=03284 loss=0.0000 R=2.600 adv=0.000 unique=7
step=03285 loss=0.0000 R=2.600 adv=0.000 unique=7
step=03286 loss=0.0000 R=2.600 adv=0.000 unique=6
step=03287 loss=0.0000 R=2.600 adv=0.000 unique=7
step=03288 loss=0.0000 R=2.600 adv=0.000 unique=10
step=03289 loss=0.0000 R=2.600 adv=0.000 unique=8
step=03290 loss=0.0000 R=2.600 adv=0.000 unique=10
step=03291 loss=0.0000 R=2.600 adv=0.000 unique=9
step=03292 loss=0.0000 R=2.600 adv=0.000 unique=9
step=03293 loss=0.0000 R=2.600 adv=0.000 unique=6
step=03294 loss=0.0000 R=2.600 adv=0.000 unique=7
step=03295 loss=0.0000 R=2.600 adv=0.000 unique=10
step=03296 loss=0.0000 R=2.600 adv=0.000 unique=7
step=03297 loss=0.0000 R=2.600 adv=0.000 unique=6
step=03298 loss=0.0000 R=2.600 adv=0.000 unique=7
step=03299 loss=0.0000 R=2.600 adv=0.000 unique=8
step=03300 loss=0.0000 R=2.600 adv=0.000 unique=7
step=03301 loss=0.0000 R=2.600 adv=0.000 unique=9
step=03302 loss=0.0000 R=2.600 adv=0.000 unique=10
step=03303 loss=0.0000 R=2.600 adv=0.000 unique=6
step=03304 loss=0.0000 R=2.600 adv=0.000 unique=8
step=03305 loss=0.0000 R=2.600 adv=0.000 unique=8
step=03306 loss=0.0000 R=2.600 adv=0.000 unique=7
step=03307 loss=0.0000 R=2.600 adv=0.000 unique=7
step=03308 loss=0.0000 R=2.600 adv=0.000 unique=8
step=03309 loss=0.0000 R=2.600 adv=0.000 unique=10
step=03310 loss=0.0000 R=2.600 adv=0.000 unique=8
step=03311 loss=0.0000 R=2.600 adv=0.000 unique=8
step=03312 loss=0.0000 R=2.600 adv=0.000 unique=8
step=03313 loss=0.0000 R=2.600 adv=0.000 unique=9
step=03314 loss=0.0000 R=2.600 adv=0.000 unique=7
step=03315 loss=0.0000 R=2.600 adv=0.000 unique=7
step=03316 loss=0.0000 R=2.600 adv=0.000 unique=7
step=03317 loss=0.0000 R=2.600 adv=0.000 unique=8
step=03318 loss=0.0000 R=2.600 adv=0.000 unique=9
step=03319 loss=0.0000 R=2.600 adv=0.000 unique=9
step=03320 loss=0.0000 R=2.600 adv=0.000 unique=9
step=03321 loss=0.0000 R=2.600 adv=0.000 unique=7
step=03322 loss=0.0000 R=2.600 adv=0.000 unique=8
step=03323 loss=0.0000 R=2.600 adv=0.000 unique=8
step=03324 loss=0.0000 R=2.600 adv=0.000 unique=6
step=03325 loss=0.0000 R=2.600 adv=0.000 unique=8
step=03326 loss=0.0000 R=2.600 adv=0.000 unique=7
step=03327 loss=0.0000 R=2.600 adv=0.000 unique=6
step=03328 loss=0.0000 R=2.600 adv=0.000 unique=9
step=03329 loss=0.0000 R=2.600 adv=0.000 unique=7
step=03330 loss=0.0000 R=2.600 adv=0.000 unique=8
step=03331 loss=0.0000 R=2.600 adv=0.000 unique=7
step=03332 loss=0.0000 R=2.600 adv=0.000 unique=6
step=03333 loss=0.0000 R=2.600 adv=0.000 unique=8
step=03334 loss=0.0000 R=2.600 adv=0.000 unique=6
step=03335 loss=0.0000 R=2.600 adv=0.000 unique=7
step=03336 loss=0.0000 R=2.600 adv=0.000 unique=8
step=03337 loss=0.0000 R=2.600 adv=0.000 unique=8
step=03338 loss=0.0000 R=2.600 adv=0.000 unique=8
step=03339 loss=0.0000 R=2.600 adv=0.000 unique=8
step=03340 loss=0.0000 R=2.600 adv=0.000 unique=8
step=03341 loss=0.0000 R=2.600 adv=0.000 unique=9
step=03342 loss=0.0000 R=2.600 adv=0.000 unique=6
step=03343 loss=0.0000 R=2.600 adv=0.000 unique=7
step=03344 loss=0.0000 R=2.600 adv=0.000 unique=6
step=03345 loss=0.0000 R=2.600 adv=0.000 unique=9
step=03346 loss=0.0000 R=2.600 adv=0.000 unique=8
step=03347 loss=0.0000 R=2.600 adv=0.000 unique=6
step=03348 loss=0.0000 R=2.600 adv=0.000 unique=6
step=03349 loss=0.0000 R=2.600 adv=0.000 unique=8
step=03350 loss=0.0000 R=2.600 adv=0.000 unique=8
step=03351 loss=0.0000 R=2.600 adv=0.000 unique=6
step=03352 loss=0.0000 R=2.600 adv=0.000 unique=8
step=03353 loss=0.0000 R=2.600 adv=0.000 unique=8
step=03354 loss=0.0000 R=2.600 adv=0.000 unique=8
step=03355 loss=0.0000 R=2.600 adv=0.000 unique=9
step=03356 loss=0.0000 R=2.600 adv=0.000 unique=8
step=03357 loss=0.0000 R=2.600 adv=0.000 unique=6
step=03358 loss=0.0000 R=2.600 adv=0.000 unique=8
step=03359 loss=0.0000 R=2.600 adv=0.000 unique=10
step=03360 loss=0.0000 R=2.600 adv=0.000 unique=7
step=03361 loss=0.0000 R=2.600 adv=0.000 unique=6
step=03362 loss=0.0000 R=2.600 adv=0.000 unique=7
step=03363 loss=0.0000 R=2.600 adv=0.000 unique=9
step=03364 loss=0.0000 R=2.600 adv=0.000 unique=9
step=03365 loss=0.0000 R=2.600 adv=0.000 unique=9
step=03366 loss=0.0000 R=2.600 adv=0.000 unique=6
step=03367 loss=0.0000 R=2.600 adv=0.000 unique=10
step=03368 loss=0.0000 R=2.600 adv=0.000 unique=7
step=03369 loss=0.0000 R=2.600 adv=0.000 unique=8
step=03370 loss=0.0000 R=2.600 adv=0.000 unique=7
step=03371 loss=0.0000 R=2.600 adv=0.000 unique=7
step=03372 loss=0.0000 R=2.600 adv=0.000 unique=6
step=03373 loss=0.0000 R=2.600 adv=0.000 unique=9
step=03374 loss=0.0000 R=2.600 adv=0.000 unique=7
step=03375 loss=0.0000 R=2.600 adv=0.000 unique=8
step=03376 loss=0.0000 R=2.600 adv=0.000 unique=7
step=03377 loss=0.0000 R=2.600 adv=0.000 unique=5
step=03378 loss=0.0000 R=2.600 adv=0.000 unique=8
step=03379 loss=0.0000 R=2.600 adv=0.000 unique=8
step=03380 loss=0.0000 R=2.600 adv=0.000 unique=5
step=03381 loss=0.0000 R=2.600 adv=0.000 unique=8
step=03382 loss=0.0000 R=2.600 adv=0.000 unique=8
step=03383 loss=0.0000 R=2.600 adv=0.000 unique=7
step=03384 loss=0.0000 R=2.600 adv=0.000 unique=8
step=03385 loss=0.0000 R=2.600 adv=0.000 unique=9
step=03386 loss=0.0000 R=2.600 adv=0.000 unique=7
step=03387 loss=0.0000 R=2.600 adv=0.000 unique=9
step=03388 loss=0.0000 R=2.600 adv=0.000 unique=7
step=03389 loss=0.0000 R=2.600 adv=0.000 unique=7
step=03390 loss=0.0000 R=2.600 adv=0.000 unique=7
step=03391 loss=0.0000 R=2.600 adv=0.000 unique=7
step=03392 loss=0.0000 R=2.600 adv=0.000 unique=8
step=03393 loss=0.0000 R=2.600 adv=0.000 unique=7
step=03394 loss=0.0000 R=2.600 adv=0.000 unique=8
step=03395 loss=0.0000 R=2.600 adv=0.000 unique=8
step=03396 loss=0.0000 R=2.600 adv=0.000 unique=8
step=03397 loss=0.0000 R=2.600 adv=0.000 unique=7
step=03398 loss=0.0000 R=2.600 adv=0.000 unique=8
step=03399 loss=0.0000 R=2.600 adv=0.000 unique=7
step=03400 loss=0.0000 R=2.600 adv=0.000 unique=8
step=03401 loss=0.0000 R=2.600 adv=0.000 unique=6
step=03402 loss=0.0000 R=2.600 adv=0.000 unique=7
step=03403 loss=0.0000 R=2.600 adv=0.000 unique=7
step=03404 loss=0.0000 R=2.600 adv=0.000 unique=8
step=03405 loss=0.0000 R=2.600 adv=0.000 unique=8
step=03406 loss=0.0000 R=2.600 adv=0.000 unique=7
step=03407 loss=0.0000 R=2.600 adv=0.000 unique=7
step=03408 loss=0.0000 R=2.600 adv=0.000 unique=7
step=03409 loss=0.0000 R=2.600 adv=0.000 unique=8
step=03410 loss=0.0000 R=2.600 adv=0.000 unique=7
step=03411 loss=0.0000 R=2.600 adv=0.000 unique=7
step=03412 loss=0.0000 R=2.600 adv=0.000 unique=9
step=03413 loss=0.0000 R=2.600 adv=0.000 unique=7
step=03414 loss=0.0000 R=2.600 adv=0.000 unique=8
step=03415 loss=0.0000 R=2.600 adv=0.000 unique=10
step=03416 loss=0.0000 R=2.600 adv=0.000 unique=9
step=03417 loss=0.0000 R=2.600 adv=0.000 unique=6
step=03418 loss=0.0000 R=2.600 adv=0.000 unique=8
step=03419 loss=0.0000 R=2.600 adv=0.000 unique=6
step=03420 loss=0.0000 R=2.600 adv=0.000 unique=7
step=03421 loss=0.0000 R=2.600 adv=0.000 unique=7
step=03422 loss=0.0000 R=2.600 adv=0.000 unique=7
step=03423 loss=0.0000 R=2.600 adv=0.000 unique=6
step=03424 loss=0.0000 R=2.600 adv=0.000 unique=8
step=03425 loss=0.0000 R=2.600 adv=0.000 unique=7
step=03426 loss=0.0000 R=2.600 adv=0.000 unique=7
step=03427 loss=0.0000 R=2.600 adv=0.000 unique=8
step=03428 loss=0.0000 R=2.600 adv=0.000 unique=8
step=03429 loss=0.0000 R=2.600 adv=0.000 unique=7
step=03430 loss=0.0000 R=2.600 adv=0.000 unique=8
step=03431 loss=0.0000 R=2.600 adv=0.000 unique=8
step=03432 loss=0.0000 R=2.600 adv=0.000 unique=9
step=03433 loss=0.0000 R=2.600 adv=0.000 unique=8
step=03434 loss=0.0000 R=2.600 adv=0.000 unique=6
step=03435 loss=0.0000 R=2.600 adv=0.000 unique=6
step=03436 loss=0.0000 R=2.600 adv=0.000 unique=7
step=03437 loss=0.0000 R=2.600 adv=0.000 unique=6
step=03438 loss=0.0000 R=2.600 adv=0.000 unique=9
step=03439 loss=0.0000 R=2.600 adv=0.000 unique=5
step=03440 loss=0.0000 R=2.600 adv=0.000 unique=9
step=03441 loss=0.0000 R=2.600 adv=0.000 unique=6
step=03442 loss=0.0000 R=2.600 adv=0.000 unique=9
step=03443 loss=0.0000 R=2.600 adv=0.000 unique=8
step=03444 loss=0.0000 R=2.600 adv=0.000 unique=8
step=03445 loss=0.0000 R=2.600 adv=0.000 unique=7
step=03446 loss=0.0000 R=2.600 adv=0.000 unique=6
step=03447 loss=0.0000 R=2.600 adv=0.000 unique=6
step=03448 loss=0.0000 R=2.600 adv=0.000 unique=6
step=03449 loss=0.0000 R=2.600 adv=0.000 unique=9
step=03450 loss=0.0000 R=2.600 adv=0.000 unique=8
step=03451 loss=0.0000 R=2.600 adv=0.000 unique=8
step=03452 loss=0.0000 R=2.600 adv=0.000 unique=9
step=03453 loss=0.0000 R=2.600 adv=0.000 unique=8
step=03454 loss=0.0000 R=2.600 adv=0.000 unique=8
step=03455 loss=0.0000 R=2.600 adv=0.000 unique=7
step=03456 loss=0.0000 R=2.600 adv=0.000 unique=7
step=03457 loss=0.0000 R=2.600 adv=0.000 unique=8
step=03458 loss=0.0000 R=2.600 adv=0.000 unique=9
step=03459 loss=0.0000 R=2.600 adv=0.000 unique=8
step=03460 loss=0.0000 R=2.600 adv=0.000 unique=7
step=03461 loss=0.0000 R=2.600 adv=0.000 unique=7
step=03462 loss=0.0000 R=2.600 adv=0.000 unique=8
step=03463 loss=0.0000 R=2.600 adv=0.000 unique=7
step=03464 loss=0.0000 R=2.600 adv=0.000 unique=10
step=03465 loss=0.0000 R=2.600 adv=0.000 unique=9
step=03466 loss=0.0000 R=2.600 adv=0.000 unique=8
step=03467 loss=0.0000 R=2.600 adv=0.000 unique=8
step=03468 loss=0.0000 R=2.600 adv=0.000 unique=10
step=03469 loss=0.0000 R=2.600 adv=0.000 unique=7
step=03470 loss=0.0000 R=2.600 adv=0.000 unique=7
step=03471 loss=0.0000 R=2.600 adv=0.000 unique=7
step=03472 loss=0.0000 R=2.600 adv=0.000 unique=7
step=03473 loss=0.0000 R=2.600 adv=0.000 unique=7
step=03474 loss=0.0000 R=2.600 adv=0.000 unique=6
step=03475 loss=0.0000 R=2.600 adv=0.000 unique=7
step=03476 loss=0.0000 R=2.600 adv=0.000 unique=7
step=03477 loss=0.0000 R=2.600 adv=0.000 unique=6
step=03478 loss=0.0000 R=2.600 adv=0.000 unique=7
step=03479 loss=0.0000 R=2.600 adv=0.000 unique=8
step=03480 loss=0.0000 R=2.600 adv=0.000 unique=8
step=03481 loss=0.0000 R=2.600 adv=0.000 unique=9
step=03482 loss=0.0000 R=2.600 adv=0.000 unique=6
step=03483 loss=0.0000 R=2.600 adv=0.000 unique=9
step=03484 loss=0.0000 R=2.600 adv=0.000 unique=7
step=03485 loss=0.0000 R=2.600 adv=0.000 unique=7
step=03486 loss=0.0000 R=2.600 adv=0.000 unique=7
step=03487 loss=0.0000 R=2.600 adv=0.000 unique=8
step=03488 loss=0.0000 R=2.600 adv=0.000 unique=7
step=03489 loss=0.0000 R=2.600 adv=0.000 unique=7
step=03490 loss=0.0000 R=2.600 adv=0.000 unique=8
step=03491 loss=0.0000 R=2.600 adv=0.000 unique=7
step=03492 loss=0.0000 R=2.600 adv=0.000 unique=8
step=03493 loss=0.0000 R=2.600 adv=0.000 unique=9
step=03494 loss=0.0000 R=2.600 adv=0.000 unique=7
step=03495 loss=0.0000 R=2.600 adv=0.000 unique=8
step=03496 loss=0.0000 R=2.600 adv=0.000 unique=8
step=03497 loss=0.0000 R=2.600 adv=0.000 unique=6
step=03498 loss=0.0000 R=2.600 adv=0.000 unique=5
step=03499 loss=0.0000 R=2.600 adv=0.000 unique=8
step=03500 loss=0.0000 R=2.600 adv=0.000 unique=8
step=03501 loss=0.0000 R=2.600 adv=0.000 unique=9
step=03502 loss=0.0000 R=2.600 adv=0.000 unique=9
step=03503 loss=0.0000 R=2.600 adv=0.000 unique=7
step=03504 loss=0.0000 R=2.600 adv=0.000 unique=11
step=03505 loss=0.0000 R=2.600 adv=0.000 unique=7
step=03506 loss=0.0000 R=2.600 adv=0.000 unique=9
step=03507 loss=0.0000 R=2.600 adv=0.000 unique=5
step=03508 loss=0.0000 R=2.600 adv=0.000 unique=7
step=03509 loss=0.0000 R=2.600 adv=0.000 unique=9
step=03510 loss=0.0000 R=2.600 adv=0.000 unique=8
step=03511 loss=0.0000 R=2.600 adv=0.000 unique=7
step=03512 loss=0.0000 R=2.600 adv=0.000 unique=7
step=03513 loss=0.0000 R=2.600 adv=0.000 unique=8
step=03514 loss=0.0000 R=2.600 adv=0.000 unique=8
step=03515 loss=0.0000 R=2.600 adv=0.000 unique=8
step=03516 loss=0.0000 R=2.600 adv=0.000 unique=10
step=03517 loss=0.0000 R=2.600 adv=0.000 unique=7
step=03518 loss=0.0000 R=2.600 adv=0.000 unique=7
step=03519 loss=0.0000 R=2.600 adv=0.000 unique=8
step=03520 loss=0.0000 R=2.600 adv=0.000 unique=8
step=03521 loss=0.0000 R=2.600 adv=0.000 unique=5
step=03522 loss=0.0000 R=2.600 adv=0.000 unique=10
step=03523 loss=0.0000 R=2.600 adv=0.000 unique=8
step=03524 loss=0.0000 R=2.600 adv=0.000 unique=9
step=03525 loss=0.0000 R=2.600 adv=0.000 unique=8
step=03526 loss=0.0000 R=2.600 adv=0.000 unique=10
step=03527 loss=0.0000 R=2.600 adv=0.000 unique=6
step=03528 loss=0.0000 R=2.600 adv=0.000 unique=7
step=03529 loss=0.0000 R=2.600 adv=0.000 unique=6
step=03530 loss=0.0000 R=2.600 adv=0.000 unique=5
step=03531 loss=0.0000 R=2.600 adv=0.000 unique=7
step=03532 loss=0.0000 R=2.600 adv=0.000 unique=8
step=03533 loss=0.0000 R=2.600 adv=0.000 unique=6
step=03534 loss=0.0000 R=2.600 adv=0.000 unique=8
step=03535 loss=0.0000 R=2.600 adv=0.000 unique=8
step=03536 loss=0.0000 R=2.600 adv=0.000 unique=7
step=03537 loss=0.0000 R=2.600 adv=0.000 unique=8
step=03538 loss=0.0000 R=2.600 adv=0.000 unique=8
step=03539 loss=0.0000 R=2.600 adv=0.000 unique=6
step=03540 loss=0.0000 R=2.600 adv=0.000 unique=9
step=03541 loss=0.0000 R=2.600 adv=0.000 unique=7
step=03542 loss=0.0000 R=2.600 adv=0.000 unique=7
step=03543 loss=0.0000 R=2.600 adv=0.000 unique=7
step=03544 loss=0.0000 R=2.600 adv=0.000 unique=8
step=03545 loss=0.0000 R=2.600 adv=0.000 unique=8
step=03546 loss=0.0000 R=2.600 adv=0.000 unique=8
step=03547 loss=0.0000 R=2.600 adv=0.000 unique=7
step=03548 loss=0.0000 R=2.600 adv=0.000 unique=8
step=03549 loss=0.0000 R=2.600 adv=0.000 unique=8
step=03550 loss=0.0000 R=2.600 adv=0.000 unique=8
step=03551 loss=0.0000 R=2.600 adv=0.000 unique=8
step=03552 loss=0.0000 R=2.600 adv=0.000 unique=9
step=03553 loss=0.0000 R=2.600 adv=0.000 unique=8
step=03554 loss=0.0000 R=2.600 adv=0.000 unique=7
step=03555 loss=0.0000 R=2.600 adv=0.000 unique=6
step=03556 loss=0.0000 R=2.600 adv=0.000 unique=7
step=03557 loss=0.0000 R=2.600 adv=0.000 unique=8
step=03558 loss=0.0000 R=2.600 adv=0.000 unique=6
step=03559 loss=0.0000 R=2.600 adv=0.000 unique=6
step=03560 loss=0.0000 R=2.600 adv=0.000 unique=6
step=03561 loss=0.0000 R=2.600 adv=0.000 unique=6
step=03562 loss=0.0000 R=2.600 adv=0.000 unique=8
step=03563 loss=0.0000 R=2.600 adv=0.000 unique=8
step=03564 loss=0.0000 R=2.600 adv=0.000 unique=8
step=03565 loss=0.0000 R=2.600 adv=0.000 unique=8
step=03566 loss=0.0000 R=2.600 adv=0.000 unique=7
step=03567 loss=0.0000 R=2.600 adv=0.000 unique=8
step=03568 loss=0.0000 R=2.600 adv=0.000 unique=9
step=03569 loss=0.0000 R=2.600 adv=0.000 unique=8
step=03570 loss=0.0000 R=2.600 adv=0.000 unique=7
step=03571 loss=0.0000 R=2.600 adv=0.000 unique=6
step=03572 loss=0.0000 R=2.600 adv=0.000 unique=7
step=03573 loss=0.0000 R=2.600 adv=0.000 unique=7
step=03574 loss=0.0000 R=2.600 adv=0.000 unique=6
step=03575 loss=0.0000 R=2.600 adv=0.000 unique=8
step=03576 loss=0.0000 R=2.600 adv=0.000 unique=10
step=03577 loss=0.0000 R=2.600 adv=0.000 unique=8
step=03578 loss=0.0000 R=2.600 adv=0.000 unique=8
step=03579 loss=0.0000 R=2.600 adv=0.000 unique=9
step=03580 loss=0.0000 R=2.600 adv=0.000 unique=7
step=03581 loss=0.0000 R=2.600 adv=0.000 unique=7
step=03582 loss=0.0000 R=2.600 adv=0.000 unique=7
step=03583 loss=0.0000 R=2.600 adv=0.000 unique=6
step=03584 loss=0.0000 R=2.600 adv=0.000 unique=6
step=03585 loss=0.0000 R=2.600 adv=0.000 unique=8
step=03586 loss=0.0000 R=2.600 adv=0.000 unique=6
step=03587 loss=0.0000 R=2.600 adv=0.000 unique=7
step=03588 loss=0.0000 R=2.600 adv=0.000 unique=8
step=03589 loss=0.0000 R=2.600 adv=0.000 unique=8
step=03590 loss=0.0000 R=2.600 adv=0.000 unique=9
step=03591 loss=0.0000 R=2.600 adv=0.000 unique=7
step=03592 loss=0.0000 R=2.600 adv=0.000 unique=7
step=03593 loss=0.0000 R=2.600 adv=0.000 unique=7
step=03594 loss=0.0000 R=2.600 adv=0.000 unique=8
step=03595 loss=0.0000 R=2.600 adv=0.000 unique=10
step=03596 loss=0.0000 R=2.600 adv=0.000 unique=7
step=03597 loss=0.0000 R=2.600 adv=0.000 unique=7
step=03598 loss=0.0000 R=2.600 adv=0.000 unique=6
step=03599 loss=0.0000 R=2.600 adv=0.000 unique=6
step=03600 loss=0.0000 R=2.600 adv=0.000 unique=7
step=03601 loss=0.0000 R=2.600 adv=0.000 unique=11
step=03602 loss=0.0000 R=2.600 adv=0.000 unique=8
step=03603 loss=0.0000 R=2.600 adv=0.000 unique=7
step=03604 loss=0.0000 R=2.600 adv=0.000 unique=9
step=03605 loss=0.0000 R=2.600 adv=0.000 unique=7
step=03606 loss=0.0000 R=2.600 adv=0.000 unique=7
step=03607 loss=0.0000 R=2.600 adv=0.000 unique=8
step=03608 loss=0.0000 R=2.600 adv=0.000 unique=7
step=03609 loss=0.0000 R=2.600 adv=0.000 unique=9
step=03610 loss=0.0000 R=2.600 adv=0.000 unique=7
step=03611 loss=0.0000 R=2.600 adv=0.000 unique=7
step=03612 loss=0.0000 R=2.600 adv=0.000 unique=7
step=03613 loss=0.0000 R=2.600 adv=0.000 unique=8
step=03614 loss=0.0000 R=2.600 adv=0.000 unique=7
step=03615 loss=0.0000 R=2.600 adv=0.000 unique=6
step=03616 loss=0.0000 R=2.600 adv=0.000 unique=5
step=03617 loss=0.0000 R=2.600 adv=0.000 unique=7
step=03618 loss=0.0000 R=2.600 adv=0.000 unique=10
step=03619 loss=0.0000 R=2.600 adv=0.000 unique=9
step=03620 loss=0.0000 R=2.600 adv=0.000 unique=7
step=03621 loss=0.0000 R=2.600 adv=0.000 unique=8
step=03622 loss=0.0000 R=2.600 adv=0.000 unique=7
step=03623 loss=0.0000 R=2.600 adv=0.000 unique=7
step=03624 loss=0.0000 R=2.600 adv=0.000 unique=8
step=03625 loss=0.0000 R=2.600 adv=0.000 unique=10
step=03626 loss=0.0000 R=2.600 adv=0.000 unique=8
step=03627 loss=0.0000 R=2.600 adv=0.000 unique=6
step=03628 loss=0.0000 R=2.600 adv=0.000 unique=9
step=03629 loss=0.0000 R=2.600 adv=0.000 unique=6
step=03630 loss=0.0000 R=2.600 adv=0.000 unique=8
step=03631 loss=0.0000 R=2.600 adv=0.000 unique=7
step=03632 loss=0.0000 R=2.600 adv=0.000 unique=8
step=03633 loss=0.0000 R=2.600 adv=0.000 unique=9
step=03634 loss=0.0000 R=2.600 adv=0.000 unique=8
step=03635 loss=0.0000 R=2.600 adv=0.000 unique=7
step=03636 loss=0.0000 R=2.600 adv=0.000 unique=6
step=03637 loss=0.0000 R=2.600 adv=0.000 unique=9
step=03638 loss=0.0000 R=2.600 adv=0.000 unique=9
step=03639 loss=0.0000 R=2.600 adv=0.000 unique=6
step=03640 loss=0.0000 R=2.600 adv=0.000 unique=7
step=03641 loss=0.0000 R=2.600 adv=0.000 unique=9
step=03642 loss=0.0000 R=2.600 adv=0.000 unique=7
step=03643 loss=0.0000 R=2.600 adv=0.000 unique=8
step=03644 loss=0.0000 R=2.600 adv=0.000 unique=8
step=03645 loss=0.0000 R=2.600 adv=0.000 unique=8
step=03646 loss=0.0000 R=2.600 adv=0.000 unique=7
step=03647 loss=0.0000 R=2.600 adv=0.000 unique=6
step=03648 loss=0.0000 R=2.600 adv=0.000 unique=9
step=03649 loss=0.0000 R=2.600 adv=0.000 unique=8
step=03650 loss=0.0000 R=2.600 adv=0.000 unique=7
step=03651 loss=0.0000 R=2.600 adv=0.000 unique=6
step=03652 loss=0.0000 R=2.600 adv=0.000 unique=8
step=03653 loss=0.0000 R=2.600 adv=0.000 unique=8
step=03654 loss=0.0000 R=2.600 adv=0.000 unique=4
step=03655 loss=0.0000 R=2.600 adv=0.000 unique=6
step=03656 loss=0.0000 R=2.600 adv=0.000 unique=9
step=03657 loss=0.0000 R=2.600 adv=0.000 unique=9
step=03658 loss=0.0000 R=2.600 adv=0.000 unique=7
step=03659 loss=0.0000 R=2.600 adv=0.000 unique=8
step=03660 loss=0.0000 R=2.600 adv=0.000 unique=9
step=03661 loss=0.0000 R=2.600 adv=0.000 unique=8
step=03662 loss=0.0000 R=2.600 adv=0.000 unique=9
step=03663 loss=0.0000 R=2.600 adv=0.000 unique=7
step=03664 loss=0.0000 R=2.600 adv=0.000 unique=6
step=03665 loss=0.0000 R=2.600 adv=0.000 unique=6
step=03666 loss=0.0000 R=2.600 adv=0.000 unique=8
step=03667 loss=0.0000 R=2.600 adv=0.000 unique=7
step=03668 loss=0.0000 R=2.600 adv=0.000 unique=7
step=03669 loss=0.0000 R=2.600 adv=0.000 unique=8
step=03670 loss=0.0000 R=2.600 adv=0.000 unique=7
step=03671 loss=0.0000 R=2.600 adv=0.000 unique=9
step=03672 loss=0.0000 R=2.600 adv=0.000 unique=9
step=03673 loss=0.0000 R=2.600 adv=0.000 unique=11
step=03674 loss=0.0000 R=2.600 adv=0.000 unique=7
step=03675 loss=0.0000 R=2.600 adv=0.000 unique=9
step=03676 loss=0.0000 R=2.600 adv=0.000 unique=6
step=03677 loss=0.0000 R=2.600 adv=0.000 unique=7
step=03678 loss=0.0000 R=2.600 adv=0.000 unique=8
step=03679 loss=0.0000 R=2.600 adv=0.000 unique=8
step=03680 loss=0.0000 R=2.600 adv=0.000 unique=8
step=03681 loss=0.0000 R=2.600 adv=0.000 unique=9
step=03682 loss=0.0000 R=2.600 adv=0.000 unique=6
step=03683 loss=0.0000 R=2.600 adv=0.000 unique=9
step=03684 loss=0.0000 R=2.600 adv=0.000 unique=7
step=03685 loss=0.0000 R=2.600 adv=0.000 unique=8
step=03686 loss=0.0000 R=2.600 adv=0.000 unique=8
step=03687 loss=0.0000 R=2.600 adv=0.000 unique=7
step=03688 loss=0.0000 R=2.600 adv=0.000 unique=7
step=03689 loss=0.0000 R=2.600 adv=0.000 unique=6
step=03690 loss=0.0000 R=2.600 adv=0.000 unique=7
step=03691 loss=0.0000 R=2.600 adv=0.000 unique=9
step=03692 loss=0.0000 R=2.600 adv=0.000 unique=10
step=03693 loss=0.0000 R=2.600 adv=0.000 unique=9
step=03694 loss=0.0000 R=2.600 adv=0.000 unique=9
step=03695 loss=0.0000 R=2.600 adv=0.000 unique=7
step=03696 loss=0.0000 R=2.600 adv=0.000 unique=6
step=03697 loss=0.0000 R=2.600 adv=0.000 unique=8
step=03698 loss=0.0000 R=2.600 adv=0.000 unique=8
step=03699 loss=0.0000 R=2.600 adv=0.000 unique=10
step=03700 loss=0.0000 R=2.600 adv=0.000 unique=7
step=03701 loss=0.0000 R=2.600 adv=0.000 unique=7
step=03702 loss=0.0000 R=2.600 adv=0.000 unique=7
step=03703 loss=0.0000 R=2.600 adv=0.000 unique=7
step=03704 loss=0.0000 R=2.600 adv=0.000 unique=7
step=03705 loss=0.0000 R=2.600 adv=0.000 unique=7
step=03706 loss=0.0000 R=2.600 adv=0.000 unique=7
step=03707 loss=0.0000 R=2.600 adv=0.000 unique=8
step=03708 loss=0.0000 R=2.600 adv=0.000 unique=6
step=03709 loss=0.0000 R=2.600 adv=0.000 unique=5
step=03710 loss=0.0000 R=2.600 adv=0.000 unique=7
step=03711 loss=0.0000 R=2.600 adv=0.000 unique=7
step=03712 loss=0.0000 R=2.600 adv=0.000 unique=7
step=03713 loss=0.0000 R=2.600 adv=0.000 unique=7
step=03714 loss=0.0000 R=2.600 adv=0.000 unique=7
step=03715 loss=0.0000 R=2.600 adv=0.000 unique=6
step=03716 loss=0.0000 R=2.600 adv=0.000 unique=5
step=03717 loss=0.0000 R=2.600 adv=0.000 unique=7
step=03718 loss=0.0000 R=2.600 adv=0.000 unique=8
step=03719 loss=0.0000 R=2.600 adv=0.000 unique=8
step=03720 loss=0.0000 R=2.600 adv=0.000 unique=8
step=03721 loss=0.0000 R=2.600 adv=0.000 unique=7
step=03722 loss=0.0000 R=2.600 adv=0.000 unique=6
step=03723 loss=0.0000 R=2.600 adv=0.000 unique=9
step=03724 loss=0.0000 R=2.600 adv=0.000 unique=7
step=03725 loss=0.0000 R=2.600 adv=0.000 unique=8
step=03726 loss=0.0000 R=2.600 adv=0.000 unique=8
step=03727 loss=0.0000 R=2.600 adv=0.000 unique=7
step=03728 loss=0.0000 R=2.600 adv=0.000 unique=11
step=03729 loss=0.0000 R=2.600 adv=0.000 unique=7
step=03730 loss=0.0000 R=2.600 adv=0.000 unique=7
step=03731 loss=0.0000 R=2.600 adv=0.000 unique=7
step=03732 loss=0.0000 R=2.600 adv=0.000 unique=5
step=03733 loss=0.0000 R=2.600 adv=0.000 unique=10
step=03734 loss=0.0000 R=2.600 adv=0.000 unique=7
step=03735 loss=0.0000 R=2.600 adv=0.000 unique=8
step=03736 loss=0.0000 R=2.600 adv=0.000 unique=8
step=03737 loss=0.0000 R=2.600 adv=0.000 unique=6
step=03738 loss=0.0000 R=2.600 adv=0.000 unique=6
step=03739 loss=0.0000 R=2.600 adv=0.000 unique=7
step=03740 loss=0.0000 R=2.600 adv=0.000 unique=10
step=03741 loss=0.0000 R=2.600 adv=0.000 unique=6
step=03742 loss=0.0000 R=2.600 adv=0.000 unique=6
step=03743 loss=0.0000 R=2.600 adv=0.000 unique=7
step=03744 loss=0.0000 R=2.600 adv=0.000 unique=7
step=03745 loss=0.0000 R=2.600 adv=0.000 unique=8
step=03746 loss=0.0000 R=2.600 adv=0.000 unique=9
step=03747 loss=0.0000 R=2.600 adv=0.000 unique=7
step=03748 loss=0.0000 R=2.600 adv=0.000 unique=8
step=03749 loss=0.0000 R=2.600 adv=0.000 unique=9
step=03750 loss=0.0000 R=2.600 adv=0.000 unique=7
step=03751 loss=0.0000 R=2.600 adv=0.000 unique=8
step=03752 loss=0.0000 R=2.600 adv=0.000 unique=7
step=03753 loss=0.0000 R=2.600 adv=0.000 unique=7
step=03754 loss=0.0000 R=2.600 adv=0.000 unique=8
step=03755 loss=0.0000 R=2.600 adv=0.000 unique=8
step=03756 loss=0.0000 R=2.600 adv=0.000 unique=8
step=03757 loss=0.0000 R=2.600 adv=0.000 unique=8
step=03758 loss=0.0000 R=2.600 adv=0.000 unique=9
step=03759 loss=0.0000 R=2.600 adv=0.000 unique=6
step=03760 loss=0.0000 R=2.600 adv=0.000 unique=9
step=03761 loss=0.0000 R=2.600 adv=0.000 unique=7
step=03762 loss=0.0000 R=2.600 adv=0.000 unique=7
step=03763 loss=0.0000 R=2.600 adv=0.000 unique=7
step=03764 loss=0.0000 R=2.600 adv=0.000 unique=6
step=03765 loss=0.0000 R=2.600 adv=0.000 unique=8
step=03766 loss=0.0000 R=2.600 adv=0.000 unique=9
step=03767 loss=0.0000 R=2.600 adv=0.000 unique=9
step=03768 loss=0.0000 R=2.600 adv=0.000 unique=8
step=03769 loss=0.0000 R=2.600 adv=0.000 unique=6
step=03770 loss=0.0000 R=2.600 adv=0.000 unique=8
step=03771 loss=0.0000 R=2.600 adv=0.000 unique=10
step=03772 loss=0.0000 R=2.600 adv=0.000 unique=9
step=03773 loss=0.0000 R=2.600 adv=0.000 unique=9
step=03774 loss=0.0000 R=2.600 adv=0.000 unique=7
step=03775 loss=0.0000 R=2.600 adv=0.000 unique=7
step=03776 loss=0.0000 R=2.600 adv=0.000 unique=8
step=03777 loss=0.0000 R=2.600 adv=0.000 unique=6
step=03778 loss=0.0000 R=2.600 adv=0.000 unique=6
step=03779 loss=0.0000 R=2.600 adv=0.000 unique=7
step=03780 loss=0.0000 R=2.600 adv=0.000 unique=6
step=03781 loss=0.0000 R=2.600 adv=0.000 unique=6
step=03782 loss=0.0000 R=2.600 adv=0.000 unique=9
step=03783 loss=0.0000 R=2.600 adv=0.000 unique=8
step=03784 loss=0.0000 R=2.600 adv=0.000 unique=7
step=03785 loss=0.0000 R=2.600 adv=0.000 unique=9
step=03786 loss=0.0000 R=2.600 adv=0.000 unique=10
step=03787 loss=0.0000 R=2.600 adv=0.000 unique=6
step=03788 loss=0.0000 R=2.600 adv=0.000 unique=8
step=03789 loss=0.0000 R=2.600 adv=0.000 unique=5
step=03790 loss=0.0000 R=2.600 adv=0.000 unique=7
step=03791 loss=0.0000 R=2.600 adv=0.000 unique=8
step=03792 loss=0.0000 R=2.600 adv=0.000 unique=8
step=03793 loss=0.0000 R=2.600 adv=0.000 unique=7
step=03794 loss=0.0000 R=2.600 adv=0.000 unique=10
step=03795 loss=0.0000 R=2.600 adv=0.000 unique=10
step=03796 loss=0.0000 R=2.600 adv=0.000 unique=8
step=03797 loss=0.0000 R=2.600 adv=0.000 unique=8
step=03798 loss=0.0000 R=2.600 adv=0.000 unique=9
step=03799 loss=0.0000 R=2.600 adv=0.000 unique=7
step=03800 loss=0.0000 R=2.600 adv=0.000 unique=9
step=03801 loss=0.0000 R=2.600 adv=0.000 unique=7
step=03802 loss=0.0000 R=2.600 adv=0.000 unique=5
step=03803 loss=0.0000 R=2.600 adv=0.000 unique=5
step=03804 loss=0.0000 R=2.600 adv=0.000 unique=9
step=03805 loss=0.0000 R=2.600 adv=0.000 unique=9
step=03806 loss=0.0000 R=2.600 adv=0.000 unique=10
step=03807 loss=0.0000 R=2.600 adv=0.000 unique=9
step=03808 loss=0.0000 R=2.600 adv=0.000 unique=8
step=03809 loss=0.0000 R=2.600 adv=0.000 unique=6
step=03810 loss=0.0000 R=2.600 adv=0.000 unique=9
step=03811 loss=0.0000 R=2.600 adv=0.000 unique=8
step=03812 loss=0.0000 R=2.600 adv=0.000 unique=11
step=03813 loss=0.0000 R=2.600 adv=0.000 unique=8
step=03814 loss=0.0000 R=2.600 adv=0.000 unique=8
step=03815 loss=0.0000 R=2.600 adv=0.000 unique=8
step=03816 loss=0.0000 R=2.600 adv=0.000 unique=8
step=03817 loss=0.0000 R=2.600 adv=0.000 unique=9
step=03818 loss=0.0000 R=2.600 adv=0.000 unique=7
step=03819 loss=0.0000 R=2.600 adv=0.000 unique=6
step=03820 loss=0.0000 R=2.600 adv=0.000 unique=9
step=03821 loss=0.0000 R=2.600 adv=0.000 unique=6
step=03822 loss=0.0000 R=2.600 adv=0.000 unique=8
step=03823 loss=0.0000 R=2.600 adv=0.000 unique=8
step=03824 loss=0.0000 R=2.600 adv=0.000 unique=7
step=03825 loss=0.0000 R=2.600 adv=0.000 unique=8
step=03826 loss=0.0000 R=2.600 adv=0.000 unique=8
step=03827 loss=0.0000 R=2.600 adv=0.000 unique=8
step=03828 loss=0.0000 R=2.600 adv=0.000 unique=7
step=03829 loss=0.0000 R=2.600 adv=0.000 unique=12
step=03830 loss=0.0000 R=2.600 adv=0.000 unique=7
step=03831 loss=0.0000 R=2.600 adv=0.000 unique=11
step=03832 loss=0.0000 R=2.600 adv=0.000 unique=8
step=03833 loss=0.0000 R=2.600 adv=0.000 unique=8
step=03834 loss=0.0000 R=2.600 adv=0.000 unique=10
step=03835 loss=0.0000 R=2.600 adv=0.000 unique=7
step=03836 loss=0.0000 R=2.600 adv=0.000 unique=6
step=03837 loss=0.0000 R=2.600 adv=0.000 unique=8
step=03838 loss=0.0000 R=2.600 adv=0.000 unique=6
step=03839 loss=0.0000 R=2.600 adv=0.000 unique=6
step=03840 loss=0.0000 R=2.600 adv=0.000 unique=7
step=03841 loss=0.0000 R=2.600 adv=0.000 unique=8
step=03842 loss=0.0000 R=2.600 adv=0.000 unique=9
step=03843 loss=0.0000 R=2.600 adv=0.000 unique=9
step=03844 loss=0.0000 R=2.600 adv=0.000 unique=5
step=03845 loss=0.0000 R=2.600 adv=0.000 unique=7
step=03846 loss=0.0000 R=2.600 adv=0.000 unique=7
step=03847 loss=0.0000 R=2.600 adv=0.000 unique=8
step=03848 loss=0.0000 R=2.600 adv=0.000 unique=8
step=03849 loss=0.0000 R=2.600 adv=0.000 unique=8
step=03850 loss=0.0000 R=2.600 adv=0.000 unique=6
step=03851 loss=0.0000 R=2.600 adv=0.000 unique=6
step=03852 loss=0.0000 R=2.600 adv=0.000 unique=6
step=03853 loss=0.0000 R=2.600 adv=0.000 unique=7
step=03854 loss=0.0000 R=2.600 adv=0.000 unique=7
step=03855 loss=0.0000 R=2.600 adv=0.000 unique=9
step=03856 loss=0.0000 R=2.600 adv=0.000 unique=9
step=03857 loss=0.0000 R=2.600 adv=0.000 unique=5
step=03858 loss=0.0000 R=2.600 adv=0.000 unique=9
step=03859 loss=0.0000 R=2.600 adv=0.000 unique=6
step=03860 loss=0.0000 R=2.600 adv=0.000 unique=8
step=03861 loss=0.0000 R=2.600 adv=0.000 unique=8
step=03862 loss=0.0000 R=2.600 adv=0.000 unique=6
step=03863 loss=0.0000 R=2.600 adv=0.000 unique=7
step=03864 loss=0.0000 R=2.600 adv=0.000 unique=8
step=03865 loss=0.0000 R=2.600 adv=0.000 unique=6
step=03866 loss=0.0000 R=2.600 adv=0.000 unique=6
step=03867 loss=0.0000 R=2.600 adv=0.000 unique=7
step=03868 loss=0.0000 R=2.600 adv=0.000 unique=6
step=03869 loss=0.0000 R=2.600 adv=0.000 unique=6
step=03870 loss=0.0000 R=2.600 adv=0.000 unique=8
step=03871 loss=0.0000 R=2.600 adv=0.000 unique=11
step=03872 loss=0.0000 R=2.600 adv=0.000 unique=7
step=03873 loss=0.0000 R=2.600 adv=0.000 unique=6
step=03874 loss=0.0000 R=2.600 adv=0.000 unique=9
step=03875 loss=0.0000 R=2.600 adv=0.000 unique=6
step=03876 loss=0.0000 R=2.600 adv=0.000 unique=8
step=03877 loss=0.0000 R=2.600 adv=0.000 unique=9
step=03878 loss=0.0000 R=2.600 adv=0.000 unique=7
step=03879 loss=0.0000 R=2.600 adv=0.000 unique=8
step=03880 loss=0.0000 R=2.600 adv=0.000 unique=6
step=03881 loss=0.0000 R=2.600 adv=0.000 unique=7
step=03882 loss=0.0000 R=2.600 adv=0.000 unique=9
step=03883 loss=0.0000 R=2.600 adv=0.000 unique=7
step=03884 loss=0.0000 R=2.600 adv=0.000 unique=7
step=03885 loss=0.0000 R=2.600 adv=0.000 unique=7
step=03886 loss=0.0000 R=2.600 adv=0.000 unique=9
step=03887 loss=0.0000 R=2.600 adv=0.000 unique=7
step=03888 loss=0.0000 R=2.600 adv=0.000 unique=9
step=03889 loss=0.0000 R=2.600 adv=0.000 unique=7
step=03890 loss=0.0000 R=2.600 adv=0.000 unique=9
step=03891 loss=0.0000 R=2.600 adv=0.000 unique=6
step=03892 loss=0.0000 R=2.600 adv=0.000 unique=7
step=03893 loss=0.0000 R=2.600 adv=0.000 unique=8
step=03894 loss=0.0000 R=2.600 adv=0.000 unique=8
step=03895 loss=0.0000 R=2.600 adv=0.000 unique=8
step=03896 loss=0.0000 R=2.600 adv=0.000 unique=6
step=03897 loss=0.0000 R=2.600 adv=0.000 unique=8
step=03898 loss=0.0000 R=2.600 adv=0.000 unique=7
step=03899 loss=0.0000 R=2.600 adv=0.000 unique=7
step=03900 loss=0.0000 R=2.600 adv=0.000 unique=6
step=03901 loss=0.0000 R=2.600 adv=0.000 unique=9
step=03902 loss=0.0000 R=2.600 adv=0.000 unique=9
step=03903 loss=0.0000 R=2.600 adv=0.000 unique=9
step=03904 loss=0.0000 R=2.600 adv=0.000 unique=7
step=03905 loss=0.0000 R=2.600 adv=0.000 unique=7
step=03906 loss=0.0000 R=2.600 adv=0.000 unique=9
step=03907 loss=0.0000 R=2.600 adv=0.000 unique=7
step=03908 loss=0.0000 R=2.600 adv=0.000 unique=8
step=03909 loss=0.0000 R=2.600 adv=0.000 unique=6
step=03910 loss=0.0000 R=2.600 adv=0.000 unique=7
step=03911 loss=0.0000 R=2.600 adv=0.000 unique=8
step=03912 loss=0.0000 R=2.600 adv=0.000 unique=7
step=03913 loss=0.0000 R=2.600 adv=0.000 unique=8
step=03914 loss=0.0000 R=2.600 adv=0.000 unique=7
step=03915 loss=0.0000 R=2.600 adv=0.000 unique=9
step=03916 loss=0.0000 R=2.600 adv=0.000 unique=7
step=03917 loss=0.0000 R=2.600 adv=0.000 unique=8
step=03918 loss=0.0000 R=2.600 adv=0.000 unique=7
step=03919 loss=0.0000 R=2.600 adv=0.000 unique=7
step=03920 loss=0.0000 R=2.600 adv=0.000 unique=9
step=03921 loss=0.0000 R=2.600 adv=0.000 unique=6
step=03922 loss=0.0000 R=2.600 adv=0.000 unique=7
step=03923 loss=0.0000 R=2.600 adv=0.000 unique=8
step=03924 loss=0.0000 R=2.600 adv=0.000 unique=9
step=03925 loss=0.0000 R=2.600 adv=0.000 unique=8
step=03926 loss=0.0000 R=2.600 adv=0.000 unique=6
step=03927 loss=0.0000 R=2.600 adv=0.000 unique=9
step=03928 loss=0.0000 R=2.600 adv=0.000 unique=8
step=03929 loss=0.0000 R=2.600 adv=0.000 unique=8
step=03930 loss=0.0000 R=2.600 adv=0.000 unique=8
step=03931 loss=0.0000 R=2.600 adv=0.000 unique=8
step=03932 loss=0.0000 R=2.600 adv=0.000 unique=6
step=03933 loss=0.0000 R=2.600 adv=0.000 unique=11
step=03934 loss=0.0000 R=2.600 adv=0.000 unique=9
step=03935 loss=0.0000 R=2.600 adv=0.000 unique=11
step=03936 loss=0.0000 R=2.600 adv=0.000 unique=8
step=03937 loss=0.0000 R=2.600 adv=0.000 unique=9
step=03938 loss=0.0000 R=2.600 adv=0.000 unique=10
step=03939 loss=0.0000 R=2.600 adv=0.000 unique=7
step=03940 loss=0.0000 R=2.600 adv=0.000 unique=8
step=03941 loss=0.0000 R=2.600 adv=0.000 unique=7
step=03942 loss=0.0000 R=2.600 adv=0.000 unique=7
step=03943 loss=0.0000 R=2.600 adv=0.000 unique=11
step=03944 loss=0.0000 R=2.600 adv=0.000 unique=10
step=03945 loss=0.0000 R=2.600 adv=0.000 unique=7
step=03946 loss=0.0000 R=2.600 adv=0.000 unique=10
step=03947 loss=0.0000 R=2.600 adv=0.000 unique=7
step=03948 loss=0.0000 R=2.600 adv=0.000 unique=5
step=03949 loss=0.0000 R=2.600 adv=0.000 unique=7
step=03950 loss=0.0000 R=2.600 adv=0.000 unique=10
step=03951 loss=0.0000 R=2.600 adv=0.000 unique=6
step=03952 loss=0.0000 R=2.600 adv=0.000 unique=9
step=03953 loss=0.0000 R=2.600 adv=0.000 unique=8
step=03954 loss=0.0000 R=2.600 adv=0.000 unique=6
step=03955 loss=0.0000 R=2.600 adv=0.000 unique=9
step=03956 loss=0.0000 R=2.600 adv=0.000 unique=5
step=03957 loss=0.0000 R=2.600 adv=0.000 unique=6
step=03958 loss=0.0000 R=2.600 adv=0.000 unique=7
step=03959 loss=0.0000 R=2.600 adv=0.000 unique=8
step=03960 loss=0.0000 R=2.600 adv=0.000 unique=7
step=03961 loss=0.0000 R=2.600 adv=0.000 unique=6
step=03962 loss=0.0000 R=2.600 adv=0.000 unique=7
step=03963 loss=0.0000 R=2.600 adv=0.000 unique=7
step=03964 loss=0.0000 R=2.600 adv=0.000 unique=6
step=03965 loss=0.0000 R=2.600 adv=0.000 unique=7
step=03966 loss=0.0000 R=2.600 adv=0.000 unique=9
step=03967 loss=0.0000 R=2.600 adv=0.000 unique=8
step=03968 loss=0.0000 R=2.600 adv=0.000 unique=9
step=03969 loss=0.0000 R=2.600 adv=0.000 unique=7
step=03970 loss=0.0000 R=2.600 adv=0.000 unique=6
step=03971 loss=0.0000 R=2.600 adv=0.000 unique=8
step=03972 loss=0.0000 R=2.600 adv=0.000 unique=8
step=03973 loss=0.0000 R=2.600 adv=0.000 unique=7
step=03974 loss=0.0000 R=2.600 adv=0.000 unique=8
step=03975 loss=0.0000 R=2.600 adv=0.000 unique=8
step=03976 loss=0.0000 R=2.600 adv=0.000 unique=8
step=03977 loss=0.0000 R=2.600 adv=0.000 unique=8
step=03978 loss=0.0000 R=2.600 adv=0.000 unique=7
step=03979 loss=0.0000 R=2.600 adv=0.000 unique=7
step=03980 loss=0.0000 R=2.600 adv=0.000 unique=8
step=03981 loss=0.0000 R=2.600 adv=0.000 unique=8
step=03982 loss=0.0000 R=2.600 adv=0.000 unique=6
step=03983 loss=0.0000 R=2.600 adv=0.000 unique=8
step=03984 loss=0.0000 R=2.600 adv=0.000 unique=9
step=03985 loss=0.0000 R=2.600 adv=0.000 unique=9
step=03986 loss=0.0000 R=2.600 adv=0.000 unique=7
step=03987 loss=0.0000 R=2.600 adv=0.000 unique=6
step=03988 loss=0.0000 R=2.600 adv=0.000 unique=7
step=03989 loss=0.0000 R=2.600 adv=0.000 unique=7
step=03990 loss=0.0000 R=2.600 adv=0.000 unique=8
step=03991 loss=0.0000 R=2.600 adv=0.000 unique=7
step=03992 loss=0.0000 R=2.600 adv=0.000 unique=5
step=03993 loss=0.0000 R=2.600 adv=0.000 unique=5
step=03994 loss=0.0000 R=2.600 adv=0.000 unique=7
step=03995 loss=0.0000 R=2.600 adv=0.000 unique=8
step=03996 loss=0.0000 R=2.600 adv=0.000 unique=7
step=03997 loss=0.0000 R=2.600 adv=0.000 unique=8
step=03998 loss=0.0000 R=2.600 adv=0.000 unique=7
step=03999 loss=0.0000 R=2.600 adv=0.000 unique=7
--- epoch=399 eval L1=1.9340 TV=0.9670 modes=27/4 peak_mass=1.0000
step=04000 loss=0.0000 R=2.600 adv=0.000 unique=8
step=04001 loss=0.0000 R=2.600 adv=0.000 unique=7
step=04002 loss=0.0000 R=2.600 adv=0.000 unique=6
step=04003 loss=0.0000 R=2.600 adv=0.000 unique=7
step=04004 loss=0.0000 R=2.600 adv=0.000 unique=9
step=04005 loss=0.0000 R=2.600 adv=0.000 unique=10
step=04006 loss=0.0000 R=2.600 adv=0.000 unique=8
step=04007 loss=0.0000 R=2.600 adv=0.000 unique=7
step=04008 loss=0.0000 R=2.600 adv=0.000 unique=8
step=04009 loss=0.0000 R=2.600 adv=0.000 unique=8
step=04010 loss=0.0000 R=2.600 adv=0.000 unique=9
step=04011 loss=0.0000 R=2.600 adv=0.000 unique=9
step=04012 loss=0.0000 R=2.600 adv=0.000 unique=7
step=04013 loss=0.0000 R=2.600 adv=0.000 unique=5
step=04014 loss=0.0000 R=2.600 adv=0.000 unique=8
step=04015 loss=0.0000 R=2.600 adv=0.000 unique=8
step=04016 loss=0.0000 R=2.600 adv=0.000 unique=9
step=04017 loss=0.0000 R=2.600 adv=0.000 unique=7
step=04018 loss=0.0000 R=2.600 adv=0.000 unique=7
step=04019 loss=0.0000 R=2.600 adv=0.000 unique=8
step=04020 loss=0.0000 R=2.600 adv=0.000 unique=10
step=04021 loss=0.0000 R=2.600 adv=0.000 unique=8
step=04022 loss=0.0000 R=2.600 adv=0.000 unique=8
step=04023 loss=0.0000 R=2.600 adv=0.000 unique=9
step=04024 loss=0.0000 R=2.600 adv=0.000 unique=9
step=04025 loss=0.0000 R=2.600 adv=0.000 unique=6
step=04026 loss=0.0000 R=2.600 adv=0.000 unique=7
step=04027 loss=0.0000 R=2.600 adv=0.000 unique=6
step=04028 loss=0.0000 R=2.600 adv=0.000 unique=6
step=04029 loss=0.0000 R=2.600 adv=0.000 unique=7
step=04030 loss=0.0000 R=2.600 adv=0.000 unique=7
step=04031 loss=0.0000 R=2.600 adv=0.000 unique=8
step=04032 loss=0.0000 R=2.600 adv=0.000 unique=7
step=04033 loss=0.0000 R=2.600 adv=0.000 unique=7
step=04034 loss=0.0000 R=2.600 adv=0.000 unique=6
step=04035 loss=0.0000 R=2.600 adv=0.000 unique=7
step=04036 loss=0.0000 R=2.600 adv=0.000 unique=5
step=04037 loss=0.0000 R=2.600 adv=0.000 unique=9
step=04038 loss=0.0000 R=2.600 adv=0.000 unique=6
step=04039 loss=0.0000 R=2.600 adv=0.000 unique=8
step=04040 loss=0.0000 R=2.600 adv=0.000 unique=8
step=04041 loss=0.0000 R=2.600 adv=0.000 unique=7
step=04042 loss=0.0000 R=2.600 adv=0.000 unique=7
step=04043 loss=0.0000 R=2.600 adv=0.000 unique=6
step=04044 loss=0.0000 R=2.600 adv=0.000 unique=7
step=04045 loss=0.0000 R=2.600 adv=0.000 unique=7
step=04046 loss=0.0000 R=2.600 adv=0.000 unique=9
step=04047 loss=0.0000 R=2.600 adv=0.000 unique=8
step=04048 loss=0.0000 R=2.600 adv=0.000 unique=6
step=04049 loss=0.0000 R=2.600 adv=0.000 unique=8
step=04050 loss=0.0000 R=2.600 adv=0.000 unique=6
step=04051 loss=0.0000 R=2.600 adv=0.000 unique=8
step=04052 loss=0.0000 R=2.600 adv=0.000 unique=6
step=04053 loss=0.0000 R=2.600 adv=0.000 unique=8
step=04054 loss=0.0000 R=2.600 adv=0.000 unique=8
step=04055 loss=0.0000 R=2.600 adv=0.000 unique=6
step=04056 loss=0.0000 R=2.600 adv=0.000 unique=8
step=04057 loss=0.0000 R=2.600 adv=0.000 unique=6
step=04058 loss=0.0000 R=2.600 adv=0.000 unique=7
step=04059 loss=0.0000 R=2.600 adv=0.000 unique=10
step=04060 loss=0.0000 R=2.600 adv=0.000 unique=8
step=04061 loss=0.0000 R=2.600 adv=0.000 unique=9
step=04062 loss=0.0000 R=2.600 adv=0.000 unique=6
step=04063 loss=0.0000 R=2.600 adv=0.000 unique=8
step=04064 loss=0.0000 R=2.600 adv=0.000 unique=6
step=04065 loss=0.0000 R=2.600 adv=0.000 unique=10
step=04066 loss=0.0000 R=2.600 adv=0.000 unique=7
step=04067 loss=0.0000 R=2.600 adv=0.000 unique=6
step=04068 loss=0.0000 R=2.600 adv=0.000 unique=6
step=04069 loss=0.0000 R=2.600 adv=0.000 unique=8
step=04070 loss=0.0000 R=2.600 adv=0.000 unique=5
step=04071 loss=0.0000 R=2.600 adv=0.000 unique=7
step=04072 loss=0.0000 R=2.600 adv=0.000 unique=9
step=04073 loss=0.0000 R=2.600 adv=0.000 unique=8
step=04074 loss=0.0000 R=2.600 adv=0.000 unique=9
step=04075 loss=0.0000 R=2.600 adv=0.000 unique=9
step=04076 loss=0.0000 R=2.600 adv=0.000 unique=5
step=04077 loss=0.0000 R=2.600 adv=0.000 unique=7
step=04078 loss=0.0000 R=2.600 adv=0.000 unique=6
step=04079 loss=0.0000 R=2.600 adv=0.000 unique=8
step=04080 loss=0.0000 R=2.600 adv=0.000 unique=8
step=04081 loss=0.0000 R=2.600 adv=0.000 unique=8
step=04082 loss=0.0000 R=2.600 adv=0.000 unique=6
step=04083 loss=0.0000 R=2.600 adv=0.000 unique=8
step=04084 loss=0.0000 R=2.600 adv=0.000 unique=8
step=04085 loss=0.0000 R=2.600 adv=0.000 unique=6
step=04086 loss=0.0000 R=2.600 adv=0.000 unique=6
step=04087 loss=0.0000 R=2.600 adv=0.000 unique=7
step=04088 loss=0.0000 R=2.600 adv=0.000 unique=6
step=04089 loss=0.0000 R=2.600 adv=0.000 unique=9
step=04090 loss=0.0000 R=2.600 adv=0.000 unique=5
step=04091 loss=0.0000 R=2.600 adv=0.000 unique=10
step=04092 loss=0.0000 R=2.600 adv=0.000 unique=7
step=04093 loss=0.0000 R=2.600 adv=0.000 unique=5
step=04094 loss=0.0000 R=2.600 adv=0.000 unique=9
step=04095 loss=0.0000 R=2.600 adv=0.000 unique=8
step=04096 loss=0.0000 R=2.600 adv=0.000 unique=8
step=04097 loss=0.0000 R=2.600 adv=0.000 unique=6
step=04098 loss=0.0000 R=2.600 adv=0.000 unique=7
step=04099 loss=0.0000 R=2.600 adv=0.000 unique=7
step=04100 loss=0.0000 R=2.600 adv=0.000 unique=9
step=04101 loss=0.0000 R=2.600 adv=0.000 unique=9
step=04102 loss=0.0000 R=2.600 adv=0.000 unique=7
step=04103 loss=0.0000 R=2.600 adv=0.000 unique=7
step=04104 loss=0.0000 R=2.600 adv=0.000 unique=9
step=04105 loss=0.0000 R=2.600 adv=0.000 unique=8
step=04106 loss=0.0000 R=2.600 adv=0.000 unique=8
step=04107 loss=0.0000 R=2.600 adv=0.000 unique=8
step=04108 loss=0.0000 R=2.600 adv=0.000 unique=8
step=04109 loss=0.0000 R=2.600 adv=0.000 unique=7
step=04110 loss=0.0000 R=2.600 adv=0.000 unique=7
step=04111 loss=0.0000 R=2.600 adv=0.000 unique=5
step=04112 loss=0.0000 R=2.600 adv=0.000 unique=10
step=04113 loss=0.0000 R=2.600 adv=0.000 unique=5
step=04114 loss=0.0000 R=2.600 adv=0.000 unique=7
step=04115 loss=0.0000 R=2.600 adv=0.000 unique=8
step=04116 loss=0.0000 R=2.600 adv=0.000 unique=8
step=04117 loss=0.0000 R=2.600 adv=0.000 unique=7
step=04118 loss=0.0000 R=2.600 adv=0.000 unique=6
step=04119 loss=0.0000 R=2.600 adv=0.000 unique=9
step=04120 loss=0.0000 R=2.600 adv=0.000 unique=8
step=04121 loss=0.0000 R=2.600 adv=0.000 unique=9
step=04122 loss=0.0000 R=2.600 adv=0.000 unique=8
step=04123 loss=0.0000 R=2.600 adv=0.000 unique=5
step=04124 loss=0.0000 R=2.600 adv=0.000 unique=7
step=04125 loss=0.0000 R=2.600 adv=0.000 unique=8
step=04126 loss=0.0000 R=2.600 adv=0.000 unique=8
step=04127 loss=0.0000 R=2.600 adv=0.000 unique=8
step=04128 loss=0.0000 R=2.600 adv=0.000 unique=8
step=04129 loss=0.0000 R=2.600 adv=0.000 unique=7
step=04130 loss=0.0000 R=2.600 adv=0.000 unique=7
step=04131 loss=0.0000 R=2.600 adv=0.000 unique=8
step=04132 loss=0.0000 R=2.600 adv=0.000 unique=5
step=04133 loss=0.0000 R=2.600 adv=0.000 unique=10
step=04134 loss=0.0000 R=2.600 adv=0.000 unique=7
step=04135 loss=0.0000 R=2.600 adv=0.000 unique=7
step=04136 loss=0.0000 R=2.600 adv=0.000 unique=10
step=04137 loss=0.0000 R=2.600 adv=0.000 unique=8
step=04138 loss=0.0000 R=2.600 adv=0.000 unique=9
step=04139 loss=0.0000 R=2.600 adv=0.000 unique=7
step=04140 loss=0.0000 R=2.600 adv=0.000 unique=7
step=04141 loss=0.0000 R=2.600 adv=0.000 unique=7
step=04142 loss=0.0000 R=2.600 adv=0.000 unique=9
step=04143 loss=0.0000 R=2.600 adv=0.000 unique=9
step=04144 loss=0.0000 R=2.600 adv=0.000 unique=7
step=04145 loss=0.0000 R=2.600 adv=0.000 unique=6
step=04146 loss=0.0000 R=2.600 adv=0.000 unique=9
step=04147 loss=0.0000 R=2.600 adv=0.000 unique=8
step=04148 loss=0.0000 R=2.600 adv=0.000 unique=8
step=04149 loss=0.0000 R=2.600 adv=0.000 unique=7
step=04150 loss=0.0000 R=2.600 adv=0.000 unique=9
step=04151 loss=0.0000 R=2.600 adv=0.000 unique=8
step=04152 loss=0.0000 R=2.600 adv=0.000 unique=7
step=04153 loss=0.0000 R=2.600 adv=0.000 unique=8
step=04154 loss=0.0000 R=2.600 adv=0.000 unique=6
step=04155 loss=0.0000 R=2.600 adv=0.000 unique=6
step=04156 loss=0.0000 R=2.600 adv=0.000 unique=9
step=04157 loss=0.0000 R=2.600 adv=0.000 unique=6
step=04158 loss=0.0000 R=2.600 adv=0.000 unique=7
step=04159 loss=0.0000 R=2.600 adv=0.000 unique=7
step=04160 loss=0.0000 R=2.600 adv=0.000 unique=7
step=04161 loss=0.0000 R=2.600 adv=0.000 unique=6
step=04162 loss=0.0000 R=2.600 adv=0.000 unique=7
step=04163 loss=0.0000 R=2.600 adv=0.000 unique=6
step=04164 loss=0.0000 R=2.600 adv=0.000 unique=7
step=04165 loss=0.0000 R=2.600 adv=0.000 unique=9
step=04166 loss=0.0000 R=2.600 adv=0.000 unique=8
step=04167 loss=0.0000 R=2.600 adv=0.000 unique=7
step=04168 loss=0.0000 R=2.600 adv=0.000 unique=7
step=04169 loss=0.0000 R=2.600 adv=0.000 unique=8
step=04170 loss=0.0000 R=2.600 adv=0.000 unique=6
step=04171 loss=0.0000 R=2.600 adv=0.000 unique=7
step=04172 loss=0.0000 R=2.600 adv=0.000 unique=12
step=04173 loss=0.0000 R=2.600 adv=0.000 unique=10
step=04174 loss=0.0000 R=2.600 adv=0.000 unique=8
step=04175 loss=0.0000 R=2.600 adv=0.000 unique=7
step=04176 loss=0.0000 R=2.600 adv=0.000 unique=9
step=04177 loss=0.0000 R=2.600 adv=0.000 unique=7
step=04178 loss=0.0000 R=2.600 adv=0.000 unique=10
step=04179 loss=0.0000 R=2.600 adv=0.000 unique=7
step=04180 loss=0.0000 R=2.600 adv=0.000 unique=8
step=04181 loss=0.0000 R=2.600 adv=0.000 unique=10
step=04182 loss=0.0000 R=2.600 adv=0.000 unique=7
step=04183 loss=0.0000 R=2.600 adv=0.000 unique=8
step=04184 loss=0.0000 R=2.600 adv=0.000 unique=5
step=04185 loss=0.0000 R=2.600 adv=0.000 unique=7
step=04186 loss=0.0000 R=2.600 adv=0.000 unique=5
step=04187 loss=0.0000 R=2.600 adv=0.000 unique=6
step=04188 loss=0.0000 R=2.600 adv=0.000 unique=6
step=04189 loss=0.0000 R=2.600 adv=0.000 unique=8
step=04190 loss=0.0000 R=2.600 adv=0.000 unique=9
step=04191 loss=0.0000 R=2.600 adv=0.000 unique=7
step=04192 loss=0.0000 R=2.600 adv=0.000 unique=8
step=04193 loss=0.0000 R=2.600 adv=0.000 unique=9
step=04194 loss=0.0000 R=2.600 adv=0.000 unique=8
step=04195 loss=0.0000 R=2.600 adv=0.000 unique=8
step=04196 loss=0.0000 R=2.600 adv=0.000 unique=8
step=04197 loss=0.0000 R=2.600 adv=0.000 unique=6
step=04198 loss=0.0000 R=2.600 adv=0.000 unique=10
step=04199 loss=0.0000 R=2.600 adv=0.000 unique=7
step=04200 loss=0.0000 R=2.600 adv=0.000 unique=8
step=04201 loss=0.0000 R=2.600 adv=0.000 unique=7
step=04202 loss=0.0000 R=2.600 adv=0.000 unique=9
step=04203 loss=0.0000 R=2.600 adv=0.000 unique=8
step=04204 loss=0.0000 R=2.600 adv=0.000 unique=6
step=04205 loss=0.0000 R=2.600 adv=0.000 unique=11
step=04206 loss=0.0000 R=2.600 adv=0.000 unique=8
step=04207 loss=0.0000 R=2.600 adv=0.000 unique=8
step=04208 loss=0.0000 R=2.600 adv=0.000 unique=7
step=04209 loss=0.0000 R=2.600 adv=0.000 unique=6
step=04210 loss=0.0000 R=2.600 adv=0.000 unique=7
step=04211 loss=0.0000 R=2.600 adv=0.000 unique=7
step=04212 loss=0.0000 R=2.600 adv=0.000 unique=5
step=04213 loss=0.0000 R=2.600 adv=0.000 unique=7
step=04214 loss=0.0000 R=2.600 adv=0.000 unique=8
step=04215 loss=0.0000 R=2.600 adv=0.000 unique=7
step=04216 loss=0.0000 R=2.600 adv=0.000 unique=8
step=04217 loss=0.0000 R=2.600 adv=0.000 unique=5
step=04218 loss=0.0000 R=2.600 adv=0.000 unique=8
step=04219 loss=0.0000 R=2.600 adv=0.000 unique=8
step=04220 loss=0.0000 R=2.600 adv=0.000 unique=8
step=04221 loss=0.0000 R=2.600 adv=0.000 unique=7
step=04222 loss=0.0000 R=2.600 adv=0.000 unique=7
step=04223 loss=0.0000 R=2.600 adv=0.000 unique=9
step=04224 loss=0.0000 R=2.600 adv=0.000 unique=7
step=04225 loss=0.0000 R=2.600 adv=0.000 unique=9
step=04226 loss=0.0000 R=2.600 adv=0.000 unique=6
step=04227 loss=0.0000 R=2.600 adv=0.000 unique=6
step=04228 loss=0.0000 R=2.600 adv=0.000 unique=7
step=04229 loss=0.0000 R=2.600 adv=0.000 unique=8
step=04230 loss=0.0000 R=2.600 adv=0.000 unique=8
step=04231 loss=0.0000 R=2.600 adv=0.000 unique=7
step=04232 loss=0.0000 R=2.600 adv=0.000 unique=8
step=04233 loss=0.0000 R=2.600 adv=0.000 unique=7
step=04234 loss=0.0000 R=2.600 adv=0.000 unique=7
step=04235 loss=0.0000 R=2.600 adv=0.000 unique=9
step=04236 loss=0.0000 R=2.600 adv=0.000 unique=6
step=04237 loss=0.0000 R=2.600 adv=0.000 unique=7
step=04238 loss=0.0000 R=2.600 adv=0.000 unique=8
step=04239 loss=0.0000 R=2.600 adv=0.000 unique=6
step=04240 loss=0.0000 R=2.600 adv=0.000 unique=9
step=04241 loss=0.0000 R=2.600 adv=0.000 unique=9
step=04242 loss=0.0000 R=2.600 adv=0.000 unique=8
step=04243 loss=0.0000 R=2.600 adv=0.000 unique=10
step=04244 loss=0.0000 R=2.600 adv=0.000 unique=6
step=04245 loss=0.0000 R=2.600 adv=0.000 unique=8
step=04246 loss=0.0000 R=2.600 adv=0.000 unique=8
step=04247 loss=0.0000 R=2.600 adv=0.000 unique=6
step=04248 loss=0.0000 R=2.600 adv=0.000 unique=6
step=04249 loss=0.0000 R=2.600 adv=0.000 unique=8
step=04250 loss=0.0000 R=2.600 adv=0.000 unique=8
step=04251 loss=0.0000 R=2.600 adv=0.000 unique=7
step=04252 loss=0.0000 R=2.600 adv=0.000 unique=7
step=04253 loss=0.0000 R=2.600 adv=0.000 unique=5
step=04254 loss=0.0000 R=2.600 adv=0.000 unique=5
step=04255 loss=0.0000 R=2.600 adv=0.000 unique=7
step=04256 loss=0.0000 R=2.600 adv=0.000 unique=7
step=04257 loss=0.0000 R=2.600 adv=0.000 unique=5
step=04258 loss=0.0000 R=2.600 adv=0.000 unique=7
step=04259 loss=0.0000 R=2.600 adv=0.000 unique=9
step=04260 loss=0.0000 R=2.600 adv=0.000 unique=8
step=04261 loss=0.0000 R=2.600 adv=0.000 unique=7
step=04262 loss=0.0000 R=2.600 adv=0.000 unique=9
step=04263 loss=0.0000 R=2.600 adv=0.000 unique=9
step=04264 loss=0.0000 R=2.600 adv=0.000 unique=8
step=04265 loss=0.0000 R=2.600 adv=0.000 unique=7
step=04266 loss=0.0000 R=2.600 adv=0.000 unique=8
step=04267 loss=0.0000 R=2.600 adv=0.000 unique=8
step=04268 loss=0.0000 R=2.600 adv=0.000 unique=8
step=04269 loss=0.0000 R=2.600 adv=0.000 unique=7
step=04270 loss=0.0000 R=2.600 adv=0.000 unique=9
step=04271 loss=0.0000 R=2.600 adv=0.000 unique=6
step=04272 loss=0.0000 R=2.600 adv=0.000 unique=8
step=04273 loss=0.0000 R=2.600 adv=0.000 unique=10
step=04274 loss=0.0000 R=2.600 adv=0.000 unique=7
step=04275 loss=0.0000 R=2.600 adv=0.000 unique=8
step=04276 loss=0.0000 R=2.600 adv=0.000 unique=9
step=04277 loss=0.0000 R=2.600 adv=0.000 unique=7
step=04278 loss=0.0000 R=2.600 adv=0.000 unique=8
step=04279 loss=0.0000 R=2.600 adv=0.000 unique=7
step=04280 loss=0.0000 R=2.600 adv=0.000 unique=8
step=04281 loss=0.0000 R=2.600 adv=0.000 unique=8
step=04282 loss=0.0000 R=2.600 adv=0.000 unique=5
step=04283 loss=0.0000 R=2.600 adv=0.000 unique=11
step=04284 loss=0.0000 R=2.600 adv=0.000 unique=7
step=04285 loss=0.0000 R=2.600 adv=0.000 unique=8
step=04286 loss=0.0000 R=2.600 adv=0.000 unique=7
step=04287 loss=0.0000 R=2.600 adv=0.000 unique=9
step=04288 loss=0.0000 R=2.600 adv=0.000 unique=6
step=04289 loss=0.0000 R=2.600 adv=0.000 unique=9
step=04290 loss=0.0000 R=2.600 adv=0.000 unique=8
step=04291 loss=0.0000 R=2.600 adv=0.000 unique=5
step=04292 loss=0.0000 R=2.600 adv=0.000 unique=7
step=04293 loss=0.0000 R=2.600 adv=0.000 unique=9
step=04294 loss=0.0000 R=2.600 adv=0.000 unique=8
step=04295 loss=0.0000 R=2.600 adv=0.000 unique=7
step=04296 loss=0.0000 R=2.600 adv=0.000 unique=9
step=04297 loss=0.0000 R=2.600 adv=0.000 unique=4
step=04298 loss=0.0000 R=2.600 adv=0.000 unique=5
step=04299 loss=0.0000 R=2.600 adv=0.000 unique=8
step=04300 loss=0.0000 R=2.600 adv=0.000 unique=8
step=04301 loss=0.0000 R=2.600 adv=0.000 unique=6
step=04302 loss=0.0000 R=2.600 adv=0.000 unique=8
step=04303 loss=0.0000 R=2.600 adv=0.000 unique=9
step=04304 loss=0.0000 R=2.600 adv=0.000 unique=5
step=04305 loss=0.0000 R=2.600 adv=0.000 unique=8
step=04306 loss=0.0000 R=2.600 adv=0.000 unique=8
step=04307 loss=0.0000 R=2.600 adv=0.000 unique=8
step=04308 loss=0.0000 R=2.600 adv=0.000 unique=10
step=04309 loss=0.0000 R=2.600 adv=0.000 unique=9
step=04310 loss=0.0000 R=2.600 adv=0.000 unique=9
step=04311 loss=0.0000 R=2.600 adv=0.000 unique=7
step=04312 loss=0.0000 R=2.600 adv=0.000 unique=8
step=04313 loss=0.0000 R=2.600 adv=0.000 unique=9
step=04314 loss=0.0000 R=2.600 adv=0.000 unique=8
step=04315 loss=0.0000 R=2.600 adv=0.000 unique=8
step=04316 loss=0.0000 R=2.600 adv=0.000 unique=8
step=04317 loss=0.0000 R=2.600 adv=0.000 unique=7
step=04318 loss=0.0000 R=2.600 adv=0.000 unique=6
step=04319 loss=0.0000 R=2.600 adv=0.000 unique=8
step=04320 loss=0.0000 R=2.600 adv=0.000 unique=9
step=04321 loss=0.0000 R=2.600 adv=0.000 unique=8
step=04322 loss=0.0000 R=2.600 adv=0.000 unique=10
step=04323 loss=0.0000 R=2.600 adv=0.000 unique=7
step=04324 loss=0.0000 R=2.600 adv=0.000 unique=6
step=04325 loss=0.0000 R=2.600 adv=0.000 unique=7
step=04326 loss=0.0000 R=2.600 adv=0.000 unique=7
step=04327 loss=0.0000 R=2.600 adv=0.000 unique=7
step=04328 loss=0.0000 R=2.600 adv=0.000 unique=8
step=04329 loss=0.0000 R=2.600 adv=0.000 unique=6
step=04330 loss=0.0000 R=2.600 adv=0.000 unique=7
step=04331 loss=0.0000 R=2.600 adv=0.000 unique=7
step=04332 loss=0.0000 R=2.600 adv=0.000 unique=7
step=04333 loss=0.0000 R=2.600 adv=0.000 unique=9
step=04334 loss=0.0000 R=2.600 adv=0.000 unique=8
step=04335 loss=0.0000 R=2.600 adv=0.000 unique=10
step=04336 loss=0.0000 R=2.600 adv=0.000 unique=8
step=04337 loss=0.0000 R=2.600 adv=0.000 unique=9
step=04338 loss=0.0000 R=2.600 adv=0.000 unique=6
step=04339 loss=0.0000 R=2.600 adv=0.000 unique=10
step=04340 loss=0.0000 R=2.600 adv=0.000 unique=7
step=04341 loss=0.0000 R=2.600 adv=0.000 unique=10
step=04342 loss=0.0000 R=2.600 adv=0.000 unique=8
step=04343 loss=0.0000 R=2.600 adv=0.000 unique=7
step=04344 loss=0.0000 R=2.600 adv=0.000 unique=9
step=04345 loss=0.0000 R=2.600 adv=0.000 unique=6
step=04346 loss=0.0000 R=2.600 adv=0.000 unique=9
step=04347 loss=0.0000 R=2.600 adv=0.000 unique=7
step=04348 loss=0.0000 R=2.600 adv=0.000 unique=5
step=04349 loss=0.0000 R=2.600 adv=0.000 unique=8
step=04350 loss=0.0000 R=2.600 adv=0.000 unique=5
step=04351 loss=0.0000 R=2.600 adv=0.000 unique=7
step=04352 loss=0.0000 R=2.600 adv=0.000 unique=5
step=04353 loss=0.0000 R=2.600 adv=0.000 unique=8
step=04354 loss=0.0000 R=2.600 adv=0.000 unique=7
step=04355 loss=0.0000 R=2.600 adv=0.000 unique=7
step=04356 loss=0.0000 R=2.600 adv=0.000 unique=10
step=04357 loss=0.0000 R=2.600 adv=0.000 unique=11
step=04358 loss=0.0000 R=2.600 adv=0.000 unique=8
step=04359 loss=0.0000 R=2.600 adv=0.000 unique=9
step=04360 loss=0.0000 R=2.600 adv=0.000 unique=10
step=04361 loss=0.0000 R=2.600 adv=0.000 unique=9
step=04362 loss=0.0000 R=2.600 adv=0.000 unique=6
step=04363 loss=0.0000 R=2.600 adv=0.000 unique=6
step=04364 loss=0.0000 R=2.600 adv=0.000 unique=8
step=04365 loss=0.0000 R=2.600 adv=0.000 unique=9
step=04366 loss=0.0000 R=2.600 adv=0.000 unique=5
step=04367 loss=0.0000 R=2.600 adv=0.000 unique=10
step=04368 loss=0.0000 R=2.600 adv=0.000 unique=8
step=04369 loss=0.0000 R=2.600 adv=0.000 unique=5
step=04370 loss=0.0000 R=2.600 adv=0.000 unique=9
step=04371 loss=0.0000 R=2.600 adv=0.000 unique=6
step=04372 loss=0.0000 R=2.600 adv=0.000 unique=9
step=04373 loss=0.0000 R=2.600 adv=0.000 unique=7
step=04374 loss=0.0000 R=2.600 adv=0.000 unique=8
step=04375 loss=0.0000 R=2.600 adv=0.000 unique=6
step=04376 loss=0.0000 R=2.600 adv=0.000 unique=7
step=04377 loss=0.0000 R=2.600 adv=0.000 unique=5
step=04378 loss=0.0000 R=2.600 adv=0.000 unique=6
step=04379 loss=0.0000 R=2.600 adv=0.000 unique=10
step=04380 loss=0.0000 R=2.600 adv=0.000 unique=8
step=04381 loss=0.0000 R=2.600 adv=0.000 unique=8
step=04382 loss=0.0000 R=2.600 adv=0.000 unique=8
step=04383 loss=0.0000 R=2.600 adv=0.000 unique=7
step=04384 loss=0.0000 R=2.600 adv=0.000 unique=8
step=04385 loss=0.0000 R=2.600 adv=0.000 unique=6
step=04386 loss=0.0000 R=2.600 adv=0.000 unique=8
step=04387 loss=0.0000 R=2.600 adv=0.000 unique=6
step=04388 loss=0.0000 R=2.600 adv=0.000 unique=8
step=04389 loss=0.0000 R=2.600 adv=0.000 unique=8
step=04390 loss=0.0000 R=2.600 adv=0.000 unique=8
step=04391 loss=0.0000 R=2.600 adv=0.000 unique=7
step=04392 loss=0.0000 R=2.600 adv=0.000 unique=8
step=04393 loss=0.0000 R=2.600 adv=0.000 unique=6
step=04394 loss=0.0000 R=2.600 adv=0.000 unique=6
step=04395 loss=0.0000 R=2.600 adv=0.000 unique=7
step=04396 loss=0.0000 R=2.600 adv=0.000 unique=7
step=04397 loss=0.0000 R=2.600 adv=0.000 unique=7
step=04398 loss=0.0000 R=2.600 adv=0.000 unique=8
step=04399 loss=0.0000 R=2.600 adv=0.000 unique=6
step=04400 loss=0.0000 R=2.600 adv=0.000 unique=7
step=04401 loss=0.0000 R=2.600 adv=0.000 unique=9
step=04402 loss=0.0000 R=2.600 adv=0.000 unique=10
step=04403 loss=0.0000 R=2.600 adv=0.000 unique=7
step=04404 loss=0.0000 R=2.600 adv=0.000 unique=7
step=04405 loss=0.0000 R=2.600 adv=0.000 unique=6
step=04406 loss=0.0000 R=2.600 adv=0.000 unique=7
step=04407 loss=0.0000 R=2.600 adv=0.000 unique=8
step=04408 loss=0.0000 R=2.600 adv=0.000 unique=7
step=04409 loss=0.0000 R=2.600 adv=0.000 unique=7
step=04410 loss=0.0000 R=2.600 adv=0.000 unique=7
step=04411 loss=0.0000 R=2.600 adv=0.000 unique=6
step=04412 loss=0.0000 R=2.600 adv=0.000 unique=7
step=04413 loss=0.0000 R=2.600 adv=0.000 unique=7
step=04414 loss=0.0000 R=2.600 adv=0.000 unique=7
step=04415 loss=0.0000 R=2.600 adv=0.000 unique=10
step=04416 loss=0.0000 R=2.600 adv=0.000 unique=8
step=04417 loss=0.0000 R=2.600 adv=0.000 unique=7
step=04418 loss=0.0000 R=2.600 adv=0.000 unique=6
step=04419 loss=0.0000 R=2.600 adv=0.000 unique=6
step=04420 loss=0.0000 R=2.600 adv=0.000 unique=7
step=04421 loss=0.0000 R=2.600 adv=0.000 unique=8
step=04422 loss=0.0000 R=2.600 adv=0.000 unique=6
step=04423 loss=0.0000 R=2.600 adv=0.000 unique=7
step=04424 loss=0.0000 R=2.600 adv=0.000 unique=6
step=04425 loss=0.0000 R=2.600 adv=0.000 unique=7
step=04426 loss=0.0000 R=2.600 adv=0.000 unique=7
step=04427 loss=0.0000 R=2.600 adv=0.000 unique=8
step=04428 loss=0.0000 R=2.600 adv=0.000 unique=10
step=04429 loss=0.0000 R=2.600 adv=0.000 unique=8
step=04430 loss=0.0000 R=2.600 adv=0.000 unique=8
step=04431 loss=0.0000 R=2.600 adv=0.000 unique=9
step=04432 loss=0.0000 R=2.600 adv=0.000 unique=8
step=04433 loss=0.0000 R=2.600 adv=0.000 unique=8
step=04434 loss=0.0000 R=2.600 adv=0.000 unique=8
step=04435 loss=0.0000 R=2.600 adv=0.000 unique=7
step=04436 loss=0.0000 R=2.600 adv=0.000 unique=9
step=04437 loss=0.0000 R=2.600 adv=0.000 unique=8
step=04438 loss=0.0000 R=2.600 adv=0.000 unique=7
step=04439 loss=0.0000 R=2.600 adv=0.000 unique=9
step=04440 loss=0.0000 R=2.600 adv=0.000 unique=9
step=04441 loss=0.0000 R=2.600 adv=0.000 unique=5
step=04442 loss=0.0000 R=2.600 adv=0.000 unique=8
step=04443 loss=0.0000 R=2.600 adv=0.000 unique=8
step=04444 loss=0.0000 R=2.600 adv=0.000 unique=8
step=04445 loss=0.0000 R=2.600 adv=0.000 unique=7
step=04446 loss=0.0000 R=2.600 adv=0.000 unique=9
step=04447 loss=0.0000 R=2.600 adv=0.000 unique=8
step=04448 loss=0.0000 R=2.600 adv=0.000 unique=7
step=04449 loss=0.0000 R=2.600 adv=0.000 unique=8
step=04450 loss=0.0000 R=2.600 adv=0.000 unique=8
step=04451 loss=0.0000 R=2.600 adv=0.000 unique=9
step=04452 loss=0.0000 R=2.600 adv=0.000 unique=7
step=04453 loss=0.0000 R=2.600 adv=0.000 unique=7
step=04454 loss=0.0000 R=2.600 adv=0.000 unique=6
step=04455 loss=0.0000 R=2.600 adv=0.000 unique=8
step=04456 loss=0.0000 R=2.600 adv=0.000 unique=7
step=04457 loss=0.0000 R=2.600 adv=0.000 unique=8
step=04458 loss=0.0000 R=2.600 adv=0.000 unique=9
step=04459 loss=0.0000 R=2.600 adv=0.000 unique=9
step=04460 loss=0.0000 R=2.600 adv=0.000 unique=8
step=04461 loss=0.0000 R=2.600 adv=0.000 unique=8
step=04462 loss=0.0000 R=2.600 adv=0.000 unique=7
step=04463 loss=0.0000 R=2.600 adv=0.000 unique=8
step=04464 loss=0.0000 R=2.600 adv=0.000 unique=6
step=04465 loss=0.0000 R=2.600 adv=0.000 unique=9
step=04466 loss=0.0000 R=2.600 adv=0.000 unique=7
step=04467 loss=0.0000 R=2.600 adv=0.000 unique=7
step=04468 loss=0.0000 R=2.600 adv=0.000 unique=7
step=04469 loss=0.0000 R=2.600 adv=0.000 unique=7
step=04470 loss=0.0000 R=2.600 adv=0.000 unique=6
step=04471 loss=0.0000 R=2.600 adv=0.000 unique=6
step=04472 loss=0.0000 R=2.600 adv=0.000 unique=9
step=04473 loss=0.0000 R=2.600 adv=0.000 unique=8
step=04474 loss=0.0000 R=2.600 adv=0.000 unique=10
step=04475 loss=0.0000 R=2.600 adv=0.000 unique=9
step=04476 loss=0.0000 R=2.600 adv=0.000 unique=7
step=04477 loss=0.0000 R=2.600 adv=0.000 unique=7
step=04478 loss=0.0000 R=2.600 adv=0.000 unique=6
step=04479 loss=0.0000 R=2.600 adv=0.000 unique=10
step=04480 loss=0.0000 R=2.600 adv=0.000 unique=6
step=04481 loss=0.0000 R=2.600 adv=0.000 unique=9
step=04482 loss=0.0000 R=2.600 adv=0.000 unique=6
step=04483 loss=0.0000 R=2.600 adv=0.000 unique=7
step=04484 loss=0.0000 R=2.600 adv=0.000 unique=8
step=04485 loss=0.0000 R=2.600 adv=0.000 unique=8
step=04486 loss=0.0000 R=2.600 adv=0.000 unique=6
step=04487 loss=0.0000 R=2.600 adv=0.000 unique=8
step=04488 loss=0.0000 R=2.600 adv=0.000 unique=7
step=04489 loss=0.0000 R=2.600 adv=0.000 unique=9
step=04490 loss=0.0000 R=2.600 adv=0.000 unique=10
step=04491 loss=0.0000 R=2.600 adv=0.000 unique=6
step=04492 loss=0.0000 R=2.600 adv=0.000 unique=8
step=04493 loss=0.0000 R=2.600 adv=0.000 unique=8
step=04494 loss=0.0000 R=2.600 adv=0.000 unique=6
step=04495 loss=0.0000 R=2.600 adv=0.000 unique=7
step=04496 loss=0.0000 R=2.600 adv=0.000 unique=7
step=04497 loss=0.0000 R=2.600 adv=0.000 unique=6
step=04498 loss=0.0000 R=2.600 adv=0.000 unique=9
step=04499 loss=0.0000 R=2.600 adv=0.000 unique=9
step=04500 loss=0.0000 R=2.600 adv=0.000 unique=5
step=04501 loss=0.0000 R=2.600 adv=0.000 unique=8
step=04502 loss=0.0000 R=2.600 adv=0.000 unique=8
step=04503 loss=0.0000 R=2.600 adv=0.000 unique=7
step=04504 loss=0.0000 R=2.600 adv=0.000 unique=8
step=04505 loss=0.0000 R=2.600 adv=0.000 unique=8
step=04506 loss=0.0000 R=2.600 adv=0.000 unique=7
step=04507 loss=0.0000 R=2.600 adv=0.000 unique=6
step=04508 loss=0.0000 R=2.600 adv=0.000 unique=9
step=04509 loss=0.0000 R=2.600 adv=0.000 unique=8
step=04510 loss=0.0000 R=2.600 adv=0.000 unique=10
step=04511 loss=0.0000 R=2.600 adv=0.000 unique=9
step=04512 loss=0.0000 R=2.600 adv=0.000 unique=8
step=04513 loss=0.0000 R=2.600 adv=0.000 unique=8
step=04514 loss=0.0000 R=2.600 adv=0.000 unique=10
step=04515 loss=0.0000 R=2.600 adv=0.000 unique=10
step=04516 loss=0.0000 R=2.600 adv=0.000 unique=7
step=04517 loss=0.0000 R=2.600 adv=0.000 unique=10
step=04518 loss=0.0000 R=2.600 adv=0.000 unique=8
step=04519 loss=0.0000 R=2.600 adv=0.000 unique=6
step=04520 loss=0.0000 R=2.600 adv=0.000 unique=7
step=04521 loss=0.0000 R=2.600 adv=0.000 unique=7
step=04522 loss=0.0000 R=2.600 adv=0.000 unique=6
step=04523 loss=0.0000 R=2.600 adv=0.000 unique=8
step=04524 loss=0.0000 R=2.600 adv=0.000 unique=9
step=04525 loss=0.0000 R=2.600 adv=0.000 unique=8
step=04526 loss=0.0000 R=2.600 adv=0.000 unique=7
step=04527 loss=0.0000 R=2.600 adv=0.000 unique=6
step=04528 loss=0.0000 R=2.600 adv=0.000 unique=8
step=04529 loss=0.0000 R=2.600 adv=0.000 unique=8
step=04530 loss=0.0000 R=2.600 adv=0.000 unique=5
step=04531 loss=0.0000 R=2.600 adv=0.000 unique=7
step=04532 loss=0.0000 R=2.600 adv=0.000 unique=9
step=04533 loss=0.0000 R=2.600 adv=0.000 unique=8
step=04534 loss=0.0000 R=2.600 adv=0.000 unique=7
step=04535 loss=0.0000 R=2.600 adv=0.000 unique=8
step=04536 loss=0.0000 R=2.600 adv=0.000 unique=6
step=04537 loss=0.0000 R=2.600 adv=0.000 unique=8
step=04538 loss=0.0000 R=2.600 adv=0.000 unique=7
step=04539 loss=0.0000 R=2.600 adv=0.000 unique=7
step=04540 loss=0.0000 R=2.600 adv=0.000 unique=7
step=04541 loss=0.0000 R=2.600 adv=0.000 unique=7
step=04542 loss=0.0000 R=2.600 adv=0.000 unique=8
step=04543 loss=0.0000 R=2.600 adv=0.000 unique=11
step=04544 loss=0.0000 R=2.600 adv=0.000 unique=9
step=04545 loss=0.0000 R=2.600 adv=0.000 unique=7
step=04546 loss=0.0000 R=2.600 adv=0.000 unique=8
step=04547 loss=0.0000 R=2.600 adv=0.000 unique=6
step=04548 loss=0.0000 R=2.600 adv=0.000 unique=8
step=04549 loss=0.0000 R=2.600 adv=0.000 unique=10
step=04550 loss=0.0000 R=2.600 adv=0.000 unique=5
step=04551 loss=0.0000 R=2.600 adv=0.000 unique=8
step=04552 loss=0.0000 R=2.600 adv=0.000 unique=9
step=04553 loss=0.0000 R=2.600 adv=0.000 unique=9
step=04554 loss=0.0000 R=2.600 adv=0.000 unique=7
step=04555 loss=0.0000 R=2.600 adv=0.000 unique=7
step=04556 loss=0.0000 R=2.600 adv=0.000 unique=7
step=04557 loss=0.0000 R=2.600 adv=0.000 unique=6
step=04558 loss=0.0000 R=2.600 adv=0.000 unique=7
step=04559 loss=0.0000 R=2.600 adv=0.000 unique=6
step=04560 loss=0.0000 R=2.600 adv=0.000 unique=8
step=04561 loss=0.0000 R=2.600 adv=0.000 unique=9
step=04562 loss=0.0000 R=2.600 adv=0.000 unique=6
step=04563 loss=0.0000 R=2.600 adv=0.000 unique=7
step=04564 loss=0.0000 R=2.600 adv=0.000 unique=8
step=04565 loss=0.0000 R=2.600 adv=0.000 unique=8
step=04566 loss=0.0000 R=2.600 adv=0.000 unique=9
step=04567 loss=0.0000 R=2.600 adv=0.000 unique=8
step=04568 loss=0.0000 R=2.600 adv=0.000 unique=7
step=04569 loss=0.0000 R=2.600 adv=0.000 unique=6
step=04570 loss=0.0000 R=2.600 adv=0.000 unique=7
step=04571 loss=0.0000 R=2.600 adv=0.000 unique=8
step=04572 loss=0.0000 R=2.600 adv=0.000 unique=7
step=04573 loss=0.0000 R=2.600 adv=0.000 unique=5
step=04574 loss=0.0000 R=2.600 adv=0.000 unique=4
step=04575 loss=0.0000 R=2.600 adv=0.000 unique=8
step=04576 loss=0.0000 R=2.600 adv=0.000 unique=7
step=04577 loss=0.0000 R=2.600 adv=0.000 unique=7
step=04578 loss=0.0000 R=2.600 adv=0.000 unique=8
step=04579 loss=0.0000 R=2.600 adv=0.000 unique=6
step=04580 loss=0.0000 R=2.600 adv=0.000 unique=12
step=04581 loss=0.0000 R=2.600 adv=0.000 unique=8
step=04582 loss=0.0000 R=2.600 adv=0.000 unique=9
step=04583 loss=0.0000 R=2.600 adv=0.000 unique=8
step=04584 loss=0.0000 R=2.600 adv=0.000 unique=6
step=04585 loss=0.0000 R=2.600 adv=0.000 unique=9
step=04586 loss=0.0000 R=2.600 adv=0.000 unique=8
step=04587 loss=0.0000 R=2.600 adv=0.000 unique=9
step=04588 loss=0.0000 R=2.600 adv=0.000 unique=6
step=04589 loss=0.0000 R=2.600 adv=0.000 unique=8
step=04590 loss=0.0000 R=2.600 adv=0.000 unique=9
step=04591 loss=0.0000 R=2.600 adv=0.000 unique=8
step=04592 loss=0.0000 R=2.600 adv=0.000 unique=8
step=04593 loss=0.0000 R=2.600 adv=0.000 unique=9
step=04594 loss=0.0000 R=2.600 adv=0.000 unique=5
step=04595 loss=0.0000 R=2.600 adv=0.000 unique=6
step=04596 loss=0.0000 R=2.600 adv=0.000 unique=7
step=04597 loss=0.0000 R=2.600 adv=0.000 unique=8
step=04598 loss=0.0000 R=2.600 adv=0.000 unique=7
step=04599 loss=0.0000 R=2.600 adv=0.000 unique=9
step=04600 loss=0.0000 R=2.600 adv=0.000 unique=6
step=04601 loss=0.0000 R=2.600 adv=0.000 unique=7
step=04602 loss=0.0000 R=2.600 adv=0.000 unique=9
step=04603 loss=0.0000 R=2.600 adv=0.000 unique=9
step=04604 loss=0.0000 R=2.600 adv=0.000 unique=6
step=04605 loss=0.0000 R=2.600 adv=0.000 unique=7
step=04606 loss=0.0000 R=2.600 adv=0.000 unique=7
step=04607 loss=0.0000 R=2.600 adv=0.000 unique=8
step=04608 loss=0.0000 R=2.600 adv=0.000 unique=8
step=04609 loss=0.0000 R=2.600 adv=0.000 unique=8
step=04610 loss=0.0000 R=2.600 adv=0.000 unique=5
step=04611 loss=0.0000 R=2.600 adv=0.000 unique=5
step=04612 loss=0.0000 R=2.600 adv=0.000 unique=9
step=04613 loss=0.0000 R=2.600 adv=0.000 unique=8
step=04614 loss=0.0000 R=2.600 adv=0.000 unique=8
step=04615 loss=0.0000 R=2.600 adv=0.000 unique=8
step=04616 loss=0.0000 R=2.600 adv=0.000 unique=12
step=04617 loss=0.0000 R=2.600 adv=0.000 unique=8
step=04618 loss=0.0000 R=2.600 adv=0.000 unique=7
step=04619 loss=0.0000 R=2.600 adv=0.000 unique=9
step=04620 loss=0.0000 R=2.600 adv=0.000 unique=6
step=04621 loss=0.0000 R=2.600 adv=0.000 unique=9
step=04622 loss=0.0000 R=2.600 adv=0.000 unique=8
step=04623 loss=0.0000 R=2.600 adv=0.000 unique=7
step=04624 loss=0.0000 R=2.600 adv=0.000 unique=6
step=04625 loss=0.0000 R=2.600 adv=0.000 unique=8
step=04626 loss=0.0000 R=2.600 adv=0.000 unique=10
step=04627 loss=0.0000 R=2.600 adv=0.000 unique=8
step=04628 loss=0.0000 R=2.600 adv=0.000 unique=9
step=04629 loss=0.0000 R=2.600 adv=0.000 unique=7
step=04630 loss=0.0000 R=2.600 adv=0.000 unique=9
step=04631 loss=0.0000 R=2.600 adv=0.000 unique=6
step=04632 loss=0.0000 R=2.600 adv=0.000 unique=8
step=04633 loss=0.0000 R=2.600 adv=0.000 unique=9
step=04634 loss=0.0000 R=2.600 adv=0.000 unique=7
step=04635 loss=0.0000 R=2.600 adv=0.000 unique=8
step=04636 loss=0.0000 R=2.600 adv=0.000 unique=7
step=04637 loss=0.0000 R=2.600 adv=0.000 unique=7
step=04638 loss=0.0000 R=2.600 adv=0.000 unique=7
step=04639 loss=0.0000 R=2.600 adv=0.000 unique=7
step=04640 loss=0.0000 R=2.600 adv=0.000 unique=8
step=04641 loss=0.0000 R=2.600 adv=0.000 unique=8
step=04642 loss=0.0000 R=2.600 adv=0.000 unique=8
step=04643 loss=0.0000 R=2.600 adv=0.000 unique=7
step=04644 loss=0.0000 R=2.600 adv=0.000 unique=7
step=04645 loss=0.0000 R=2.600 adv=0.000 unique=8
step=04646 loss=0.0000 R=2.600 adv=0.000 unique=9
step=04647 loss=0.0000 R=2.600 adv=0.000 unique=8
step=04648 loss=0.0000 R=2.600 adv=0.000 unique=8
step=04649 loss=0.0000 R=2.600 adv=0.000 unique=8
step=04650 loss=0.0000 R=2.600 adv=0.000 unique=9
step=04651 loss=0.0000 R=2.600 adv=0.000 unique=7
step=04652 loss=0.0000 R=2.600 adv=0.000 unique=5
step=04653 loss=0.0000 R=2.600 adv=0.000 unique=5
step=04654 loss=0.0000 R=2.600 adv=0.000 unique=8
step=04655 loss=0.0000 R=2.600 adv=0.000 unique=6
step=04656 loss=0.0000 R=2.600 adv=0.000 unique=7
step=04657 loss=0.0000 R=2.600 adv=0.000 unique=8
step=04658 loss=0.0000 R=2.600 adv=0.000 unique=10
step=04659 loss=0.0000 R=2.600 adv=0.000 unique=7
step=04660 loss=0.0000 R=2.600 adv=0.000 unique=8
step=04661 loss=0.0000 R=2.600 adv=0.000 unique=7
step=04662 loss=0.0000 R=2.600 adv=0.000 unique=9
step=04663 loss=0.0000 R=2.600 adv=0.000 unique=8
step=04664 loss=0.0000 R=2.600 adv=0.000 unique=6
step=04665 loss=0.0000 R=2.600 adv=0.000 unique=7
step=04666 loss=0.0000 R=2.600 adv=0.000 unique=9
step=04667 loss=0.0000 R=2.600 adv=0.000 unique=8
step=04668 loss=0.0000 R=2.600 adv=0.000 unique=10
step=04669 loss=0.0000 R=2.600 adv=0.000 unique=8
step=04670 loss=0.0000 R=2.600 adv=0.000 unique=6
step=04671 loss=0.0000 R=2.600 adv=0.000 unique=7
step=04672 loss=0.0000 R=2.600 adv=0.000 unique=7
step=04673 loss=0.0000 R=2.600 adv=0.000 unique=6
step=04674 loss=0.0000 R=2.600 adv=0.000 unique=9
step=04675 loss=0.0000 R=2.600 adv=0.000 unique=8
step=04676 loss=0.0000 R=2.600 adv=0.000 unique=7
step=04677 loss=0.0000 R=2.600 adv=0.000 unique=9
step=04678 loss=0.0000 R=2.600 adv=0.000 unique=10
step=04679 loss=0.0000 R=2.600 adv=0.000 unique=10
step=04680 loss=0.0000 R=2.600 adv=0.000 unique=7
step=04681 loss=0.0000 R=2.600 adv=0.000 unique=8
step=04682 loss=0.0000 R=2.600 adv=0.000 unique=9
step=04683 loss=0.0000 R=2.600 adv=0.000 unique=6
step=04684 loss=0.0000 R=2.600 adv=0.000 unique=8
step=04685 loss=0.0000 R=2.600 adv=0.000 unique=8
step=04686 loss=0.0000 R=2.600 adv=0.000 unique=8
step=04687 loss=0.0000 R=2.600 adv=0.000 unique=7
step=04688 loss=0.0000 R=2.600 adv=0.000 unique=7
step=04689 loss=0.0000 R=2.600 adv=0.000 unique=10
step=04690 loss=0.0000 R=2.600 adv=0.000 unique=8
step=04691 loss=0.0000 R=2.600 adv=0.000 unique=7
step=04692 loss=0.0000 R=2.600 adv=0.000 unique=6
step=04693 loss=0.0000 R=2.600 adv=0.000 unique=7
step=04694 loss=0.0000 R=2.600 adv=0.000 unique=6
step=04695 loss=0.0000 R=2.600 adv=0.000 unique=8
step=04696 loss=0.0000 R=2.600 adv=0.000 unique=8
step=04697 loss=0.0000 R=2.600 adv=0.000 unique=8
step=04698 loss=0.0000 R=2.600 adv=0.000 unique=6
step=04699 loss=0.0000 R=2.600 adv=0.000 unique=7
step=04700 loss=0.0000 R=2.600 adv=0.000 unique=8
step=04701 loss=0.0000 R=2.600 adv=0.000 unique=7
step=04702 loss=0.0000 R=2.600 adv=0.000 unique=8
step=04703 loss=0.0000 R=2.600 adv=0.000 unique=9
step=04704 loss=0.0000 R=2.600 adv=0.000 unique=8
step=04705 loss=0.0000 R=2.600 adv=0.000 unique=6
step=04706 loss=0.0000 R=2.600 adv=0.000 unique=7
step=04707 loss=0.0000 R=2.600 adv=0.000 unique=6
step=04708 loss=0.0000 R=2.600 adv=0.000 unique=7
step=04709 loss=0.0000 R=2.600 adv=0.000 unique=7
step=04710 loss=0.0000 R=2.600 adv=0.000 unique=8
step=04711 loss=0.0000 R=2.600 adv=0.000 unique=7
step=04712 loss=0.0000 R=2.600 adv=0.000 unique=7
step=04713 loss=0.0000 R=2.600 adv=0.000 unique=7
step=04714 loss=0.0000 R=2.600 adv=0.000 unique=8
step=04715 loss=0.0000 R=2.600 adv=0.000 unique=6
step=04716 loss=0.0000 R=2.600 adv=0.000 unique=7
step=04717 loss=0.0000 R=2.600 adv=0.000 unique=7
step=04718 loss=0.0000 R=2.600 adv=0.000 unique=9
step=04719 loss=0.0000 R=2.600 adv=0.000 unique=7
step=04720 loss=0.0000 R=2.600 adv=0.000 unique=9
step=04721 loss=0.0000 R=2.600 adv=0.000 unique=8
step=04722 loss=0.0000 R=2.600 adv=0.000 unique=9
step=04723 loss=0.0000 R=2.600 adv=0.000 unique=7
step=04724 loss=0.0000 R=2.600 adv=0.000 unique=9
step=04725 loss=0.0000 R=2.600 adv=0.000 unique=7
step=04726 loss=0.0000 R=2.600 adv=0.000 unique=8
step=04727 loss=0.0000 R=2.600 adv=0.000 unique=7
step=04728 loss=0.0000 R=2.600 adv=0.000 unique=8
step=04729 loss=0.0000 R=2.600 adv=0.000 unique=7
step=04730 loss=0.0000 R=2.600 adv=0.000 unique=8
step=04731 loss=0.0000 R=2.600 adv=0.000 unique=6
step=04732 loss=0.0000 R=2.600 adv=0.000 unique=8
step=04733 loss=0.0000 R=2.600 adv=0.000 unique=8
step=04734 loss=0.0000 R=2.600 adv=0.000 unique=9
step=04735 loss=0.0000 R=2.600 adv=0.000 unique=9
step=04736 loss=0.0000 R=2.600 adv=0.000 unique=7
step=04737 loss=0.0000 R=2.600 adv=0.000 unique=8
step=04738 loss=0.0000 R=2.600 adv=0.000 unique=6
step=04739 loss=0.0000 R=2.600 adv=0.000 unique=9
step=04740 loss=0.0000 R=2.600 adv=0.000 unique=8
step=04741 loss=0.0000 R=2.600 adv=0.000 unique=7
step=04742 loss=0.0000 R=2.600 adv=0.000 unique=8
step=04743 loss=0.0000 R=2.600 adv=0.000 unique=8
step=04744 loss=0.0000 R=2.600 adv=0.000 unique=5
step=04745 loss=0.0000 R=2.600 adv=0.000 unique=10
step=04746 loss=0.0000 R=2.600 adv=0.000 unique=8
step=04747 loss=0.0000 R=2.600 adv=0.000 unique=9
step=04748 loss=0.0000 R=2.600 adv=0.000 unique=8
step=04749 loss=0.0000 R=2.600 adv=0.000 unique=8
step=04750 loss=0.0000 R=2.600 adv=0.000 unique=6
step=04751 loss=0.0000 R=2.600 adv=0.000 unique=10
step=04752 loss=0.0000 R=2.600 adv=0.000 unique=10
step=04753 loss=0.0000 R=2.600 adv=0.000 unique=9
step=04754 loss=0.0000 R=2.600 adv=0.000 unique=6
step=04755 loss=0.0000 R=2.600 adv=0.000 unique=9
step=04756 loss=0.0000 R=2.600 adv=0.000 unique=8
step=04757 loss=0.0000 R=2.600 adv=0.000 unique=7
step=04758 loss=0.0000 R=2.600 adv=0.000 unique=7
step=04759 loss=0.0000 R=2.600 adv=0.000 unique=8
step=04760 loss=0.0000 R=2.600 adv=0.000 unique=6
step=04761 loss=0.0000 R=2.600 adv=0.000 unique=7
step=04762 loss=0.0000 R=2.600 adv=0.000 unique=6
step=04763 loss=0.0000 R=2.600 adv=0.000 unique=8
step=04764 loss=0.0000 R=2.600 adv=0.000 unique=6
step=04765 loss=0.0000 R=2.600 adv=0.000 unique=9
step=04766 loss=0.0000 R=2.600 adv=0.000 unique=8
step=04767 loss=0.0000 R=2.600 adv=0.000 unique=6
step=04768 loss=0.0000 R=2.600 adv=0.000 unique=7
step=04769 loss=0.0000 R=2.600 adv=0.000 unique=7
step=04770 loss=0.0000 R=2.600 adv=0.000 unique=8
step=04771 loss=0.0000 R=2.600 adv=0.000 unique=7
step=04772 loss=0.0000 R=2.600 adv=0.000 unique=9
step=04773 loss=0.0000 R=2.600 adv=0.000 unique=9
step=04774 loss=0.0000 R=2.600 adv=0.000 unique=8
step=04775 loss=0.0000 R=2.600 adv=0.000 unique=6
step=04776 loss=0.0000 R=2.600 adv=0.000 unique=9
step=04777 loss=0.0000 R=2.600 adv=0.000 unique=8
step=04778 loss=0.0000 R=2.600 adv=0.000 unique=5
step=04779 loss=0.0000 R=2.600 adv=0.000 unique=9
step=04780 loss=0.0000 R=2.600 adv=0.000 unique=8
step=04781 loss=0.0000 R=2.600 adv=0.000 unique=9
step=04782 loss=0.0000 R=2.600 adv=0.000 unique=6
step=04783 loss=0.0000 R=2.600 adv=0.000 unique=6
step=04784 loss=0.0000 R=2.600 adv=0.000 unique=8
step=04785 loss=0.0000 R=2.600 adv=0.000 unique=9
step=04786 loss=0.0000 R=2.600 adv=0.000 unique=7
step=04787 loss=0.0000 R=2.600 adv=0.000 unique=6
step=04788 loss=0.0000 R=2.600 adv=0.000 unique=8
step=04789 loss=0.0000 R=2.600 adv=0.000 unique=9
step=04790 loss=0.0000 R=2.600 adv=0.000 unique=8
step=04791 loss=0.0000 R=2.600 adv=0.000 unique=5
step=04792 loss=0.0000 R=2.600 adv=0.000 unique=7
step=04793 loss=0.0000 R=2.600 adv=0.000 unique=8
step=04794 loss=0.0000 R=2.600 adv=0.000 unique=8
step=04795 loss=0.0000 R=2.600 adv=0.000 unique=6
step=04796 loss=0.0000 R=2.600 adv=0.000 unique=9
step=04797 loss=0.0000 R=2.600 adv=0.000 unique=10
step=04798 loss=0.0000 R=2.600 adv=0.000 unique=7
step=04799 loss=0.0000 R=2.600 adv=0.000 unique=9
step=04800 loss=0.0000 R=2.600 adv=0.000 unique=8
step=04801 loss=0.0000 R=2.600 adv=0.000 unique=6
step=04802 loss=0.0000 R=2.600 adv=0.000 unique=9
step=04803 loss=0.0000 R=2.600 adv=0.000 unique=9
step=04804 loss=0.0000 R=2.600 adv=0.000 unique=6
step=04805 loss=0.0000 R=2.600 adv=0.000 unique=7
step=04806 loss=0.0000 R=2.600 adv=0.000 unique=6
step=04807 loss=0.0000 R=2.600 adv=0.000 unique=8
step=04808 loss=0.0000 R=2.600 adv=0.000 unique=5
step=04809 loss=0.0000 R=2.600 adv=0.000 unique=8
step=04810 loss=0.0000 R=2.600 adv=0.000 unique=9
step=04811 loss=0.0000 R=2.600 adv=0.000 unique=7
step=04812 loss=0.0000 R=2.600 adv=0.000 unique=10
step=04813 loss=0.0000 R=2.600 adv=0.000 unique=8
step=04814 loss=0.0000 R=2.600 adv=0.000 unique=7
step=04815 loss=0.0000 R=2.600 adv=0.000 unique=7
step=04816 loss=0.0000 R=2.600 adv=0.000 unique=6
step=04817 loss=0.0000 R=2.600 adv=0.000 unique=7
step=04818 loss=0.0000 R=2.600 adv=0.000 unique=8
step=04819 loss=0.0000 R=2.600 adv=0.000 unique=5
step=04820 loss=0.0000 R=2.600 adv=0.000 unique=5
step=04821 loss=0.0000 R=2.600 adv=0.000 unique=7
step=04822 loss=0.0000 R=2.600 adv=0.000 unique=9
step=04823 loss=0.0000 R=2.600 adv=0.000 unique=6
step=04824 loss=0.0000 R=2.600 adv=0.000 unique=8
step=04825 loss=0.0000 R=2.600 adv=0.000 unique=8
step=04826 loss=0.0000 R=2.600 adv=0.000 unique=7
step=04827 loss=0.0000 R=2.600 adv=0.000 unique=6
step=04828 loss=0.0000 R=2.600 adv=0.000 unique=8
step=04829 loss=0.0000 R=2.600 adv=0.000 unique=8
step=04830 loss=0.0000 R=2.600 adv=0.000 unique=7
step=04831 loss=0.0000 R=2.600 adv=0.000 unique=8
step=04832 loss=0.0000 R=2.600 adv=0.000 unique=5
step=04833 loss=0.0000 R=2.600 adv=0.000 unique=11
step=04834 loss=0.0000 R=2.600 adv=0.000 unique=6
step=04835 loss=0.0000 R=2.600 adv=0.000 unique=7
step=04836 loss=0.0000 R=2.600 adv=0.000 unique=7
step=04837 loss=0.0000 R=2.600 adv=0.000 unique=10
step=04838 loss=0.0000 R=2.600 adv=0.000 unique=7
step=04839 loss=0.0000 R=2.600 adv=0.000 unique=7
step=04840 loss=0.0000 R=2.600 adv=0.000 unique=7
step=04841 loss=0.0000 R=2.600 adv=0.000 unique=7
step=04842 loss=0.0000 R=2.600 adv=0.000 unique=7
step=04843 loss=0.0000 R=2.600 adv=0.000 unique=9
step=04844 loss=0.0000 R=2.600 adv=0.000 unique=8
step=04845 loss=0.0000 R=2.600 adv=0.000 unique=9
step=04846 loss=0.0000 R=2.600 adv=0.000 unique=8
step=04847 loss=0.0000 R=2.600 adv=0.000 unique=7
step=04848 loss=0.0000 R=2.600 adv=0.000 unique=7
step=04849 loss=0.0000 R=2.600 adv=0.000 unique=8
step=04850 loss=0.0000 R=2.600 adv=0.000 unique=7
step=04851 loss=0.0000 R=2.600 adv=0.000 unique=8
step=04852 loss=0.0000 R=2.600 adv=0.000 unique=6
step=04853 loss=0.0000 R=2.600 adv=0.000 unique=6
step=04854 loss=0.0000 R=2.600 adv=0.000 unique=7
step=04855 loss=0.0000 R=2.600 adv=0.000 unique=8
step=04856 loss=0.0000 R=2.600 adv=0.000 unique=6
step=04857 loss=0.0000 R=2.600 adv=0.000 unique=5
step=04858 loss=0.0000 R=2.600 adv=0.000 unique=6
step=04859 loss=0.0000 R=2.600 adv=0.000 unique=8
step=04860 loss=0.0000 R=2.600 adv=0.000 unique=8
step=04861 loss=0.0000 R=2.600 adv=0.000 unique=7
step=04862 loss=0.0000 R=2.600 adv=0.000 unique=9
step=04863 loss=0.0000 R=2.600 adv=0.000 unique=8
step=04864 loss=0.0000 R=2.600 adv=0.000 unique=7
step=04865 loss=0.0000 R=2.600 adv=0.000 unique=8
step=04866 loss=0.0000 R=2.600 adv=0.000 unique=7
step=04867 loss=0.0000 R=2.600 adv=0.000 unique=8
step=04868 loss=0.0000 R=2.600 adv=0.000 unique=6
step=04869 loss=0.0000 R=2.600 adv=0.000 unique=7
step=04870 loss=0.0000 R=2.600 adv=0.000 unique=7
step=04871 loss=0.0000 R=2.600 adv=0.000 unique=7
step=04872 loss=0.0000 R=2.600 adv=0.000 unique=7
step=04873 loss=0.0000 R=2.600 adv=0.000 unique=9
step=04874 loss=0.0000 R=2.600 adv=0.000 unique=7
step=04875 loss=0.0000 R=2.600 adv=0.000 unique=6
step=04876 loss=0.0000 R=2.600 adv=0.000 unique=9
step=04877 loss=0.0000 R=2.600 adv=0.000 unique=9
step=04878 loss=0.0000 R=2.600 adv=0.000 unique=9
step=04879 loss=0.0000 R=2.600 adv=0.000 unique=6
step=04880 loss=0.0000 R=2.600 adv=0.000 unique=11
step=04881 loss=0.0000 R=2.600 adv=0.000 unique=6
step=04882 loss=0.0000 R=2.600 adv=0.000 unique=7
step=04883 loss=0.0000 R=2.600 adv=0.000 unique=8
step=04884 loss=0.0000 R=2.600 adv=0.000 unique=5
step=04885 loss=0.0000 R=2.600 adv=0.000 unique=9
step=04886 loss=0.0000 R=2.600 adv=0.000 unique=9
step=04887 loss=0.0000 R=2.600 adv=0.000 unique=6
step=04888 loss=0.0000 R=2.600 adv=0.000 unique=8
step=04889 loss=0.0000 R=2.600 adv=0.000 unique=8
step=04890 loss=0.0000 R=2.600 adv=0.000 unique=8
step=04891 loss=0.0000 R=2.600 adv=0.000 unique=6
step=04892 loss=0.0000 R=2.600 adv=0.000 unique=8
step=04893 loss=0.0000 R=2.600 adv=0.000 unique=7
step=04894 loss=0.0000 R=2.600 adv=0.000 unique=9
step=04895 loss=0.0000 R=2.600 adv=0.000 unique=5
step=04896 loss=0.0000 R=2.600 adv=0.000 unique=8
step=04897 loss=0.0000 R=2.600 adv=0.000 unique=7
step=04898 loss=0.0000 R=2.600 adv=0.000 unique=9
step=04899 loss=0.0000 R=2.600 adv=0.000 unique=9
step=04900 loss=0.0000 R=2.600 adv=0.000 unique=7
step=04901 loss=0.0000 R=2.600 adv=0.000 unique=9
step=04902 loss=0.0000 R=2.600 adv=0.000 unique=10
step=04903 loss=0.0000 R=2.600 adv=0.000 unique=6
step=04904 loss=0.0000 R=2.600 adv=0.000 unique=9
step=04905 loss=0.0000 R=2.600 adv=0.000 unique=7
step=04906 loss=0.0000 R=2.600 adv=0.000 unique=9
step=04907 loss=0.0000 R=2.600 adv=0.000 unique=7
step=04908 loss=0.0000 R=2.600 adv=0.000 unique=9
step=04909 loss=0.0000 R=2.600 adv=0.000 unique=5
step=04910 loss=0.0000 R=2.600 adv=0.000 unique=7
step=04911 loss=0.0000 R=2.600 adv=0.000 unique=8
step=04912 loss=0.0000 R=2.600 adv=0.000 unique=8
step=04913 loss=0.0000 R=2.600 adv=0.000 unique=8
step=04914 loss=0.0000 R=2.600 adv=0.000 unique=7
step=04915 loss=0.0000 R=2.600 adv=0.000 unique=8
step=04916 loss=0.0000 R=2.600 adv=0.000 unique=7
step=04917 loss=0.0000 R=2.600 adv=0.000 unique=6
step=04918 loss=0.0000 R=2.600 adv=0.000 unique=7
step=04919 loss=0.0000 R=2.600 adv=0.000 unique=7
step=04920 loss=0.0000 R=2.600 adv=0.000 unique=8
step=04921 loss=0.0000 R=2.600 adv=0.000 unique=7
step=04922 loss=0.0000 R=2.600 adv=0.000 unique=9
step=04923 loss=0.0000 R=2.600 adv=0.000 unique=7
step=04924 loss=0.0000 R=2.600 adv=0.000 unique=6
step=04925 loss=0.0000 R=2.600 adv=0.000 unique=8
step=00000 loss=0.0000 R=0.600 adv=0.000 unique=14
step=00001 loss=0.0000 R=0.600 adv=0.000 unique=14
step=00002 loss=0.0000 R=0.600 adv=0.000 unique=12
step=00003 loss=0.0000 R=0.600 adv=0.000 unique=14
step=00004 loss=0.0000 R=0.600 adv=0.000 unique=11
step=00005 loss=0.0000 R=0.600 adv=0.000 unique=14
step=00006 loss=0.0000 R=0.600 adv=0.000 unique=12
step=00007 loss=0.0000 R=0.600 adv=0.000 unique=13
step=00008 loss=0.0000 R=0.600 adv=0.000 unique=13
step=00009 loss=0.0000 R=0.600 adv=0.000 unique=14
step=00010 loss=0.0000 R=0.600 adv=0.000 unique=14
step=00011 loss=0.0000 R=0.600 adv=0.000 unique=10
step=00012 loss=0.0000 R=0.600 adv=0.000 unique=15
step=00013 loss=0.0000 R=0.600 adv=0.000 unique=15
step=00014 loss=0.0000 R=0.600 adv=0.000 unique=13
step=00015 loss=0.0000 R=0.600 adv=0.000 unique=14
step=00016 loss=0.0000 R=0.600 adv=0.000 unique=12
step=00017 loss=0.0000 R=0.600 adv=0.000 unique=12
step=00018 loss=0.0000 R=0.600 adv=0.000 unique=14
step=00019 loss=0.0000 R=0.600 adv=0.000 unique=11
step=00020 loss=0.0000 R=0.600 adv=0.000 unique=16
step=00021 loss=0.0000 R=0.600 adv=0.000 unique=17
step=00022 loss=0.0000 R=0.600 adv=0.000 unique=12
step=00023 loss=0.0000 R=0.600 adv=0.000 unique=14
step=00024 loss=0.0000 R=0.600 adv=0.000 unique=17
step=00025 loss=0.0000 R=0.600 adv=0.000 unique=16
step=00026 loss=0.0000 R=0.600 adv=0.000 unique=14
step=00027 loss=0.0000 R=0.600 adv=0.000 unique=12
step=00028 loss=0.0000 R=0.600 adv=0.000 unique=13
step=00029 loss=0.0000 R=0.600 adv=0.000 unique=12
step=00030 loss=0.0000 R=0.600 adv=0.000 unique=12
step=00031 loss=0.0000 R=0.600 adv=0.000 unique=12
step=00032 loss=0.0000 R=0.600 adv=0.000 unique=14
step=00033 loss=0.0000 R=0.600 adv=0.000 unique=14
step=00034 loss=0.0000 R=0.600 adv=0.000 unique=16
step=00035 loss=0.0000 R=0.600 adv=0.000 unique=12
step=00036 loss=0.0000 R=0.600 adv=0.000 unique=13
step=00037 loss=-0.0000 R=0.663 adv=0.000 unique=17
step=00038 loss=-0.0000 R=0.663 adv=0.000 unique=15
step=00039 loss=-0.0000 R=0.663 adv=0.000 unique=19
step=00040 loss=-0.0000 R=0.725 adv=0.000 unique=19
step=00041 loss=0.0000 R=0.553 adv=-0.000 unique=25
step=00042 loss=0.0000 R=0.631 adv=-0.000 unique=23
step=00043 loss=0.0000 R=0.850 adv=0.000 unique=24
step=00044 loss=-0.0000 R=0.975 adv=0.000 unique=30
step=00045 loss=-0.0000 R=0.584 adv=0.000 unique=28
step=00046 loss=0.0000 R=0.584 adv=-0.000 unique=30
step=00047 loss=-0.0000 R=0.741 adv=0.000 unique=32
step=00048 loss=-0.0000 R=0.600 adv=0.000 unique=30
step=00049 loss=-0.0000 R=0.522 adv=0.000 unique=32
step=00050 loss=-0.0000 R=0.538 adv=0.000 unique=30
step=00051 loss=-0.0000 R=0.787 adv=0.000 unique=31
step=00052 loss=0.0000 R=0.319 adv=0.000 unique=32
step=00053 loss=0.0000 R=0.459 adv=-0.000 unique=31
step=00054 loss=-0.0000 R=0.772 adv=0.000 unique=30
step=00055 loss=-0.0000 R=0.522 adv=0.000 unique=30
step=00056 loss=0.0000 R=0.600 adv=-0.000 unique=31
step=00057 loss=0.0000 R=0.709 adv=-0.000 unique=30
step=00058 loss=0.0000 R=0.834 adv=-0.000 unique=29
step=00059 loss=-0.0000 R=0.928 adv=0.000 unique=30
step=00060 loss=0.0000 R=0.663 adv=-0.000 unique=31
step=00061 loss=0.0000 R=0.834 adv=-0.000 unique=29
step=00062 loss=0.0000 R=0.991 adv=-0.000 unique=29
step=00063 loss=-0.0000 R=0.631 adv=0.000 unique=29
step=00064 loss=-0.0000 R=0.834 adv=0.000 unique=30
step=00065 loss=0.0000 R=0.944 adv=-0.000 unique=31
step=00066 loss=0.0000 R=0.584 adv=-0.000 unique=30
step=00067 loss=-0.0000 R=0.819 adv=0.000 unique=29
step=00068 loss=0.0000 R=0.803 adv=-0.000 unique=30
step=00069 loss=0.0000 R=0.553 adv=-0.000 unique=30
step=00070 loss=-0.0000 R=0.741 adv=0.000 unique=31
step=00071 loss=-0.0000 R=0.819 adv=0.000 unique=32
step=00072 loss=-0.0000 R=0.694 adv=0.000 unique=29
step=00073 loss=-0.0000 R=0.647 adv=0.000 unique=32
step=00074 loss=0.0000 R=0.709 adv=-0.000 unique=29
step=00075 loss=-0.0000 R=0.772 adv=0.000 unique=31
step=00076 loss=-0.0000 R=0.834 adv=0.000 unique=29
step=00077 loss=0.0000 R=0.850 adv=-0.000 unique=31
step=00078 loss=0.0000 R=0.991 adv=-0.000 unique=30
step=00079 loss=-0.0000 R=0.772 adv=0.000 unique=31
step=00080 loss=-0.0000 R=0.584 adv=0.000 unique=30
step=00081 loss=0.0000 R=0.741 adv=0.000 unique=29
step=00082 loss=-0.0000 R=0.647 adv=0.000 unique=31
step=00083 loss=-0.0000 R=0.491 adv=0.000 unique=28
step=00084 loss=0.0000 R=0.756 adv=-0.000 unique=31
step=00085 loss=0.0000 R=0.788 adv=-0.000 unique=30
step=00086 loss=0.0000 R=0.709 adv=-0.000 unique=32
step=00087 loss=-0.0000 R=0.788 adv=0.000 unique=30
step=00088 loss=-0.0000 R=0.491 adv=0.000 unique=28
step=00089 loss=0.0000 R=0.663 adv=-0.000 unique=30
step=00090 loss=-0.0000 R=0.772 adv=0.000 unique=29
step=00091 loss=0.0000 R=0.600 adv=-0.000 unique=30
step=00092 loss=-0.0000 R=0.772 adv=0.000 unique=32
step=00093 loss=-0.0000 R=0.866 adv=0.000 unique=29
step=00094 loss=-0.0000 R=0.741 adv=0.000 unique=30
step=00095 loss=0.0000 R=1.100 adv=-0.000 unique=26
step=00096 loss=-0.0000 R=0.584 adv=0.000 unique=30
step=00097 loss=-0.0000 R=0.788 adv=0.000 unique=31
step=00098 loss=-0.0000 R=1.084 adv=0.000 unique=29
step=00099 loss=0.0000 R=0.991 adv=-0.000 unique=28
step=00100 loss=0.0000 R=0.803 adv=-0.000 unique=29
step=00101 loss=-0.0000 R=0.553 adv=0.000 unique=29
step=00102 loss=0.0000 R=0.959 adv=0.000 unique=30
step=00103 loss=-0.0000 R=0.600 adv=0.000 unique=29
step=00104 loss=-0.0000 R=0.897 adv=0.000 unique=30
step=00105 loss=-0.0000 R=0.944 adv=0.000 unique=31
step=00106 loss=-0.0000 R=0.741 adv=0.000 unique=30
step=00107 loss=-0.0000 R=0.569 adv=0.000 unique=31
step=00108 loss=-0.0000 R=0.912 adv=0.000 unique=30
step=00109 loss=-0.0000 R=1.350 adv=0.000 unique=31
step=00110 loss=0.0000 R=0.741 adv=0.000 unique=27
step=00111 loss=-0.0000 R=0.709 adv=0.000 unique=31
step=00112 loss=-0.0000 R=0.741 adv=0.000 unique=32
step=00113 loss=-0.0000 R=0.912 adv=0.000 unique=29
step=00114 loss=0.0000 R=0.866 adv=-0.000 unique=30
step=00115 loss=0.0000 R=0.866 adv=-0.000 unique=30
step=00116 loss=-0.0000 R=1.131 adv=0.000 unique=32
step=00117 loss=-0.0000 R=0.756 adv=0.000 unique=31
step=00118 loss=-0.0000 R=0.553 adv=0.000 unique=29
step=00119 loss=0.0000 R=0.834 adv=-0.000 unique=29
step=00120 loss=0.0000 R=0.991 adv=-0.000 unique=30
step=00121 loss=0.0000 R=1.272 adv=0.000 unique=28
step=00122 loss=-0.0000 R=0.975 adv=0.000 unique=28
step=00123 loss=-0.0000 R=0.975 adv=0.000 unique=30
step=00124 loss=0.0000 R=1.209 adv=-0.000 unique=29
step=00125 loss=-0.0000 R=0.897 adv=0.000 unique=30
step=00126 loss=-0.0000 R=0.944 adv=-0.000 unique=30
step=00127 loss=-0.0000 R=1.084 adv=0.000 unique=30
step=00128 loss=0.0000 R=1.256 adv=-0.000 unique=29
step=00129 loss=0.0000 R=1.241 adv=-0.000 unique=29
step=00130 loss=-0.0000 R=1.069 adv=0.000 unique=27
step=00131 loss=0.0000 R=0.991 adv=-0.000 unique=31
step=00132 loss=0.0000 R=0.991 adv=-0.000 unique=26
step=00133 loss=0.0000 R=1.162 adv=-0.000 unique=30
step=00134 loss=-0.0000 R=0.928 adv=0.000 unique=31
step=00135 loss=-0.0000 R=1.100 adv=0.000 unique=28
step=00136 loss=-0.0000 R=1.428 adv=0.000 unique=29
step=00137 loss=-0.0000 R=1.100 adv=0.000 unique=30
step=00138 loss=0.0000 R=1.225 adv=-0.000 unique=29
step=00139 loss=-0.0000 R=1.131 adv=0.000 unique=29
step=00140 loss=-0.0000 R=1.225 adv=0.000 unique=30
step=00141 loss=0.0000 R=1.209 adv=-0.000 unique=30
step=00142 loss=0.0000 R=1.241 adv=-0.000 unique=28
step=00143 loss=-0.0000 R=1.287 adv=0.000 unique=28
step=00144 loss=0.0000 R=1.084 adv=-0.000 unique=30
step=00145 loss=0.0000 R=1.100 adv=-0.000 unique=29
step=00146 loss=0.0000 R=1.037 adv=0.000 unique=27
step=00147 loss=-0.0000 R=1.303 adv=0.000 unique=30
step=00148 loss=0.0000 R=1.256 adv=-0.000 unique=30
step=00149 loss=-0.0000 R=0.975 adv=0.000 unique=27
step=00150 loss=0.0000 R=1.209 adv=-0.000 unique=31
