[final] running: /home/armaan/phylogfn/.venv/bin/python -u -m learned_reverse_ips.train --run-name learned_reverse_27taxa_noreplay_b4096_seed2 --cfg src/configs/benchmark_dna_cfgs/discrete_branch_lengths/cfg_0.001binsize_50bins_temperature_anneal_0.4_27taxa_shift12000.yaml --dataset dataset/benchmark_datasets/DS1.pickle --output final/runs/27taxa_noreplay_b4096_seed2/learned_reverse --seed 2 --epochs 25000 --steps-per-epoch 1 --on-policy-batch-size 1024 --replay-batch-size 0 --replay-buffer-size 512 --checkpoint-every 1000 --full-model --outcome-level signature --advantage-reward-mode log_reward --grpo-lr 1e-4 --grpo-entropy-coef 0.0 --grpo-num-iterations 1 --rollout-chunk-size 1024 --print-every 25 --disable-replay --reward-target shifted_linear --reverse-lr 0.001 --reverse-train-epochs 8 --reverse-hidden-size 256 --reverse-num-layers 3 --skip-post-train --reverse-policy mlp --resume-from /home/armaan/phylogfn/final/runs/27taxa_noreplay_b4096_seed2/learned_reverse/20260825_220513_learned_reverse_27taxa_noreplay_b4096_seed2_learned_reverse_ips_grpo --mini-batch-splits 4
cpu_threads=2
/home/armaan/phylogfn/src/gfn/tb_gfn_phylo.py:126: FutureWarning: `torch.cuda.amp.GradScaler(args...)` is deprecated. Please use `torch.amp.GradScaler('cuda', args...)` instead.
  self.scaler = torch.cuda.amp.GradScaler()
warning: removing 1350 metrics records newer than committed checkpoint checkpoint_epoch9999.pt
resuming from checkpoint_epoch9999.pt: global_step=40000 mode=on_policy
  continue epochs [10000, 25000)
restored learned-reverse state from learned_reverse_epoch9999.pt
run_dir=/home/armaan/phylogfn/final/runs/27taxa_noreplay_b4096_seed2/learned_reverse/20260825_220513_learned_reverse_27taxa_noreplay_b4096_seed2_learned_reverse_ips_grpo
method=learned_reverse_ips_grpo device=cuda:0 reverse_policy_type=mlp outcome_level=signature reward_target=shifted_linear full_model=True G_on=1024 G_replay=0 G_total=1024 replay_buffer=0
weight=R(x)*q_phi(tau|x)/P_F(tau); reverse update happens after PPO
step=40000 loss=-0.0187 reverse_nll=0.0000 ESS=0.999 batch_outcomes=256 batch_topologies=256 seen=10181827
step=40025 loss=-0.0140 reverse_nll=0.0000 ESS=0.999 batch_outcomes=256 batch_topologies=256 seen=10182186
step=40050 loss=-0.0104 reverse_nll=0.0000 ESS=0.999 batch_outcomes=256 batch_topologies=256 seen=10182459
step=40075 loss=-0.0069 reverse_nll=0.0000 ESS=0.999 batch_outcomes=256 batch_topologies=256 seen=10182739
step=40100 loss=-0.0057 reverse_nll=0.0000 ESS=0.999 batch_outcomes=256 batch_topologies=256 seen=10183010
step=40125 loss=-0.0031 reverse_nll=0.0000 ESS=0.999 batch_outcomes=256 batch_topologies=256 seen=10183261
step=40150 loss=-0.0032 reverse_nll=0.0000 ESS=0.999 batch_outcomes=256 batch_topologies=256 seen=10183495
step=40175 loss=-0.0054 reverse_nll=0.0000 ESS=0.999 batch_outcomes=256 batch_topologies=256 seen=10183730
step=40200 loss=-0.0041 reverse_nll=0.0000 ESS=0.999 batch_outcomes=256 batch_topologies=256 seen=10183980
step=40225 loss=-0.0032 reverse_nll=0.0000 ESS=0.999 batch_outcomes=256 batch_topologies=256 seen=10184195
step=40250 loss=-0.0003 reverse_nll=0.0000 ESS=0.999 batch_outcomes=256 batch_topologies=256 seen=10184423
step=40275 loss=-0.0049 reverse_nll=0.0000 ESS=0.999 batch_outcomes=256 batch_topologies=256 seen=10185156
step=40300 loss=-0.0013 reverse_nll=0.0000 ESS=0.999 batch_outcomes=256 batch_topologies=256 seen=10186621
step=40325 loss=0.0014 reverse_nll=0.0000 ESS=0.999 batch_outcomes=256 batch_topologies=256 seen=10187782
step=40350 loss=-0.0011 reverse_nll=0.0000 ESS=0.999 batch_outcomes=256 batch_topologies=256 seen=10188586
step=40375 loss=-0.0006 reverse_nll=0.0000 ESS=0.999 batch_outcomes=256 batch_topologies=256 seen=10189182
step=40400 loss=-0.0013 reverse_nll=0.0000 ESS=0.999 batch_outcomes=256 batch_topologies=256 seen=10189719
step=40425 loss=-0.0022 reverse_nll=0.0000 ESS=0.999 batch_outcomes=256 batch_topologies=256 seen=10190236
step=40450 loss=-0.0007 reverse_nll=0.0000 ESS=0.999 batch_outcomes=256 batch_topologies=256 seen=10190701
step=40475 loss=0.0005 reverse_nll=0.0000 ESS=0.999 batch_outcomes=256 batch_topologies=256 seen=10191094
step=40500 loss=-0.0028 reverse_nll=0.0000 ESS=0.999 batch_outcomes=256 batch_topologies=256 seen=10191422
step=40525 loss=0.0001 reverse_nll=0.0000 ESS=0.999 batch_outcomes=256 batch_topologies=256 seen=10191734
step=40550 loss=0.0017 reverse_nll=0.0000 ESS=0.999 batch_outcomes=256 batch_topologies=256 seen=10192005
step=40575 loss=0.0013 reverse_nll=0.0000 ESS=0.999 batch_outcomes=256 batch_topologies=256 seen=10192280
step=40600 loss=-0.0005 reverse_nll=0.0000 ESS=0.999 batch_outcomes=256 batch_topologies=256 seen=10192521
step=40625 loss=-0.0010 reverse_nll=0.0000 ESS=0.999 batch_outcomes=256 batch_topologies=256 seen=10192749
step=40650 loss=-0.0014 reverse_nll=0.0000 ESS=0.999 batch_outcomes=256 batch_topologies=256 seen=10192962
step=40675 loss=0.0021 reverse_nll=0.0000 ESS=0.999 batch_outcomes=256 batch_topologies=256 seen=10193217
step=40700 loss=-0.0030 reverse_nll=0.0000 ESS=0.999 batch_outcomes=256 batch_topologies=256 seen=10193423
step=40725 loss=-0.0030 reverse_nll=0.0000 ESS=0.999 batch_outcomes=256 batch_topologies=256 seen=10193641
step=40750 loss=0.0020 reverse_nll=0.0000 ESS=0.999 batch_outcomes=256 batch_topologies=256 seen=10193861
step=40775 loss=-0.0006 reverse_nll=0.0000 ESS=0.999 batch_outcomes=256 batch_topologies=256 seen=10194070
step=40800 loss=-0.0037 reverse_nll=0.0000 ESS=0.999 batch_outcomes=256 batch_topologies=256 seen=10194271
step=40825 loss=-0.0035 reverse_nll=0.0000 ESS=0.999 batch_outcomes=256 batch_topologies=256 seen=10194474
step=40850 loss=0.0026 reverse_nll=0.0000 ESS=0.999 batch_outcomes=256 batch_topologies=256 seen=10194673
step=40875 loss=0.0022 reverse_nll=0.0000 ESS=0.999 batch_outcomes=256 batch_topologies=256 seen=10194869
step=40900 loss=-0.0029 reverse_nll=0.0000 ESS=0.999 batch_outcomes=256 batch_topologies=256 seen=10195069
step=40925 loss=0.4541 reverse_nll=2.6790 ESS=0.608 batch_outcomes=256 batch_topologies=256 seen=10195368
step=40950 loss=-0.0398 reverse_nll=0.1073 ESS=0.971 batch_outcomes=256 batch_topologies=256 seen=10196686
step=40975 loss=-0.0476 reverse_nll=0.1087 ESS=0.975 batch_outcomes=256 batch_topologies=256 seen=10197742
step=41000 loss=0.2146 reverse_nll=0.2319 ESS=0.764 batch_outcomes=256 batch_topologies=256 seen=10198619
step=41025 loss=-0.0607 reverse_nll=0.0057 ESS=0.993 batch_outcomes=256 batch_topologies=256 seen=10199449
step=41050 loss=-0.0546 reverse_nll=0.0001 ESS=0.999 batch_outcomes=256 batch_topologies=256 seen=10200049
step=41075 loss=-0.0462 reverse_nll=0.0000 ESS=0.999 batch_outcomes=256 batch_topologies=256 seen=10200508
step=41100 loss=-0.0340 reverse_nll=0.0000 ESS=0.999 batch_outcomes=256 batch_topologies=256 seen=10200914
step=41125 loss=-0.0287 reverse_nll=0.0000 ESS=0.999 batch_outcomes=256 batch_topologies=256 seen=10201248
step=41150 loss=-0.0174 reverse_nll=0.0000 ESS=0.999 batch_outcomes=256 batch_topologies=256 seen=10201543
step=41175 loss=-0.0151 reverse_nll=0.0000 ESS=0.999 batch_outcomes=256 batch_topologies=256 seen=10201801
step=41200 loss=-0.0130 reverse_nll=0.0000 ESS=0.999 batch_outcomes=256 batch_topologies=256 seen=10202051
step=41225 loss=-0.0090 reverse_nll=0.0000 ESS=0.999 batch_outcomes=256 batch_topologies=256 seen=10202282
step=41250 loss=-0.0076 reverse_nll=0.0000 ESS=0.999 batch_outcomes=256 batch_topologies=256 seen=10202493
step=41275 loss=-0.0044 reverse_nll=0.0000 ESS=0.999 batch_outcomes=256 batch_topologies=256 seen=10202698
step=41300 loss=-0.0042 reverse_nll=0.0000 ESS=0.999 batch_outcomes=256 batch_topologies=256 seen=10202916
step=41325 loss=-0.0023 reverse_nll=0.0000 ESS=0.999 batch_outcomes=256 batch_topologies=256 seen=10203121
step=41350 loss=-0.0032 reverse_nll=0.0000 ESS=0.999 batch_outcomes=256 batch_topologies=256 seen=10203322
step=41375 loss=-0.0053 reverse_nll=0.0000 ESS=0.999 batch_outcomes=256 batch_topologies=256 seen=10203496
step=41400 loss=-0.0014 reverse_nll=0.0000 ESS=0.999 batch_outcomes=256 batch_topologies=256 seen=10204710
step=41425 loss=-0.0018 reverse_nll=0.0000 ESS=0.999 batch_outcomes=256 batch_topologies=256 seen=10206138
step=41450 loss=-0.0009 reverse_nll=0.0000 ESS=0.999 batch_outcomes=256 batch_topologies=256 seen=10207289
step=41475 loss=0.0003 reverse_nll=0.0000 ESS=0.999 batch_outcomes=256 batch_topologies=256 seen=10208199
step=41500 loss=-0.0023 reverse_nll=0.0000 ESS=0.999 batch_outcomes=256 batch_topologies=256 seen=10208988
step=41525 loss=0.0001 reverse_nll=0.0000 ESS=0.999 batch_outcomes=256 batch_topologies=256 seen=10209640
step=41550 loss=-0.0012 reverse_nll=0.0000 ESS=0.999 batch_outcomes=256 batch_topologies=256 seen=10210217
step=41575 loss=-0.0006 reverse_nll=0.0000 ESS=0.999 batch_outcomes=256 batch_topologies=256 seen=10210807
step=41600 loss=-0.0011 reverse_nll=0.0000 ESS=0.999 batch_outcomes=256 batch_topologies=256 seen=10211252
step=41625 loss=0.0004 reverse_nll=0.0000 ESS=0.999 batch_outcomes=256 batch_topologies=256 seen=10211596
step=41650 loss=-0.0032 reverse_nll=0.0000 ESS=0.999 batch_outcomes=256 batch_topologies=256 seen=10211981
step=41675 loss=0.0012 reverse_nll=0.0000 ESS=0.999 batch_outcomes=256 batch_topologies=256 seen=10212267
step=41700 loss=0.0004 reverse_nll=0.0000 ESS=0.999 batch_outcomes=256 batch_topologies=256 seen=10212581
step=41725 loss=-0.0027 reverse_nll=0.0000 ESS=0.999 batch_outcomes=256 batch_topologies=256 seen=10212874
step=41750 loss=0.0000 reverse_nll=0.0000 ESS=0.999 batch_outcomes=256 batch_topologies=256 seen=10213148
step=41775 loss=0.0025 reverse_nll=0.0000 ESS=0.999 batch_outcomes=256 batch_topologies=256 seen=10213394
step=41800 loss=-0.0003 reverse_nll=0.0000 ESS=0.999 batch_outcomes=256 batch_topologies=256 seen=10213645
step=41825 loss=-0.0004 reverse_nll=0.0000 ESS=0.999 batch_outcomes=256 batch_topologies=256 seen=10213867
step=41850 loss=-0.0000 reverse_nll=0.0000 ESS=0.999 batch_outcomes=256 batch_topologies=256 seen=10214075
step=41875 loss=-0.0005 reverse_nll=0.0000 ESS=0.999 batch_outcomes=256 batch_topologies=256 seen=10214285
step=41900 loss=-0.0003 reverse_nll=0.0000 ESS=0.999 batch_outcomes=256 batch_topologies=256 seen=10214509
step=41925 loss=0.0006 reverse_nll=0.0000 ESS=0.999 batch_outcomes=256 batch_topologies=256 seen=10214700
step=41950 loss=0.0019 reverse_nll=0.0000 ESS=0.999 batch_outcomes=256 batch_topologies=256 seen=10214872
step=41975 loss=0.0019 reverse_nll=0.0000 ESS=0.999 batch_outcomes=256 batch_topologies=256 seen=10215083
step=42000 loss=0.0012 reverse_nll=0.0000 ESS=0.999 batch_outcomes=256 batch_topologies=256 seen=10215240
step=42025 loss=-0.0011 reverse_nll=0.0000 ESS=0.999 batch_outcomes=256 batch_topologies=256 seen=10215430
step=42050 loss=-0.0002 reverse_nll=0.0000 ESS=0.999 batch_outcomes=256 batch_topologies=256 seen=10215605
step=42075 loss=0.1096 reverse_nll=1.3658 ESS=0.874 batch_outcomes=256 batch_topologies=256 seen=10216158
step=42100 loss=0.0233 reverse_nll=0.1401 ESS=0.925 batch_outcomes=256 batch_topologies=256 seen=10217426
step=42125 loss=-0.0235 reverse_nll=0.0096 ESS=0.955 batch_outcomes=256 batch_topologies=256 seen=10218458
step=42150 loss=-0.0489 reverse_nll=0.0111 ESS=0.984 batch_outcomes=256 batch_topologies=256 seen=10219303
step=42175 loss=-0.0506 reverse_nll=0.0193 ESS=0.989 batch_outcomes=256 batch_topologies=256 seen=10219973
step=42200 loss=-0.0418 reverse_nll=0.0096 ESS=0.992 batch_outcomes=256 batch_topologies=256 seen=10220586
step=42225 loss=-0.0248 reverse_nll=0.0122 ESS=0.988 batch_outcomes=256 batch_topologies=256 seen=10221033
step=42250 loss=-0.0302 reverse_nll=0.0010 ESS=0.998 batch_outcomes=256 batch_topologies=256 seen=10221459
step=42275 loss=-0.0175 reverse_nll=0.0016 ESS=0.991 batch_outcomes=256 batch_topologies=256 seen=10221902
step=42300 loss=-0.0109 reverse_nll=0.3159 ESS=0.985 batch_outcomes=256 batch_topologies=256 seen=10222269
step=42325 loss=-0.0247 reverse_nll=0.0000 ESS=0.999 batch_outcomes=256 batch_topologies=256 seen=10222670
step=42350 loss=-0.0172 reverse_nll=0.0000 ESS=0.999 batch_outcomes=256 batch_topologies=256 seen=10222977
step=42375 loss=-0.0115 reverse_nll=0.0000 ESS=0.999 batch_outcomes=256 batch_topologies=256 seen=10223283
step=42400 loss=-0.0097 reverse_nll=0.0000 ESS=0.999 batch_outcomes=256 batch_topologies=256 seen=10223561
step=42425 loss=-0.0058 reverse_nll=0.0000 ESS=0.999 batch_outcomes=256 batch_topologies=256 seen=10223816
step=42450 loss=-0.0046 reverse_nll=0.0000 ESS=0.999 batch_outcomes=256 batch_topologies=256 seen=10224041
step=42475 loss=-0.0042 reverse_nll=0.0000 ESS=0.999 batch_outcomes=256 batch_topologies=256 seen=10224291
step=42500 loss=-0.0051 reverse_nll=0.0000 ESS=0.999 batch_outcomes=256 batch_topologies=256 seen=10224523
step=42525 loss=-0.0015 reverse_nll=0.0000 ESS=0.999 batch_outcomes=256 batch_topologies=256 seen=10224759
step=42550 loss=-0.0023 reverse_nll=0.0000 ESS=0.999 batch_outcomes=256 batch_topologies=256 seen=10224961
step=42575 loss=-0.0014 reverse_nll=0.0000 ESS=0.999 batch_outcomes=256 batch_topologies=256 seen=10225760
step=42600 loss=-0.0015 reverse_nll=0.0000 ESS=0.999 batch_outcomes=256 batch_topologies=256 seen=10227305
step=42625 loss=-0.0007 reverse_nll=0.0000 ESS=0.999 batch_outcomes=256 batch_topologies=256 seen=10228480
step=42650 loss=-0.0017 reverse_nll=0.0000 ESS=0.999 batch_outcomes=256 batch_topologies=256 seen=10229394
step=42675 loss=0.0015 reverse_nll=0.0000 ESS=0.999 batch_outcomes=256 batch_topologies=256 seen=10230262
step=42700 loss=0.0010 reverse_nll=0.0000 ESS=0.999 batch_outcomes=256 batch_topologies=256 seen=10230993
step=42725 loss=0.0009 reverse_nll=0.0000 ESS=0.999 batch_outcomes=256 batch_topologies=256 seen=10231579
step=42750 loss=0.0004 reverse_nll=0.0000 ESS=0.999 batch_outcomes=256 batch_topologies=256 seen=10232133
step=42775 loss=-0.0040 reverse_nll=0.0000 ESS=0.999 batch_outcomes=256 batch_topologies=256 seen=10232617
step=42800 loss=-0.0013 reverse_nll=0.0000 ESS=0.999 batch_outcomes=256 batch_topologies=256 seen=10233034
step=42825 loss=0.0020 reverse_nll=0.0000 ESS=0.999 batch_outcomes=256 batch_topologies=256 seen=10233384
step=42850 loss=0.0002 reverse_nll=0.0000 ESS=0.999 batch_outcomes=256 batch_topologies=256 seen=10233710
step=42875 loss=-0.0016 reverse_nll=0.0000 ESS=0.999 batch_outcomes=256 batch_topologies=256 seen=10234051
step=42900 loss=0.0023 reverse_nll=0.0000 ESS=0.999 batch_outcomes=256 batch_topologies=256 seen=10234342
step=42925 loss=-0.0003 reverse_nll=0.0000 ESS=0.999 batch_outcomes=256 batch_topologies=256 seen=10234636
step=42950 loss=-0.0018 reverse_nll=0.0000 ESS=0.999 batch_outcomes=256 batch_topologies=256 seen=10234903
step=42975 loss=-0.0007 reverse_nll=0.0000 ESS=0.999 batch_outcomes=256 batch_topologies=256 seen=10235158
step=43000 loss=-0.0016 reverse_nll=0.0000 ESS=0.999 batch_outcomes=256 batch_topologies=256 seen=10235438
step=43025 loss=0.0008 reverse_nll=0.0000 ESS=0.999 batch_outcomes=256 batch_topologies=256 seen=10235672
step=43050 loss=0.0002 reverse_nll=0.0000 ESS=0.999 batch_outcomes=256 batch_topologies=256 seen=10235898
step=43075 loss=-0.0008 reverse_nll=0.0000 ESS=0.999 batch_outcomes=256 batch_topologies=256 seen=10236114
step=43100 loss=-0.0007 reverse_nll=0.0000 ESS=0.999 batch_outcomes=256 batch_topologies=256 seen=10236353
step=43125 loss=0.0002 reverse_nll=0.0000 ESS=0.999 batch_outcomes=256 batch_topologies=256 seen=10236581
step=43150 loss=0.0008 reverse_nll=0.0000 ESS=0.999 batch_outcomes=256 batch_topologies=256 seen=10236799
step=43175 loss=-0.0004 reverse_nll=0.0000 ESS=0.999 batch_outcomes=256 batch_topologies=256 seen=10237024
step=43200 loss=0.0009 reverse_nll=0.0000 ESS=0.999 batch_outcomes=256 batch_topologies=256 seen=10237227
step=43225 loss=-0.0002 reverse_nll=0.0000 ESS=0.999 batch_outcomes=256 batch_topologies=256 seen=10237426
step=43250 loss=0.0002 reverse_nll=0.0000 ESS=0.999 batch_outcomes=256 batch_topologies=256 seen=10237633
step=43275 loss=-0.0001 reverse_nll=0.0000 ESS=0.999 batch_outcomes=256 batch_topologies=256 seen=10237837
step=43300 loss=0.0008 reverse_nll=0.0000 ESS=0.999 batch_outcomes=256 batch_topologies=256 seen=10238030
step=43325 loss=-0.0007 reverse_nll=0.0000 ESS=0.999 batch_outcomes=256 batch_topologies=256 seen=10238213
step=43350 loss=-0.0008 reverse_nll=0.0000 ESS=0.999 batch_outcomes=256 batch_topologies=256 seen=10238377
step=43375 loss=0.0004 reverse_nll=0.0000 ESS=0.999 batch_outcomes=256 batch_topologies=256 seen=10238561
step=43400 loss=0.0006 reverse_nll=0.0000 ESS=0.999 batch_outcomes=256 batch_topologies=256 seen=10238749
step=43425 loss=0.1575 reverse_nll=0.0897 ESS=0.835 batch_outcomes=256 batch_topologies=256 seen=10239796
step=43450 loss=0.0153 reverse_nll=0.1557 ESS=0.945 batch_outcomes=256 batch_topologies=256 seen=10240895
step=43475 loss=0.0486 reverse_nll=0.0294 ESS=0.913 batch_outcomes=256 batch_topologies=256 seen=10241728
step=43500 loss=-0.0394 reverse_nll=0.0179 ESS=0.984 batch_outcomes=256 batch_topologies=256 seen=10242359
step=43525 loss=-0.0528 reverse_nll=0.0005 ESS=0.999 batch_outcomes=256 batch_topologies=256 seen=10242966
step=43550 loss=-0.0383 reverse_nll=0.0004 ESS=0.998 batch_outcomes=256 batch_topologies=256 seen=10243438
step=43575 loss=-0.0296 reverse_nll=0.0020 ESS=0.991 batch_outcomes=256 batch_topologies=256 seen=10243912
step=43600 loss=-0.0263 reverse_nll=0.0004 ESS=0.998 batch_outcomes=256 batch_topologies=256 seen=10244333
step=43625 loss=-0.0270 reverse_nll=0.0000 ESS=0.999 batch_outcomes=256 batch_topologies=256 seen=10244706
step=43650 loss=-0.0184 reverse_nll=0.0000 ESS=0.999 batch_outcomes=256 batch_topologies=256 seen=10245032
step=43675 loss=-0.0126 reverse_nll=0.0000 ESS=0.999 batch_outcomes=256 batch_topologies=256 seen=10245249
step=43700 loss=-0.0097 reverse_nll=0.0000 ESS=0.999 batch_outcomes=256 batch_topologies=256 seen=10245512
step=43725 loss=-0.0059 reverse_nll=0.0000 ESS=0.999 batch_outcomes=256 batch_topologies=256 seen=10245772
step=43750 loss=-0.0082 reverse_nll=0.0000 ESS=0.999 batch_outcomes=256 batch_topologies=256 seen=10246843
step=43775 loss=-0.0057 reverse_nll=0.0000 ESS=0.999 batch_outcomes=256 batch_topologies=256 seen=10247931
step=43800 loss=-0.0035 reverse_nll=0.0000 ESS=0.999 batch_outcomes=256 batch_topologies=256 seen=10248746
step=43825 loss=-0.0033 reverse_nll=0.0000 ESS=0.999 batch_outcomes=256 batch_topologies=256 seen=10249463
step=43850 loss=-0.0008 reverse_nll=0.0000 ESS=0.999 batch_outcomes=256 batch_topologies=256 seen=10250082
step=43875 loss=0.0017 reverse_nll=0.0000 ESS=0.999 batch_outcomes=256 batch_topologies=256 seen=10250636
step=43900 loss=-0.0015 reverse_nll=0.0000 ESS=0.999 batch_outcomes=256 batch_topologies=256 seen=10251064
step=43925 loss=0.0003 reverse_nll=0.0000 ESS=0.999 batch_outcomes=256 batch_topologies=256 seen=10251497
step=43950 loss=-0.0020 reverse_nll=0.0000 ESS=0.999 batch_outcomes=256 batch_topologies=256 seen=10251888
step=43975 loss=-0.0025 reverse_nll=0.0000 ESS=0.999 batch_outcomes=256 batch_topologies=256 seen=10252253
step=44000 loss=0.0020 reverse_nll=0.0000 ESS=0.999 batch_outcomes=256 batch_topologies=256 seen=10252709
step=44025 loss=0.0002 reverse_nll=0.0000 ESS=0.999 batch_outcomes=256 batch_topologies=256 seen=10257667
step=44050 loss=-0.0025 reverse_nll=0.0000 ESS=0.999 batch_outcomes=256 batch_topologies=256 seen=10262671
step=44075 loss=-0.0019 reverse_nll=0.0000 ESS=0.999 batch_outcomes=256 batch_topologies=256 seen=10267528
step=44100 loss=0.0004 reverse_nll=0.0000 ESS=0.999 batch_outcomes=256 batch_topologies=256 seen=10272350
step=44125 loss=-0.0008 reverse_nll=0.0000 ESS=0.999 batch_outcomes=256 batch_topologies=256 seen=10277244
step=44150 loss=-0.0008 reverse_nll=0.0000 ESS=0.999 batch_outcomes=256 batch_topologies=256 seen=10281935
step=44175 loss=0.0016 reverse_nll=0.0000 ESS=0.999 batch_outcomes=256 batch_topologies=256 seen=10286531
step=44200 loss=-0.0004 reverse_nll=0.0000 ESS=0.999 batch_outcomes=256 batch_topologies=256 seen=10291068
step=44225 loss=0.0010 reverse_nll=0.0000 ESS=0.999 batch_outcomes=256 batch_topologies=256 seen=10295655
step=44250 loss=-0.0006 reverse_nll=0.0000 ESS=0.999 batch_outcomes=256 batch_topologies=256 seen=10300236
step=44275 loss=0.0007 reverse_nll=0.0000 ESS=0.999 batch_outcomes=256 batch_topologies=256 seen=10304690
step=44300 loss=0.0019 reverse_nll=0.0000 ESS=0.999 batch_outcomes=256 batch_topologies=256 seen=10309156
step=44325 loss=-0.0025 reverse_nll=0.0000 ESS=0.999 batch_outcomes=256 batch_topologies=256 seen=10313499
step=44350 loss=0.0033 reverse_nll=0.0000 ESS=0.999 batch_outcomes=256 batch_topologies=256 seen=10317709
step=44375 loss=0.0032 reverse_nll=0.0000 ESS=0.999 batch_outcomes=256 batch_topologies=256 seen=10322003
step=44400 loss=-0.0001 reverse_nll=0.0000 ESS=0.999 batch_outcomes=256 batch_topologies=256 seen=10326262
step=44425 loss=0.0023 reverse_nll=0.0000 ESS=0.999 batch_outcomes=256 batch_topologies=256 seen=10330480
step=44450 loss=-0.0016 reverse_nll=0.0000 ESS=0.999 batch_outcomes=256 batch_topologies=256 seen=10334647
step=44475 loss=-0.0019 reverse_nll=0.0000 ESS=0.999 batch_outcomes=256 batch_topologies=256 seen=10338840
step=44500 loss=0.0002 reverse_nll=0.0000 ESS=0.999 batch_outcomes=256 batch_topologies=256 seen=10343027
[final] running: /home/armaan/phylogfn/.venv/bin/python -u -m learned_reverse_ips.train --run-name learned_reverse_27taxa_noreplay_b4096_seed2 --cfg src/configs/benchmark_dna_cfgs/discrete_branch_lengths/cfg_0.001binsize_50bins_temperature_anneal_0.4_27taxa_shift12000.yaml --dataset dataset/benchmark_datasets/DS1.pickle --output final/runs/27taxa_noreplay_b4096_seed2/learned_reverse --seed 2 --epochs 25000 --steps-per-epoch 1 --on-policy-batch-size 1024 --replay-batch-size 0 --replay-buffer-size 512 --checkpoint-every 1000 --full-model --outcome-level signature --advantage-reward-mode log_reward --grpo-lr 1e-4 --grpo-entropy-coef 0.0 --grpo-num-iterations 1 --rollout-chunk-size 1024 --print-every 25 --disable-replay --reward-target shifted_linear --reverse-lr 0.001 --reverse-train-epochs 8 --reverse-hidden-size 256 --reverse-num-layers 3 --skip-post-train --reverse-policy mlp --resume-from /home/armaan/phylogfn/final/runs/27taxa_noreplay_b4096_seed2/learned_reverse/20260825_220513_learned_reverse_27taxa_noreplay_b4096_seed2_learned_reverse_ips_grpo --mini-batch-splits 4
cpu_threads=2
/home/armaan/phylogfn/src/gfn/tb_gfn_phylo.py:126: FutureWarning: `torch.cuda.amp.GradScaler(args...)` is deprecated. Please use `torch.amp.GradScaler('cuda', args...)` instead.
  self.scaler = torch.cuda.amp.GradScaler()
warning: removing 503 metrics records newer than committed checkpoint checkpoint_epoch10999.pt
resuming from checkpoint_epoch10999.pt: global_step=44000 mode=on_policy
  continue epochs [11000, 25000)
restored learned-reverse state from learned_reverse_epoch10999.pt
run_dir=/home/armaan/phylogfn/final/runs/27taxa_noreplay_b4096_seed2/learned_reverse/20260825_220513_learned_reverse_27taxa_noreplay_b4096_seed2_learned_reverse_ips_grpo
method=learned_reverse_ips_grpo device=cuda:0 reverse_policy_type=mlp outcome_level=signature reward_target=shifted_linear full_model=True G_on=1024 G_replay=0 G_total=1024 replay_buffer=0
weight=R(x)*q_phi(tau|x)/P_F(tau); reverse update happens after PPO
step=44000 loss=-0.0020 reverse_nll=0.0000 ESS=0.999 batch_outcomes=256 batch_topologies=256 seen=10252538
step=44025 loss=-0.0012 reverse_nll=0.0000 ESS=0.999 batch_outcomes=256 batch_topologies=256 seen=10252660
step=44050 loss=0.0013 reverse_nll=0.0000 ESS=0.999 batch_outcomes=256 batch_topologies=256 seen=10252746
step=44075 loss=0.0003 reverse_nll=0.0000 ESS=0.999 batch_outcomes=256 batch_topologies=256 seen=10252851
step=44100 loss=0.0006 reverse_nll=0.0000 ESS=0.999 batch_outcomes=256 batch_topologies=256 seen=10252944
step=44125 loss=0.0012 reverse_nll=0.0000 ESS=0.999 batch_outcomes=256 batch_topologies=256 seen=10253035
step=44150 loss=0.0010 reverse_nll=0.0000 ESS=0.999 batch_outcomes=256 batch_topologies=256 seen=10253131
step=44175 loss=-0.0018 reverse_nll=0.0000 ESS=0.999 batch_outcomes=256 batch_topologies=256 seen=10253230
step=44200 loss=-0.0025 reverse_nll=0.0000 ESS=0.999 batch_outcomes=256 batch_topologies=256 seen=10253321
step=44225 loss=-0.0002 reverse_nll=0.0000 ESS=0.999 batch_outcomes=256 batch_topologies=256 seen=10253423
step=44250 loss=0.0009 reverse_nll=0.0000 ESS=0.999 batch_outcomes=256 batch_topologies=256 seen=10253513
step=44275 loss=-0.0034 reverse_nll=0.0000 ESS=0.999 batch_outcomes=256 batch_topologies=256 seen=10253599
step=44300 loss=0.0005 reverse_nll=0.0000 ESS=0.999 batch_outcomes=256 batch_topologies=256 seen=10253738
step=44325 loss=0.0020 reverse_nll=0.0000 ESS=0.999 batch_outcomes=256 batch_topologies=256 seen=10253866
step=44350 loss=-0.0008 reverse_nll=0.0000 ESS=0.999 batch_outcomes=256 batch_topologies=256 seen=10253961
step=44375 loss=-0.0004 reverse_nll=0.0000 ESS=0.999 batch_outcomes=256 batch_topologies=256 seen=10254078
step=44400 loss=-0.0004 reverse_nll=0.0000 ESS=0.999 batch_outcomes=256 batch_topologies=256 seen=10254213
step=44425 loss=-0.0016 reverse_nll=0.0000 ESS=0.999 batch_outcomes=256 batch_topologies=256 seen=10254306
step=44450 loss=-0.0006 reverse_nll=0.0000 ESS=0.999 batch_outcomes=256 batch_topologies=256 seen=10254412
step=44475 loss=0.0007 reverse_nll=0.0000 ESS=0.999 batch_outcomes=256 batch_topologies=256 seen=10254512
step=44500 loss=-0.0026 reverse_nll=0.0000 ESS=0.999 batch_outcomes=256 batch_topologies=256 seen=10254587
step=44525 loss=0.0009 reverse_nll=0.0000 ESS=0.999 batch_outcomes=256 batch_topologies=256 seen=10254677
step=44550 loss=0.0013 reverse_nll=0.0000 ESS=0.999 batch_outcomes=256 batch_topologies=256 seen=10254777
step=44575 loss=0.0010 reverse_nll=0.0000 ESS=0.999 batch_outcomes=256 batch_topologies=256 seen=10254868
step=44600 loss=-0.0003 reverse_nll=0.0000 ESS=0.999 batch_outcomes=256 batch_topologies=256 seen=10254964
step=44625 loss=-0.0010 reverse_nll=0.0000 ESS=0.999 batch_outcomes=256 batch_topologies=256 seen=10255061
step=44650 loss=0.9939 reverse_nll=7.6021 ESS=0.007 batch_outcomes=256 batch_topologies=256 seen=10255143
step=44675 loss=0.0913 reverse_nll=0.0901 ESS=0.870 batch_outcomes=256 batch_topologies=256 seen=10256655
step=44700 loss=-0.0358 reverse_nll=0.0602 ESS=0.954 batch_outcomes=256 batch_topologies=256 seen=10257722
step=44725 loss=-0.0741 reverse_nll=0.0090 ESS=0.997 batch_outcomes=256 batch_topologies=256 seen=10258552
step=44750 loss=-0.0511 reverse_nll=0.0010 ESS=0.990 batch_outcomes=256 batch_topologies=256 seen=10259260
step=44775 loss=-0.0472 reverse_nll=0.0133 ESS=0.994 batch_outcomes=256 batch_topologies=256 seen=10259796
step=44800 loss=-0.0499 reverse_nll=0.0002 ESS=0.995 batch_outcomes=256 batch_topologies=256 seen=10260246
step=44825 loss=-0.0420 reverse_nll=0.0002 ESS=0.999 batch_outcomes=256 batch_topologies=256 seen=10260665
step=44850 loss=-0.0293 reverse_nll=0.0000 ESS=0.999 batch_outcomes=256 batch_topologies=256 seen=10261012
step=44875 loss=-0.0213 reverse_nll=0.0000 ESS=0.999 batch_outcomes=256 batch_topologies=256 seen=10261285
step=44900 loss=-0.0217 reverse_nll=0.0000 ESS=0.999 batch_outcomes=256 batch_topologies=256 seen=10261510
step=44925 loss=-0.0133 reverse_nll=0.0000 ESS=0.999 batch_outcomes=256 batch_topologies=256 seen=10261735
step=44950 loss=-0.0119 reverse_nll=0.0000 ESS=0.999 batch_outcomes=256 batch_topologies=256 seen=10261923
step=44975 loss=-0.0107 reverse_nll=0.0000 ESS=0.999 batch_outcomes=256 batch_topologies=256 seen=10262089
step=45000 loss=-0.0073 reverse_nll=0.0000 ESS=0.999 batch_outcomes=256 batch_topologies=256 seen=10262265
step=45025 loss=-0.0042 reverse_nll=0.0000 ESS=0.999 batch_outcomes=256 batch_topologies=256 seen=10262402
step=45050 loss=-0.0030 reverse_nll=0.0000 ESS=0.999 batch_outcomes=256 batch_topologies=256 seen=10262533
step=45075 loss=-0.0068 reverse_nll=0.0000 ESS=0.999 batch_outcomes=256 batch_topologies=256 seen=10262644
step=45100 loss=-0.0029 reverse_nll=0.0000 ESS=0.999 batch_outcomes=256 batch_topologies=256 seen=10262747
step=45125 loss=-0.0032 reverse_nll=0.0000 ESS=0.999 batch_outcomes=256 batch_topologies=256 seen=10262869
step=45150 loss=0.0011 reverse_nll=0.0000 ESS=0.999 batch_outcomes=256 batch_topologies=256 seen=10262988
step=45175 loss=-0.0010 reverse_nll=0.0000 ESS=0.999 batch_outcomes=256 batch_topologies=256 seen=10263082
step=45200 loss=-0.0007 reverse_nll=0.0000 ESS=0.999 batch_outcomes=256 batch_topologies=256 seen=10263191
step=45225 loss=-0.0007 reverse_nll=0.0000 ESS=0.999 batch_outcomes=256 batch_topologies=256 seen=10263299
step=45250 loss=-0.0006 reverse_nll=0.0000 ESS=0.999 batch_outcomes=256 batch_topologies=256 seen=10263396
step=45275 loss=0.0007 reverse_nll=0.0000 ESS=0.999 batch_outcomes=256 batch_topologies=256 seen=10263499
step=45300 loss=-0.0001 reverse_nll=0.0000 ESS=0.999 batch_outcomes=256 batch_topologies=256 seen=10263602
step=45325 loss=0.0010 reverse_nll=0.0000 ESS=0.999 batch_outcomes=256 batch_topologies=256 seen=10263703
step=45350 loss=-0.0014 reverse_nll=0.0000 ESS=0.999 batch_outcomes=256 batch_topologies=256 seen=10263814
step=45375 loss=-0.0028 reverse_nll=0.0000 ESS=0.999 batch_outcomes=256 batch_topologies=256 seen=10263895
step=45400 loss=-0.0000 reverse_nll=0.0000 ESS=0.999 batch_outcomes=256 batch_topologies=256 seen=10264003
step=45425 loss=-0.0008 reverse_nll=0.0000 ESS=0.999 batch_outcomes=256 batch_topologies=256 seen=10264136
step=45450 loss=-0.0010 reverse_nll=0.0000 ESS=0.999 batch_outcomes=256 batch_topologies=256 seen=10264236
step=45475 loss=0.0023 reverse_nll=0.0000 ESS=0.999 batch_outcomes=256 batch_topologies=256 seen=10264337
step=45500 loss=-0.0016 reverse_nll=0.0000 ESS=0.999 batch_outcomes=256 batch_topologies=256 seen=10264427
step=45525 loss=0.0004 reverse_nll=0.0000 ESS=0.999 batch_outcomes=256 batch_topologies=256 seen=10264517
step=45550 loss=-0.0002 reverse_nll=0.0000 ESS=0.999 batch_outcomes=256 batch_topologies=256 seen=10264615
step=45575 loss=-0.0002 reverse_nll=0.0000 ESS=0.999 batch_outcomes=256 batch_topologies=256 seen=10264714
step=45600 loss=-0.0009 reverse_nll=0.0000 ESS=0.999 batch_outcomes=256 batch_topologies=256 seen=10264813
step=45625 loss=0.0009 reverse_nll=0.0000 ESS=0.999 batch_outcomes=256 batch_topologies=256 seen=10264907
step=45650 loss=-0.0025 reverse_nll=0.0000 ESS=0.999 batch_outcomes=256 batch_topologies=256 seen=10264985
step=45675 loss=0.0014 reverse_nll=0.0000 ESS=0.999 batch_outcomes=256 batch_topologies=256 seen=10265070
step=45700 loss=0.0005 reverse_nll=0.0000 ESS=0.999 batch_outcomes=256 batch_topologies=256 seen=10265148
step=45725 loss=-0.0025 reverse_nll=0.0000 ESS=0.999 batch_outcomes=256 batch_topologies=256 seen=10265225
step=45750 loss=0.2794 reverse_nll=0.3730 ESS=0.790 batch_outcomes=256 batch_topologies=256 seen=10265666
step=45775 loss=-0.0162 reverse_nll=0.1095 ESS=0.973 batch_outcomes=256 batch_topologies=256 seen=10266764
step=45800 loss=0.0287 reverse_nll=0.0374 ESS=0.930 batch_outcomes=256 batch_topologies=256 seen=10267485
step=45825 loss=-0.0375 reverse_nll=0.0078 ESS=0.975 batch_outcomes=256 batch_topologies=256 seen=10268093
step=45850 loss=-0.0320 reverse_nll=0.0799 ESS=0.981 batch_outcomes=256 batch_topologies=256 seen=10268616
step=45875 loss=-0.0490 reverse_nll=0.0029 ESS=0.999 batch_outcomes=256 batch_topologies=256 seen=10269042
step=45900 loss=-0.0391 reverse_nll=0.0005 ESS=0.999 batch_outcomes=256 batch_topologies=256 seen=10269399
step=45925 loss=-0.0202 reverse_nll=0.0004 ESS=0.987 batch_outcomes=256 batch_topologies=256 seen=10269713
step=45950 loss=-0.0227 reverse_nll=0.0002 ESS=0.996 batch_outcomes=256 batch_topologies=256 seen=10270046
step=45975 loss=-0.0199 reverse_nll=0.0000 ESS=0.999 batch_outcomes=256 batch_topologies=256 seen=10270278
step=46000 loss=-0.0157 reverse_nll=0.0000 ESS=0.999 batch_outcomes=256 batch_topologies=256 seen=10270459
step=46025 loss=-0.0145 reverse_nll=0.0000 ESS=0.999 batch_outcomes=256 batch_topologies=256 seen=10270624
step=46050 loss=-0.0107 reverse_nll=0.0000 ESS=0.999 batch_outcomes=256 batch_topologies=256 seen=10270783
step=46075 loss=-0.0068 reverse_nll=0.0000 ESS=0.999 batch_outcomes=256 batch_topologies=256 seen=10270928
step=46100 loss=-0.0051 reverse_nll=0.0000 ESS=0.999 batch_outcomes=256 batch_topologies=256 seen=10271082
step=46125 loss=-0.0046 reverse_nll=0.0000 ESS=0.999 batch_outcomes=256 batch_topologies=256 seen=10271206
step=46150 loss=-0.0032 reverse_nll=0.0000 ESS=0.999 batch_outcomes=256 batch_topologies=256 seen=10271336
step=46175 loss=-0.0025 reverse_nll=0.0000 ESS=0.999 batch_outcomes=256 batch_topologies=256 seen=10271460
step=46200 loss=-0.0024 reverse_nll=0.0000 ESS=0.999 batch_outcomes=256 batch_topologies=256 seen=10271582
step=46225 loss=-0.0005 reverse_nll=0.0000 ESS=0.999 batch_outcomes=256 batch_topologies=256 seen=10271690
step=46250 loss=-0.0011 reverse_nll=0.0000 ESS=0.999 batch_outcomes=256 batch_topologies=256 seen=10271809
step=46275 loss=0.0019 reverse_nll=0.0000 ESS=0.999 batch_outcomes=256 batch_topologies=256 seen=10271922
step=46300 loss=-0.0040 reverse_nll=0.0000 ESS=0.999 batch_outcomes=256 batch_topologies=256 seen=10272025
step=46325 loss=-0.0013 reverse_nll=0.0000 ESS=0.999 batch_outcomes=256 batch_topologies=256 seen=10272127
step=46350 loss=-0.0000 reverse_nll=0.0000 ESS=0.999 batch_outcomes=256 batch_topologies=256 seen=10272220
step=46375 loss=0.0016 reverse_nll=0.0000 ESS=0.999 batch_outcomes=256 batch_topologies=256 seen=10272322
step=46400 loss=0.0004 reverse_nll=0.0000 ESS=0.999 batch_outcomes=256 batch_topologies=256 seen=10272404
step=46425 loss=0.0024 reverse_nll=0.0000 ESS=0.999 batch_outcomes=256 batch_topologies=256 seen=10272488
step=46450 loss=0.0016 reverse_nll=0.0000 ESS=0.999 batch_outcomes=256 batch_topologies=256 seen=10272581
step=46475 loss=0.0003 reverse_nll=0.0000 ESS=0.999 batch_outcomes=256 batch_topologies=256 seen=10272674
step=46500 loss=-0.0009 reverse_nll=0.0000 ESS=0.999 batch_outcomes=256 batch_topologies=256 seen=10272759
step=46525 loss=0.0012 reverse_nll=0.0000 ESS=0.999 batch_outcomes=256 batch_topologies=256 seen=10272836
step=46550 loss=-0.0000 reverse_nll=0.0000 ESS=0.999 batch_outcomes=256 batch_topologies=256 seen=10272935
step=46575 loss=0.0009 reverse_nll=0.0000 ESS=0.999 batch_outcomes=256 batch_topologies=256 seen=10273043
step=46600 loss=0.0005 reverse_nll=0.0000 ESS=0.999 batch_outcomes=256 batch_topologies=256 seen=10273177
step=46625 loss=0.0002 reverse_nll=0.0000 ESS=0.999 batch_outcomes=256 batch_topologies=256 seen=10273288
step=46650 loss=-0.0005 reverse_nll=0.0000 ESS=0.999 batch_outcomes=256 batch_topologies=256 seen=10273380
step=46675 loss=0.0025 reverse_nll=0.0000 ESS=0.999 batch_outcomes=256 batch_topologies=256 seen=10273459
step=46700 loss=0.0013 reverse_nll=0.0000 ESS=0.999 batch_outcomes=256 batch_topologies=256 seen=10273554
step=46725 loss=0.0018 reverse_nll=0.0000 ESS=0.999 batch_outcomes=256 batch_topologies=256 seen=10273632
step=46750 loss=-0.0000 reverse_nll=0.0000 ESS=0.999 batch_outcomes=256 batch_topologies=256 seen=10273725
step=46775 loss=-0.0034 reverse_nll=0.0000 ESS=0.999 batch_outcomes=256 batch_topologies=256 seen=10273811
step=46800 loss=-0.0009 reverse_nll=0.0000 ESS=0.999 batch_outcomes=256 batch_topologies=256 seen=10273895
step=46825 loss=0.0016 reverse_nll=0.0000 ESS=0.999 batch_outcomes=256 batch_topologies=256 seen=10273968
step=46850 loss=-0.0002 reverse_nll=0.0000 ESS=0.999 batch_outcomes=256 batch_topologies=256 seen=10274056
step=46875 loss=-0.0008 reverse_nll=0.0000 ESS=0.999 batch_outcomes=256 batch_topologies=256 seen=10274130
step=46900 loss=0.0025 reverse_nll=0.0000 ESS=0.999 batch_outcomes=256 batch_topologies=256 seen=10274206
step=46925 loss=0.0003 reverse_nll=0.0000 ESS=0.999 batch_outcomes=256 batch_topologies=256 seen=10274281
step=46950 loss=0.2095 reverse_nll=0.9685 ESS=0.817 batch_outcomes=256 batch_topologies=256 seen=10274561
step=46975 loss=-0.0276 reverse_nll=0.1221 ESS=0.971 batch_outcomes=256 batch_topologies=256 seen=10275702
step=47000 loss=-0.0340 reverse_nll=0.0065 ESS=0.962 batch_outcomes=256 batch_topologies=256 seen=10276529
step=47025 loss=-0.0294 reverse_nll=0.1450 ESS=0.974 batch_outcomes=256 batch_topologies=256 seen=10277169
step=47050 loss=-0.0608 reverse_nll=0.0004 ESS=0.999 batch_outcomes=256 batch_topologies=256 seen=10277716
step=47075 loss=-0.0234 reverse_nll=0.0028 ESS=0.982 batch_outcomes=256 batch_topologies=256 seen=10278208
step=47100 loss=-0.0352 reverse_nll=0.0006 ESS=0.994 batch_outcomes=256 batch_topologies=256 seen=10278573
step=47125 loss=-0.0247 reverse_nll=0.0006 ESS=0.994 batch_outcomes=256 batch_topologies=256 seen=10278874
step=47150 loss=-0.0259 reverse_nll=0.0000 ESS=0.999 batch_outcomes=256 batch_topologies=256 seen=10279130
step=47175 loss=-0.0215 reverse_nll=0.0000 ESS=0.999 batch_outcomes=256 batch_topologies=256 seen=10279318
step=47200 loss=-0.0150 reverse_nll=0.0000 ESS=0.999 batch_outcomes=256 batch_topologies=256 seen=10279491
step=47225 loss=-0.0122 reverse_nll=0.0000 ESS=0.999 batch_outcomes=256 batch_topologies=256 seen=10279642
step=47250 loss=-0.0090 reverse_nll=0.0000 ESS=0.999 batch_outcomes=256 batch_topologies=256 seen=10279799
step=47275 loss=-0.0069 reverse_nll=0.0000 ESS=0.999 batch_outcomes=256 batch_topologies=256 seen=10279939
step=47300 loss=-0.0057 reverse_nll=0.0000 ESS=0.999 batch_outcomes=256 batch_topologies=256 seen=10280095
step=47325 loss=-0.0057 reverse_nll=0.0000 ESS=0.999 batch_outcomes=256 batch_topologies=256 seen=10280234
step=47350 loss=-0.0044 reverse_nll=0.0000 ESS=0.999 batch_outcomes=256 batch_topologies=256 seen=10280345
step=47375 loss=-0.0029 reverse_nll=0.0000 ESS=0.999 batch_outcomes=256 batch_topologies=256 seen=10280442
step=47400 loss=-0.0017 reverse_nll=0.0000 ESS=0.999 batch_outcomes=256 batch_topologies=256 seen=10280555
step=47425 loss=-0.0027 reverse_nll=0.0000 ESS=0.999 batch_outcomes=256 batch_topologies=256 seen=10280667
step=47450 loss=-0.0015 reverse_nll=0.0000 ESS=0.999 batch_outcomes=256 batch_topologies=256 seen=10280783
step=47475 loss=-0.0005 reverse_nll=0.0000 ESS=0.999 batch_outcomes=256 batch_topologies=256 seen=10280873
step=47500 loss=-0.0006 reverse_nll=0.0000 ESS=0.999 batch_outcomes=256 batch_topologies=256 seen=10280961
step=47525 loss=-0.0042 reverse_nll=0.0000 ESS=0.999 batch_outcomes=256 batch_topologies=256 seen=10281060
step=47550 loss=0.0014 reverse_nll=0.0000 ESS=0.999 batch_outcomes=256 batch_topologies=256 seen=10281163
step=47575 loss=-0.0019 reverse_nll=0.0000 ESS=0.999 batch_outcomes=256 batch_topologies=256 seen=10281268
step=47600 loss=0.0024 reverse_nll=0.0000 ESS=0.999 batch_outcomes=256 batch_topologies=256 seen=10281365
step=47625 loss=-0.0014 reverse_nll=0.0000 ESS=0.999 batch_outcomes=256 batch_topologies=256 seen=10281453
step=47650 loss=0.0020 reverse_nll=0.0000 ESS=0.999 batch_outcomes=256 batch_topologies=256 seen=10281560
step=47675 loss=0.0009 reverse_nll=0.0000 ESS=0.999 batch_outcomes=256 batch_topologies=256 seen=10281648
step=47700 loss=0.0017 reverse_nll=0.0000 ESS=0.999 batch_outcomes=256 batch_topologies=256 seen=10281736
step=47725 loss=0.0025 reverse_nll=0.0000 ESS=0.999 batch_outcomes=256 batch_topologies=256 seen=10281857
step=47750 loss=-0.0014 reverse_nll=0.0000 ESS=0.999 batch_outcomes=256 batch_topologies=256 seen=10281984
step=47775 loss=0.0000 reverse_nll=0.0000 ESS=0.999 batch_outcomes=256 batch_topologies=256 seen=10282116
step=47800 loss=0.0012 reverse_nll=0.0000 ESS=0.999 batch_outcomes=256 batch_topologies=256 seen=10282230
step=47825 loss=-0.0003 reverse_nll=0.0000 ESS=0.999 batch_outcomes=256 batch_topologies=256 seen=10282350
step=47850 loss=0.0005 reverse_nll=0.0000 ESS=0.999 batch_outcomes=256 batch_topologies=256 seen=10282448
step=47875 loss=0.0038 reverse_nll=0.0000 ESS=0.999 batch_outcomes=256 batch_topologies=256 seen=10282546
step=47900 loss=0.0001 reverse_nll=0.0000 ESS=0.999 batch_outcomes=256 batch_topologies=256 seen=10282625
step=47925 loss=0.0021 reverse_nll=0.0000 ESS=0.999 batch_outcomes=256 batch_topologies=256 seen=10282719
step=47950 loss=0.1921 reverse_nll=0.8903 ESS=0.790 batch_outcomes=256 batch_topologies=256 seen=10283048
step=47975 loss=0.0053 reverse_nll=0.0242 ESS=0.936 batch_outcomes=256 batch_topologies=256 seen=10283992
step=48000 loss=-0.0561 reverse_nll=0.0448 ESS=0.990 batch_outcomes=256 batch_topologies=256 seen=10284852
step=48025 loss=-0.0178 reverse_nll=0.0587 ESS=0.968 batch_outcomes=256 batch_topologies=256 seen=10289823
step=48050 loss=-0.0587 reverse_nll=0.0006 ESS=0.999 batch_outcomes=256 batch_topologies=256 seen=10294826
step=48075 loss=-0.0440 reverse_nll=0.0012 ESS=0.995 batch_outcomes=256 batch_topologies=256 seen=10299695
step=48100 loss=-0.0424 reverse_nll=0.0001 ESS=0.999 batch_outcomes=256 batch_topologies=256 seen=10304537
step=48125 loss=-0.0325 reverse_nll=0.0000 ESS=0.999 batch_outcomes=256 batch_topologies=256 seen=10309421
step=48150 loss=-0.0267 reverse_nll=0.0000 ESS=0.999 batch_outcomes=256 batch_topologies=256 seen=10314105
step=48175 loss=-0.0178 reverse_nll=0.0000 ESS=0.999 batch_outcomes=256 batch_topologies=256 seen=10318681
step=48200 loss=-0.0143 reverse_nll=0.0000 ESS=0.999 batch_outcomes=256 batch_topologies=256 seen=10323221
step=48225 loss=-0.0109 reverse_nll=0.0000 ESS=0.999 batch_outcomes=256 batch_topologies=256 seen=10327814
step=48250 loss=-0.0093 reverse_nll=0.0000 ESS=0.999 batch_outcomes=256 batch_topologies=256 seen=10332389
step=48275 loss=-0.0079 reverse_nll=0.0000 ESS=0.999 batch_outcomes=256 batch_topologies=256 seen=10336848
step=48300 loss=-0.0027 reverse_nll=0.0000 ESS=0.999 batch_outcomes=256 batch_topologies=256 seen=10341305
step=48325 loss=-0.0071 reverse_nll=0.0000 ESS=0.999 batch_outcomes=256 batch_topologies=256 seen=10345647
step=48350 loss=0.0003 reverse_nll=0.0000 ESS=0.999 batch_outcomes=256 batch_topologies=256 seen=10349863
step=48375 loss=0.0002 reverse_nll=0.0000 ESS=0.999 batch_outcomes=256 batch_topologies=256 seen=10354169
step=48400 loss=-0.0012 reverse_nll=0.0000 ESS=0.999 batch_outcomes=256 batch_topologies=256 seen=10358425
step=48425 loss=0.0017 reverse_nll=0.0000 ESS=0.999 batch_outcomes=256 batch_topologies=256 seen=10362643
step=48450 loss=-0.0031 reverse_nll=0.0000 ESS=0.999 batch_outcomes=256 batch_topologies=256 seen=10366810
step=48475 loss=-0.0030 reverse_nll=0.0000 ESS=0.999 batch_outcomes=256 batch_topologies=256 seen=10371008
step=48500 loss=-0.0014 reverse_nll=0.0000 ESS=0.999 batch_outcomes=256 batch_topologies=256 seen=10375193
step=48525 loss=0.0001 reverse_nll=0.0000 ESS=0.999 batch_outcomes=256 batch_topologies=256 seen=10379198
step=48550 loss=-0.0021 reverse_nll=0.0000 ESS=0.999 batch_outcomes=256 batch_topologies=256 seen=10383445
step=48575 loss=0.0044 reverse_nll=0.0001 ESS=0.999 batch_outcomes=256 batch_topologies=256 seen=10387775
step=48600 loss=-0.0027 reverse_nll=0.0000 ESS=0.999 batch_outcomes=256 batch_topologies=256 seen=10391881
step=48625 loss=0.0021 reverse_nll=0.0000 ESS=0.999 batch_outcomes=256 batch_topologies=256 seen=10395941
step=48650 loss=-0.0006 reverse_nll=0.0000 ESS=0.999 batch_outcomes=256 batch_topologies=256 seen=10399896
step=48675 loss=-0.0034 reverse_nll=0.0000 ESS=0.999 batch_outcomes=256 batch_topologies=256 seen=10403902
step=48700 loss=-0.0016 reverse_nll=0.0000 ESS=0.999 batch_outcomes=256 batch_topologies=256 seen=10407800
step=48725 loss=0.0000 reverse_nll=0.0001 ESS=0.999 batch_outcomes=256 batch_topologies=256 seen=10411648
step=48750 loss=0.0711 reverse_nll=0.1016 ESS=0.930 batch_outcomes=256 batch_topologies=256 seen=10415611
step=48775 loss=-0.0199 reverse_nll=0.0454 ESS=0.974 batch_outcomes=256 batch_topologies=256 seen=10419406
step=48800 loss=0.0366 reverse_nll=0.0109 ESS=0.931 batch_outcomes=256 batch_topologies=256 seen=10423203
step=48825 loss=-0.0140 reverse_nll=0.0369 ESS=0.965 batch_outcomes=256 batch_topologies=256 seen=10426790
step=48850 loss=-0.0255 reverse_nll=0.0012 ESS=0.981 batch_outcomes=256 batch_topologies=256 seen=10430688
step=48875 loss=-0.0491 reverse_nll=0.0002 ESS=0.999 batch_outcomes=256 batch_topologies=256 seen=10434427
step=48900 loss=-0.0323 reverse_nll=0.0003 ESS=0.999 batch_outcomes=256 batch_topologies=256 seen=10438151
step=48925 loss=-0.0252 reverse_nll=0.0004 ESS=0.997 batch_outcomes=256 batch_topologies=256 seen=10441817
step=48950 loss=-0.0222 reverse_nll=0.0000 ESS=0.999 batch_outcomes=256 batch_topologies=256 seen=10445506
step=48975 loss=-0.0158 reverse_nll=0.0000 ESS=0.999 batch_outcomes=256 batch_topologies=256 seen=10449140
step=49000 loss=-0.0141 reverse_nll=0.0000 ESS=0.999 batch_outcomes=256 batch_topologies=256 seen=10452759
step=49025 loss=-0.0078 reverse_nll=0.0000 ESS=0.999 batch_outcomes=256 batch_topologies=256 seen=10456353
step=49050 loss=-0.0109 reverse_nll=0.0000 ESS=0.999 batch_outcomes=256 batch_topologies=256 seen=10460100
step=49075 loss=-0.0084 reverse_nll=0.0000 ESS=0.999 batch_outcomes=256 batch_topologies=256 seen=10463662
step=49100 loss=-0.0074 reverse_nll=0.0000 ESS=0.999 batch_outcomes=256 batch_topologies=256 seen=10467435
step=49125 loss=-0.0070 reverse_nll=0.0000 ESS=0.999 batch_outcomes=256 batch_topologies=256 seen=10470928
step=49150 loss=-0.0030 reverse_nll=0.0000 ESS=0.999 batch_outcomes=256 batch_topologies=256 seen=10474379
step=49175 loss=-0.0032 reverse_nll=0.0000 ESS=0.999 batch_outcomes=256 batch_topologies=256 seen=10477791
step=49200 loss=0.0011 reverse_nll=0.0000 ESS=0.999 batch_outcomes=256 batch_topologies=256 seen=10481269
step=49225 loss=-0.0002 reverse_nll=0.0000 ESS=0.999 batch_outcomes=256 batch_topologies=256 seen=10484586
step=49250 loss=0.0023 reverse_nll=0.0000 ESS=0.999 batch_outcomes=256 batch_topologies=256 seen=10488066
step=49275 loss=-0.0002 reverse_nll=0.0000 ESS=0.999 batch_outcomes=256 batch_topologies=256 seen=10491452
step=49300 loss=-0.0013 reverse_nll=0.0000 ESS=0.999 batch_outcomes=256 batch_topologies=256 seen=10494762
step=49325 loss=-0.0019 reverse_nll=0.0000 ESS=0.999 batch_outcomes=256 batch_topologies=256 seen=10498055
step=49350 loss=0.0016 reverse_nll=0.0000 ESS=0.999 batch_outcomes=256 batch_topologies=256 seen=10501305
step=49375 loss=0.0003 reverse_nll=0.0001 ESS=0.999 batch_outcomes=256 batch_topologies=256 seen=10504611
step=49400 loss=-0.0008 reverse_nll=0.0000 ESS=0.999 batch_outcomes=256 batch_topologies=256 seen=10507675
step=49425 loss=-0.0013 reverse_nll=0.0001 ESS=0.999 batch_outcomes=256 batch_topologies=256 seen=10511053
step=49450 loss=0.0003 reverse_nll=0.0001 ESS=0.999 batch_outcomes=256 batch_topologies=256 seen=10514362
step=49475 loss=0.0006 reverse_nll=0.0000 ESS=0.999 batch_outcomes=256 batch_topologies=256 seen=10517785
step=49500 loss=0.6334 reverse_nll=1.2462 ESS=0.423 batch_outcomes=256 batch_topologies=256 seen=10521246
step=49525 loss=-0.0331 reverse_nll=0.0223 ESS=0.981 batch_outcomes=256 batch_topologies=256 seen=10524546
step=49550 loss=0.0096 reverse_nll=0.0193 ESS=0.948 batch_outcomes=256 batch_topologies=256 seen=10527887
step=49575 loss=-0.0616 reverse_nll=0.0017 ESS=0.996 batch_outcomes=256 batch_topologies=256 seen=10531331
step=49600 loss=-0.0511 reverse_nll=0.0012 ESS=0.993 batch_outcomes=256 batch_topologies=256 seen=10534793
step=49625 loss=-0.0080 reverse_nll=0.0003 ESS=0.981 batch_outcomes=256 batch_topologies=256 seen=10538076
step=49650 loss=-0.0026 reverse_nll=0.0133 ESS=0.977 batch_outcomes=256 batch_topologies=256 seen=10541303
step=49675 loss=-0.0198 reverse_nll=0.0158 ESS=0.992 batch_outcomes=256 batch_topologies=256 seen=10544426
step=49700 loss=-0.0240 reverse_nll=0.0000 ESS=0.999 batch_outcomes=256 batch_topologies=256 seen=10547640
step=49725 loss=-0.0212 reverse_nll=0.0000 ESS=0.999 batch_outcomes=256 batch_topologies=256 seen=10550830
step=49750 loss=-0.0187 reverse_nll=0.0000 ESS=0.999 batch_outcomes=256 batch_topologies=256 seen=10553856
step=49775 loss=-0.0112 reverse_nll=0.0000 ESS=0.999 batch_outcomes=256 batch_topologies=256 seen=10556739
step=49800 loss=-0.0071 reverse_nll=0.0000 ESS=0.999 batch_outcomes=256 batch_topologies=256 seen=10559712
step=49825 loss=-0.0062 reverse_nll=0.0000 ESS=0.999 batch_outcomes=256 batch_topologies=256 seen=10562686
step=49850 loss=-0.0057 reverse_nll=0.0000 ESS=0.999 batch_outcomes=256 batch_topologies=256 seen=10565586
step=49875 loss=-0.0066 reverse_nll=0.0000 ESS=0.999 batch_outcomes=256 batch_topologies=256 seen=10568506
step=49900 loss=-0.0059 reverse_nll=0.0000 ESS=0.999 batch_outcomes=256 batch_topologies=256 seen=10571455
step=49925 loss=-0.0016 reverse_nll=0.0000 ESS=0.999 batch_outcomes=256 batch_topologies=256 seen=10574315
step=49950 loss=-0.0010 reverse_nll=0.0000 ESS=0.999 batch_outcomes=256 batch_topologies=256 seen=10577200
step=49975 loss=-0.0036 reverse_nll=0.0000 ESS=0.999 batch_outcomes=256 batch_topologies=256 seen=10580063
step=50000 loss=-0.0022 reverse_nll=0.0000 ESS=0.999 batch_outcomes=256 batch_topologies=256 seen=10582912
step=50025 loss=-0.0018 reverse_nll=0.0000 ESS=0.999 batch_outcomes=256 batch_topologies=256 seen=10585758
step=50050 loss=-0.0013 reverse_nll=0.0000 ESS=0.999 batch_outcomes=256 batch_topologies=256 seen=10588528
step=50075 loss=-0.0000 reverse_nll=0.0000 ESS=0.999 batch_outcomes=256 batch_topologies=256 seen=10591322
step=50100 loss=0.0010 reverse_nll=0.0000 ESS=0.999 batch_outcomes=256 batch_topologies=256 seen=10594133
step=50125 loss=-0.0013 reverse_nll=0.0000 ESS=0.999 batch_outcomes=256 batch_topologies=256 seen=10596926
step=50150 loss=0.0015 reverse_nll=0.0000 ESS=0.999 batch_outcomes=256 batch_topologies=256 seen=10599632
step=50175 loss=0.0014 reverse_nll=0.0001 ESS=0.999 batch_outcomes=256 batch_topologies=256 seen=10602398
step=50200 loss=-0.0001 reverse_nll=0.0000 ESS=0.999 batch_outcomes=256 batch_topologies=256 seen=10604976
step=50225 loss=-0.0012 reverse_nll=0.0001 ESS=0.999 batch_outcomes=256 batch_topologies=256 seen=10607499
step=50250 loss=0.0002 reverse_nll=0.0001 ESS=0.999 batch_outcomes=256 batch_topologies=256 seen=10610039
step=50275 loss=0.0879 reverse_nll=1.5968 ESS=0.911 batch_outcomes=256 batch_topologies=256 seen=10612619
step=50300 loss=0.0170 reverse_nll=0.0017 ESS=0.937 batch_outcomes=256 batch_topologies=256 seen=10615275
step=50325 loss=-0.0338 reverse_nll=0.0141 ESS=0.984 batch_outcomes=256 batch_topologies=256 seen=10617875
step=50350 loss=-0.0334 reverse_nll=0.0449 ESS=0.990 batch_outcomes=256 batch_topologies=256 seen=10620275
step=50375 loss=0.0063 reverse_nll=0.0259 ESS=0.961 batch_outcomes=256 batch_topologies=256 seen=10622787
step=50400 loss=-0.0286 reverse_nll=0.0004 ESS=0.990 batch_outcomes=256 batch_topologies=256 seen=10625173
step=50425 loss=-0.0348 reverse_nll=0.0001 ESS=0.999 batch_outcomes=256 batch_topologies=256 seen=10627406
step=50450 loss=-0.0258 reverse_nll=0.0000 ESS=0.999 batch_outcomes=256 batch_topologies=256 seen=10629701
step=50475 loss=-0.0219 reverse_nll=0.0000 ESS=0.999 batch_outcomes=256 batch_topologies=256 seen=10632189
step=50500 loss=-0.0171 reverse_nll=0.0000 ESS=0.999 batch_outcomes=256 batch_topologies=256 seen=10634686
step=50525 loss=-0.0136 reverse_nll=0.0000 ESS=0.999 batch_outcomes=256 batch_topologies=256 seen=10637110
step=50550 loss=-0.0077 reverse_nll=0.0000 ESS=0.999 batch_outcomes=256 batch_topologies=256 seen=10639569
step=50575 loss=-0.0089 reverse_nll=0.0000 ESS=0.999 batch_outcomes=256 batch_topologies=256 seen=10641948
step=50600 loss=-0.0037 reverse_nll=0.0000 ESS=0.999 batch_outcomes=256 batch_topologies=256 seen=10644364
step=50625 loss=-0.0032 reverse_nll=0.0000 ESS=0.999 batch_outcomes=256 batch_topologies=256 seen=10646778
step=50650 loss=-0.0016 reverse_nll=0.0000 ESS=0.999 batch_outcomes=256 batch_topologies=256 seen=10649031
step=50675 loss=-0.0019 reverse_nll=0.0000 ESS=0.999 batch_outcomes=256 batch_topologies=256 seen=10651247
step=50700 loss=0.0006 reverse_nll=0.0000 ESS=0.999 batch_outcomes=256 batch_topologies=256 seen=10653631
step=50725 loss=-0.0016 reverse_nll=0.0000 ESS=0.999 batch_outcomes=256 batch_topologies=256 seen=10655788
step=50750 loss=0.0014 reverse_nll=0.0000 ESS=0.999 batch_outcomes=256 batch_topologies=256 seen=10658086
step=50775 loss=0.0008 reverse_nll=0.0001 ESS=0.999 batch_outcomes=256 batch_topologies=256 seen=10660460
step=50800 loss=-0.0021 reverse_nll=0.0001 ESS=0.999 batch_outcomes=256 batch_topologies=256 seen=10662595
step=50825 loss=-0.0006 reverse_nll=0.0001 ESS=0.999 batch_outcomes=256 batch_topologies=256 seen=10664692
step=50850 loss=0.0009 reverse_nll=0.0000 ESS=0.999 batch_outcomes=256 batch_topologies=256 seen=10666802
step=50875 loss=-0.0007 reverse_nll=0.0001 ESS=0.999 batch_outcomes=256 batch_topologies=256 seen=10669085
step=50900 loss=-0.0008 reverse_nll=0.0001 ESS=0.999 batch_outcomes=256 batch_topologies=256 seen=10671323
step=50925 loss=-0.0024 reverse_nll=0.0001 ESS=0.999 batch_outcomes=256 batch_topologies=256 seen=10673504
step=50950 loss=-0.0013 reverse_nll=0.0001 ESS=0.999 batch_outcomes=256 batch_topologies=256 seen=10675816
step=50975 loss=0.0018 reverse_nll=0.0001 ESS=0.999 batch_outcomes=256 batch_topologies=256 seen=10677987
step=51000 loss=-0.0003 reverse_nll=0.0001 ESS=0.999 batch_outcomes=256 batch_topologies=256 seen=10679970
step=51025 loss=0.0005 reverse_nll=0.0001 ESS=0.999 batch_outcomes=256 batch_topologies=256 seen=10682081
step=51050 loss=-0.0031 reverse_nll=0.0001 ESS=0.999 batch_outcomes=256 batch_topologies=256 seen=10684149
step=51075 loss=0.0669 reverse_nll=0.4872 ESS=0.927 batch_outcomes=256 batch_topologies=256 seen=10686382
step=51100 loss=-0.0038 reverse_nll=0.2058 ESS=0.971 batch_outcomes=256 batch_topologies=256 seen=10688675
step=51125 loss=-0.0045 reverse_nll=0.0166 ESS=0.970 batch_outcomes=256 batch_topologies=256 seen=10690765
step=51150 loss=-0.0102 reverse_nll=0.0351 ESS=0.963 batch_outcomes=256 batch_topologies=256 seen=10692855
step=51175 loss=-0.0346 reverse_nll=0.0005 ESS=0.991 batch_outcomes=256 batch_topologies=256 seen=10694980
step=51200 loss=-0.0415 reverse_nll=0.0000 ESS=0.999 batch_outcomes=256 batch_topologies=256 seen=10696976
step=51225 loss=-0.0258 reverse_nll=0.0000 ESS=0.999 batch_outcomes=256 batch_topologies=256 seen=10698966
step=51250 loss=-0.0216 reverse_nll=0.0000 ESS=0.999 batch_outcomes=256 batch_topologies=256 seen=10700830
step=51275 loss=-0.0174 reverse_nll=0.0000 ESS=0.999 batch_outcomes=256 batch_topologies=256 seen=10702798
step=51300 loss=-0.0101 reverse_nll=0.0000 ESS=0.999 batch_outcomes=256 batch_topologies=256 seen=10704699
step=51325 loss=-0.0105 reverse_nll=0.0000 ESS=0.999 batch_outcomes=256 batch_topologies=256 seen=10706720
step=51350 loss=-0.0081 reverse_nll=0.0000 ESS=0.999 batch_outcomes=256 batch_topologies=256 seen=10708811
step=51375 loss=-0.0054 reverse_nll=0.0000 ESS=0.999 batch_outcomes=256 batch_topologies=256 seen=10710888
step=51400 loss=-0.0043 reverse_nll=0.0000 ESS=0.999 batch_outcomes=256 batch_topologies=256 seen=10712804
step=51425 loss=-0.0056 reverse_nll=0.0000 ESS=0.999 batch_outcomes=256 batch_topologies=256 seen=10714689
step=51450 loss=-0.0005 reverse_nll=0.0000 ESS=0.999 batch_outcomes=256 batch_topologies=256 seen=10716554
step=51475 loss=-0.0015 reverse_nll=0.0001 ESS=0.999 batch_outcomes=256 batch_topologies=256 seen=10718495
step=51500 loss=0.0789 reverse_nll=0.1386 ESS=0.935 batch_outcomes=256 batch_topologies=256 seen=10720467
step=51525 loss=0.0102 reverse_nll=0.0882 ESS=0.965 batch_outcomes=256 batch_topologies=256 seen=10722458
step=51550 loss=-0.0191 reverse_nll=0.0149 ESS=0.990 batch_outcomes=256 batch_topologies=256 seen=10724273
step=51575 loss=0.0572 reverse_nll=0.0058 ESS=0.936 batch_outcomes=256 batch_topologies=256 seen=10726114
step=51600 loss=-0.0250 reverse_nll=0.0021 ESS=0.996 batch_outcomes=256 batch_topologies=256 seen=10728014
step=51625 loss=-0.0219 reverse_nll=0.0029 ESS=0.997 batch_outcomes=256 batch_topologies=256 seen=10729757
step=51650 loss=-0.0085 reverse_nll=0.0007 ESS=0.993 batch_outcomes=256 batch_topologies=256 seen=10731676
step=51675 loss=0.0003 reverse_nll=0.0025 ESS=0.981 batch_outcomes=256 batch_topologies=256 seen=10733511
step=51700 loss=-0.0171 reverse_nll=0.0002 ESS=0.999 batch_outcomes=256 batch_topologies=256 seen=10735394
step=51725 loss=-0.0147 reverse_nll=0.0000 ESS=0.999 batch_outcomes=256 batch_topologies=256 seen=10737194
step=51750 loss=-0.0119 reverse_nll=0.0000 ESS=0.999 batch_outcomes=256 batch_topologies=256 seen=10738895
step=51775 loss=-0.0105 reverse_nll=0.0000 ESS=0.999 batch_outcomes=256 batch_topologies=256 seen=10740718
step=51800 loss=-0.0064 reverse_nll=0.0000 ESS=0.999 batch_outcomes=256 batch_topologies=256 seen=10742442
step=51825 loss=-0.0070 reverse_nll=0.0000 ESS=0.999 batch_outcomes=256 batch_topologies=256 seen=10744242
step=51850 loss=-0.0029 reverse_nll=0.0000 ESS=0.999 batch_outcomes=256 batch_topologies=256 seen=10746221
step=51875 loss=-0.0044 reverse_nll=0.0000 ESS=0.999 batch_outcomes=256 batch_topologies=256 seen=10748001
step=51900 loss=-0.0015 reverse_nll=0.0000 ESS=0.999 batch_outcomes=256 batch_topologies=256 seen=10749817
step=51925 loss=-0.0037 reverse_nll=0.0000 ESS=0.999 batch_outcomes=256 batch_topologies=256 seen=10751564
step=51950 loss=-0.0046 reverse_nll=0.0001 ESS=0.999 batch_outcomes=256 batch_topologies=256 seen=10753298
step=51975 loss=-0.0005 reverse_nll=0.0001 ESS=0.999 batch_outcomes=256 batch_topologies=256 seen=10755029
step=52000 loss=0.0042 reverse_nll=0.0001 ESS=0.999 batch_outcomes=256 batch_topologies=256 seen=10756768
step=52025 loss=-0.0012 reverse_nll=0.0001 ESS=0.999 batch_outcomes=256 batch_topologies=256 seen=10758616
step=52050 loss=0.0010 reverse_nll=0.0001 ESS=0.999 batch_outcomes=256 batch_topologies=256 seen=10760266
step=52075 loss=0.0007 reverse_nll=0.0001 ESS=0.999 batch_outcomes=256 batch_topologies=256 seen=10761951
step=52100 loss=-0.0008 reverse_nll=0.0001 ESS=0.999 batch_outcomes=256 batch_topologies=256 seen=10763597
step=52125 loss=0.0010 reverse_nll=0.0001 ESS=0.999 batch_outcomes=256 batch_topologies=256 seen=10765270
step=52150 loss=0.0029 reverse_nll=0.0001 ESS=0.999 batch_outcomes=256 batch_topologies=256 seen=10767008
step=52175 loss=-0.0015 reverse_nll=0.0001 ESS=0.999 batch_outcomes=256 batch_topologies=256 seen=10768708
step=52200 loss=0.0459 reverse_nll=0.0469 ESS=0.944 batch_outcomes=256 batch_topologies=256 seen=10770565
step=52225 loss=-0.0123 reverse_nll=0.0051 ESS=0.982 batch_outcomes=256 batch_topologies=256 seen=10772488
step=52250 loss=-0.0297 reverse_nll=0.0299 ESS=0.988 batch_outcomes=256 batch_topologies=256 seen=10774263
step=52275 loss=0.0031 reverse_nll=0.0182 ESS=0.966 batch_outcomes=256 batch_topologies=256 seen=10775943
step=52300 loss=-0.0189 reverse_nll=0.0007 ESS=0.989 batch_outcomes=256 batch_topologies=256 seen=10777505
step=52325 loss=-0.0272 reverse_nll=0.0001 ESS=0.999 batch_outcomes=256 batch_topologies=256 seen=10779135
step=52350 loss=-0.0209 reverse_nll=0.0000 ESS=0.999 batch_outcomes=256 batch_topologies=256 seen=10780624
step=52375 loss=-0.0169 reverse_nll=0.0000 ESS=0.999 batch_outcomes=256 batch_topologies=256 seen=10782169
step=52400 loss=-0.0150 reverse_nll=0.0000 ESS=0.999 batch_outcomes=256 batch_topologies=256 seen=10783690
step=52425 loss=-0.0145 reverse_nll=0.0000 ESS=0.999 batch_outcomes=256 batch_topologies=256 seen=10785202
step=52450 loss=-0.0080 reverse_nll=0.0000 ESS=0.999 batch_outcomes=256 batch_topologies=256 seen=10786719
step=52475 loss=-0.0056 reverse_nll=0.0000 ESS=0.999 batch_outcomes=256 batch_topologies=256 seen=10788296
step=52500 loss=-0.0036 reverse_nll=0.0000 ESS=0.999 batch_outcomes=256 batch_topologies=256 seen=10789879
step=52525 loss=-0.0047 reverse_nll=0.0000 ESS=0.999 batch_outcomes=256 batch_topologies=256 seen=10791471
step=52550 loss=-0.0024 reverse_nll=0.0001 ESS=0.999 batch_outcomes=256 batch_topologies=256 seen=10792990
step=52575 loss=-0.0024 reverse_nll=0.0001 ESS=0.999 batch_outcomes=256 batch_topologies=256 seen=10794467
step=52600 loss=-0.0034 reverse_nll=0.0001 ESS=0.999 batch_outcomes=256 batch_topologies=256 seen=10795989
step=52625 loss=-0.0042 reverse_nll=0.0001 ESS=0.999 batch_outcomes=256 batch_topologies=256 seen=10797456
step=52650 loss=-0.0008 reverse_nll=0.0001 ESS=0.999 batch_outcomes=256 batch_topologies=256 seen=10798923
step=52675 loss=-0.0016 reverse_nll=0.0001 ESS=0.999 batch_outcomes=256 batch_topologies=256 seen=10800415
step=52700 loss=0.0008 reverse_nll=0.0001 ESS=0.999 batch_outcomes=256 batch_topologies=256 seen=10802108
step=52725 loss=-0.0003 reverse_nll=0.0001 ESS=0.999 batch_outcomes=256 batch_topologies=256 seen=10803796
step=52750 loss=-0.0037 reverse_nll=0.0001 ESS=0.999 batch_outcomes=256 batch_topologies=256 seen=10805351
step=52775 loss=-0.0018 reverse_nll=0.0001 ESS=0.999 batch_outcomes=256 batch_topologies=256 seen=10806861
step=52800 loss=-0.0028 reverse_nll=0.0001 ESS=0.999 batch_outcomes=256 batch_topologies=256 seen=10808281
step=52825 loss=-0.0023 reverse_nll=0.0001 ESS=0.999 batch_outcomes=256 batch_topologies=256 seen=10809735
step=52850 loss=0.1490 reverse_nll=0.3604 ESS=0.875 batch_outcomes=256 batch_topologies=256 seen=10811251
step=52875 loss=0.0881 reverse_nll=0.0120 ESS=0.888 batch_outcomes=256 batch_topologies=256 seen=10813005
step=52900 loss=-0.0192 reverse_nll=0.1298 ESS=0.981 batch_outcomes=256 batch_topologies=256 seen=10814623
step=52925 loss=-0.0096 reverse_nll=0.0022 ESS=0.973 batch_outcomes=256 batch_topologies=256 seen=10816101
step=52950 loss=-0.0140 reverse_nll=0.0117 ESS=0.981 batch_outcomes=256 batch_topologies=256 seen=10817519
step=52975 loss=-0.0399 reverse_nll=0.0001 ESS=0.999 batch_outcomes=256 batch_topologies=256 seen=10819229
step=53000 loss=-0.0263 reverse_nll=0.0000 ESS=0.999 batch_outcomes=256 batch_topologies=256 seen=10821273
step=53025 loss=-0.0178 reverse_nll=0.0000 ESS=0.999 batch_outcomes=256 batch_topologies=256 seen=10823060
step=53050 loss=-0.0154 reverse_nll=0.0000 ESS=0.999 batch_outcomes=256 batch_topologies=256 seen=10824706
step=53075 loss=-0.0112 reverse_nll=0.0000 ESS=0.999 batch_outcomes=256 batch_topologies=256 seen=10826268
step=53100 loss=-0.0105 reverse_nll=0.0001 ESS=0.999 batch_outcomes=256 batch_topologies=256 seen=10827736
step=53125 loss=-0.0086 reverse_nll=0.0000 ESS=0.999 batch_outcomes=256 batch_topologies=256 seen=10829159
step=53150 loss=-0.0051 reverse_nll=0.0001 ESS=0.999 batch_outcomes=256 batch_topologies=256 seen=10830558
step=53175 loss=-0.0029 reverse_nll=0.0001 ESS=0.999 batch_outcomes=256 batch_topologies=256 seen=10831987
step=53200 loss=-0.0018 reverse_nll=0.0001 ESS=0.999 batch_outcomes=256 batch_topologies=256 seen=10833268
step=53225 loss=-0.0041 reverse_nll=0.0001 ESS=0.999 batch_outcomes=256 batch_topologies=256 seen=10834680
step=53250 loss=-0.0044 reverse_nll=0.0001 ESS=0.999 batch_outcomes=256 batch_topologies=256 seen=10836118
step=53275 loss=-0.0027 reverse_nll=0.0001 ESS=0.999 batch_outcomes=256 batch_topologies=256 seen=10837493
step=53300 loss=-0.0005 reverse_nll=0.0001 ESS=0.999 batch_outcomes=256 batch_topologies=256 seen=10838864
step=53325 loss=0.4165 reverse_nll=0.8658 ESS=0.632 batch_outcomes=256 batch_topologies=256 seen=10840233
step=53350 loss=0.0527 reverse_nll=0.0897 ESS=0.937 batch_outcomes=256 batch_topologies=256 seen=10841749
step=53375 loss=0.0024 reverse_nll=0.0219 ESS=0.963 batch_outcomes=256 batch_topologies=256 seen=10843195
step=53400 loss=-0.0084 reverse_nll=0.0314 ESS=0.981 batch_outcomes=256 batch_topologies=256 seen=10844608
step=53425 loss=-0.0215 reverse_nll=0.0007 ESS=0.987 batch_outcomes=256 batch_topologies=256 seen=10846004
step=53450 loss=-0.0304 reverse_nll=0.0001 ESS=0.999 batch_outcomes=256 batch_topologies=256 seen=10847373
step=53475 loss=-0.0219 reverse_nll=0.0000 ESS=0.999 batch_outcomes=256 batch_topologies=256 seen=10848717
step=53500 loss=-0.0193 reverse_nll=0.0000 ESS=0.999 batch_outcomes=256 batch_topologies=256 seen=10850089
step=53525 loss=-0.0140 reverse_nll=0.0000 ESS=0.999 batch_outcomes=256 batch_topologies=256 seen=10851354
step=53550 loss=-0.0109 reverse_nll=0.0000 ESS=0.999 batch_outcomes=256 batch_topologies=256 seen=10852628
step=53575 loss=-0.0106 reverse_nll=0.0000 ESS=0.999 batch_outcomes=256 batch_topologies=256 seen=10853985
step=53600 loss=-0.0064 reverse_nll=0.0000 ESS=0.999 batch_outcomes=256 batch_topologies=256 seen=10855298
step=53625 loss=-0.0048 reverse_nll=0.0001 ESS=0.999 batch_outcomes=256 batch_topologies=256 seen=10856588
step=53650 loss=-0.0020 reverse_nll=0.0001 ESS=0.999 batch_outcomes=256 batch_topologies=256 seen=10858022
step=53675 loss=-0.0034 reverse_nll=0.0001 ESS=0.999 batch_outcomes=256 batch_topologies=256 seen=10859441
step=53700 loss=-0.0037 reverse_nll=0.0001 ESS=0.999 batch_outcomes=256 batch_topologies=256 seen=10860718
step=53725 loss=-0.0037 reverse_nll=0.0001 ESS=0.999 batch_outcomes=256 batch_topologies=256 seen=10862019
step=53750 loss=-0.0037 reverse_nll=0.0001 ESS=0.999 batch_outcomes=256 batch_topologies=256 seen=10863253
step=53775 loss=-0.0026 reverse_nll=0.0001 ESS=0.999 batch_outcomes=256 batch_topologies=256 seen=10864434
step=53800 loss=-0.0042 reverse_nll=0.0001 ESS=0.999 batch_outcomes=256 batch_topologies=256 seen=10865675
step=53825 loss=-0.0036 reverse_nll=0.0001 ESS=0.999 batch_outcomes=256 batch_topologies=256 seen=10866877
step=53850 loss=-0.0013 reverse_nll=0.0001 ESS=0.999 batch_outcomes=256 batch_topologies=256 seen=10868124
step=53875 loss=-0.0004 reverse_nll=0.0001 ESS=0.999 batch_outcomes=256 batch_topologies=256 seen=10869435
step=53900 loss=0.0038 reverse_nll=8.7547 ESS=0.997 batch_outcomes=256 batch_topologies=256 seen=10870734
step=53925 loss=0.1408 reverse_nll=0.0173 ESS=0.862 batch_outcomes=256 batch_topologies=256 seen=10872256
step=53950 loss=-0.0196 reverse_nll=0.0029 ESS=0.976 batch_outcomes=256 batch_topologies=256 seen=10873631
step=53975 loss=-0.0398 reverse_nll=0.0492 ESS=0.994 batch_outcomes=256 batch_topologies=256 seen=10874956
step=54000 loss=-0.0388 reverse_nll=0.0226 ESS=0.993 batch_outcomes=256 batch_topologies=256 seen=10876179
step=54025 loss=-0.0374 reverse_nll=0.0004 ESS=0.999 batch_outcomes=256 batch_topologies=256 seen=10877370
step=54050 loss=-0.0327 reverse_nll=0.0001 ESS=0.999 batch_outcomes=256 batch_topologies=256 seen=10878559
step=54075 loss=-0.0243 reverse_nll=0.0000 ESS=0.999 batch_outcomes=256 batch_topologies=256 seen=10879769
step=54100 loss=-0.0189 reverse_nll=0.0000 ESS=0.999 batch_outcomes=256 batch_topologies=256 seen=10880970
step=54125 loss=-0.0126 reverse_nll=0.0000 ESS=0.999 batch_outcomes=256 batch_topologies=256 seen=10882091
step=54150 loss=-0.0141 reverse_nll=0.0000 ESS=0.999 batch_outcomes=256 batch_topologies=256 seen=10883206
step=54175 loss=-0.0105 reverse_nll=0.0000 ESS=0.999 batch_outcomes=256 batch_topologies=256 seen=10884256
step=54200 loss=-0.0088 reverse_nll=0.0001 ESS=0.999 batch_outcomes=256 batch_topologies=256 seen=10885353
step=54225 loss=-0.0071 reverse_nll=0.0001 ESS=0.999 batch_outcomes=256 batch_topologies=256 seen=10886457
step=54250 loss=-0.0039 reverse_nll=0.0001 ESS=0.999 batch_outcomes=256 batch_topologies=256 seen=10887623
step=54275 loss=-0.0042 reverse_nll=0.0001 ESS=0.999 batch_outcomes=256 batch_topologies=256 seen=10888675
step=54300 loss=-0.0045 reverse_nll=0.0001 ESS=0.999 batch_outcomes=256 batch_topologies=256 seen=10889671
step=54325 loss=-0.0006 reverse_nll=0.0001 ESS=0.999 batch_outcomes=256 batch_topologies=256 seen=10890768
step=54350 loss=-0.0033 reverse_nll=0.0001 ESS=0.999 batch_outcomes=256 batch_topologies=256 seen=10891795
step=54375 loss=-0.0035 reverse_nll=0.0001 ESS=0.999 batch_outcomes=256 batch_topologies=256 seen=10892834
step=54400 loss=-0.0012 reverse_nll=0.0001 ESS=0.999 batch_outcomes=256 batch_topologies=256 seen=10893884
step=54425 loss=0.0023 reverse_nll=0.0001 ESS=0.999 batch_outcomes=256 batch_topologies=256 seen=10895039
step=54450 loss=0.0196 reverse_nll=0.0084 ESS=0.963 batch_outcomes=256 batch_topologies=256 seen=10896308
step=54475 loss=-0.0132 reverse_nll=0.0393 ESS=0.981 batch_outcomes=256 batch_topologies=256 seen=10897506
step=54500 loss=-0.0206 reverse_nll=0.0085 ESS=0.988 batch_outcomes=256 batch_topologies=256 seen=10898668
step=54525 loss=-0.0126 reverse_nll=0.0164 ESS=0.984 batch_outcomes=256 batch_topologies=256 seen=10899919
step=54550 loss=-0.0295 reverse_nll=0.0003 ESS=0.999 batch_outcomes=256 batch_topologies=256 seen=10901191
step=54575 loss=-0.0241 reverse_nll=0.0004 ESS=0.999 batch_outcomes=256 batch_topologies=256 seen=10902426
step=54600 loss=-0.0166 reverse_nll=0.0000 ESS=0.999 batch_outcomes=256 batch_topologies=256 seen=10903488
step=54625 loss=-0.0183 reverse_nll=0.0000 ESS=0.999 batch_outcomes=256 batch_topologies=256 seen=10904580
step=54650 loss=-0.0125 reverse_nll=0.0000 ESS=0.999 batch_outcomes=256 batch_topologies=256 seen=10905645
step=54675 loss=-0.0073 reverse_nll=0.0000 ESS=0.999 batch_outcomes=256 batch_topologies=256 seen=10906673
step=54700 loss=-0.0050 reverse_nll=0.0000 ESS=0.999 batch_outcomes=256 batch_topologies=256 seen=10907720
step=54725 loss=-0.0053 reverse_nll=0.0000 ESS=0.999 batch_outcomes=256 batch_topologies=256 seen=10908796
step=54750 loss=-0.0066 reverse_nll=0.0000 ESS=0.999 batch_outcomes=256 batch_topologies=256 seen=10909810
step=54775 loss=-0.0026 reverse_nll=0.0001 ESS=0.999 batch_outcomes=256 batch_topologies=256 seen=10910773
step=54800 loss=-0.0015 reverse_nll=0.0001 ESS=0.999 batch_outcomes=256 batch_topologies=256 seen=10911737
step=54825 loss=-0.0028 reverse_nll=0.0001 ESS=0.999 batch_outcomes=256 batch_topologies=256 seen=10912855
step=54850 loss=-0.0022 reverse_nll=0.0001 ESS=0.999 batch_outcomes=256 batch_topologies=256 seen=10913888
step=54875 loss=-0.0002 reverse_nll=0.0001 ESS=0.999 batch_outcomes=256 batch_topologies=256 seen=10915034
step=54900 loss=-0.0033 reverse_nll=0.0001 ESS=0.999 batch_outcomes=256 batch_topologies=256 seen=10916083
step=54925 loss=0.0006 reverse_nll=0.0001 ESS=0.999 batch_outcomes=256 batch_topologies=256 seen=10917109
step=54950 loss=0.0018 reverse_nll=0.0001 ESS=0.999 batch_outcomes=256 batch_topologies=256 seen=10918106
step=54975 loss=-0.0023 reverse_nll=0.0001 ESS=0.999 batch_outcomes=256 batch_topologies=256 seen=10919094
step=55000 loss=0.1673 reverse_nll=0.1147 ESS=0.845 batch_outcomes=256 batch_topologies=256 seen=10920214
step=55025 loss=0.0065 reverse_nll=0.0496 ESS=0.966 batch_outcomes=256 batch_topologies=256 seen=10921441
step=55050 loss=-0.0315 reverse_nll=0.0084 ESS=0.989 batch_outcomes=256 batch_topologies=256 seen=10922594
step=55075 loss=-0.0351 reverse_nll=0.0075 ESS=0.994 batch_outcomes=256 batch_topologies=256 seen=10923569
step=55100 loss=-0.0189 reverse_nll=0.0018 ESS=0.990 batch_outcomes=256 batch_topologies=256 seen=10924629
step=55125 loss=-0.0154 reverse_nll=0.0669 ESS=0.987 batch_outcomes=256 batch_topologies=256 seen=10925629
step=55150 loss=-0.0268 reverse_nll=0.0000 ESS=0.999 batch_outcomes=256 batch_topologies=256 seen=10926575
step=55175 loss=-0.0201 reverse_nll=0.0000 ESS=0.999 batch_outcomes=256 batch_topologies=256 seen=10927525
step=55200 loss=-0.0174 reverse_nll=0.0000 ESS=0.999 batch_outcomes=256 batch_topologies=256 seen=10928402
step=55225 loss=-0.0124 reverse_nll=0.0000 ESS=0.999 batch_outcomes=256 batch_topologies=256 seen=10929391
step=55250 loss=-0.0100 reverse_nll=0.0000 ESS=0.999 batch_outcomes=256 batch_topologies=256 seen=10930423
step=55275 loss=-0.0093 reverse_nll=0.0000 ESS=0.999 batch_outcomes=256 batch_topologies=256 seen=10931326
step=55300 loss=-0.0069 reverse_nll=0.0000 ESS=0.999 batch_outcomes=256 batch_topologies=256 seen=10932203
step=55325 loss=-0.0047 reverse_nll=0.0000 ESS=0.999 batch_outcomes=256 batch_topologies=256 seen=10933051
step=55350 loss=-0.0046 reverse_nll=0.0000 ESS=0.999 batch_outcomes=256 batch_topologies=256 seen=10933827
step=55375 loss=-0.0057 reverse_nll=0.0000 ESS=0.999 batch_outcomes=256 batch_topologies=256 seen=10934677
step=55400 loss=0.0011 reverse_nll=0.0000 ESS=0.999 batch_outcomes=256 batch_topologies=256 seen=10935541
step=55425 loss=-0.0000 reverse_nll=0.0000 ESS=0.999 batch_outcomes=256 batch_topologies=256 seen=10936470
step=55450 loss=-0.0018 reverse_nll=0.0001 ESS=0.999 batch_outcomes=256 batch_topologies=256 seen=10937294
step=55475 loss=-0.0007 reverse_nll=0.0001 ESS=0.999 batch_outcomes=256 batch_topologies=256 seen=10938147
step=55500 loss=-0.0037 reverse_nll=0.0001 ESS=0.999 batch_outcomes=256 batch_topologies=256 seen=10938985
step=55525 loss=0.0003 reverse_nll=0.0001 ESS=0.999 batch_outcomes=256 batch_topologies=256 seen=10939905
step=55550 loss=0.0006 reverse_nll=0.0001 ESS=0.999 batch_outcomes=256 batch_topologies=256 seen=10940892
step=55575 loss=-0.0002 reverse_nll=0.0001 ESS=0.999 batch_outcomes=256 batch_topologies=256 seen=10941767
step=55600 loss=0.0016 reverse_nll=0.0001 ESS=0.999 batch_outcomes=256 batch_topologies=256 seen=10942651
step=55625 loss=0.0864 reverse_nll=0.4221 ESS=0.912 batch_outcomes=256 batch_topologies=256 seen=10943704
step=55650 loss=0.0155 reverse_nll=0.0452 ESS=0.952 batch_outcomes=256 batch_topologies=256 seen=10944867
step=55675 loss=-0.0434 reverse_nll=0.0005 ESS=0.994 batch_outcomes=256 batch_topologies=256 seen=10945879
step=55700 loss=-0.0444 reverse_nll=0.0005 ESS=0.999 batch_outcomes=256 batch_topologies=256 seen=10946832
step=55725 loss=0.0081 reverse_nll=0.0037 ESS=0.972 batch_outcomes=256 batch_topologies=256 seen=10947748
step=55750 loss=-0.0243 reverse_nll=0.1886 ESS=0.992 batch_outcomes=256 batch_topologies=256 seen=10948591
step=55775 loss=-0.0269 reverse_nll=0.0001 ESS=0.999 batch_outcomes=256 batch_topologies=256 seen=10949456
step=55800 loss=-0.0228 reverse_nll=0.0000 ESS=0.999 batch_outcomes=256 batch_topologies=256 seen=10950362
step=55825 loss=-0.0181 reverse_nll=0.0000 ESS=0.999 batch_outcomes=256 batch_topologies=256 seen=10951253
step=55850 loss=-0.0152 reverse_nll=0.0000 ESS=0.999 batch_outcomes=256 batch_topologies=256 seen=10952159
step=55875 loss=-0.0101 reverse_nll=0.0000 ESS=0.999 batch_outcomes=256 batch_topologies=256 seen=10952972
step=55900 loss=-0.0033 reverse_nll=0.0000 ESS=0.999 batch_outcomes=256 batch_topologies=256 seen=10953769
step=55925 loss=-0.0068 reverse_nll=0.0000 ESS=0.999 batch_outcomes=256 batch_topologies=256 seen=10954571
step=55950 loss=-0.0059 reverse_nll=0.0001 ESS=0.999 batch_outcomes=256 batch_topologies=256 seen=10955381
step=55975 loss=-0.0045 reverse_nll=0.0001 ESS=0.999 batch_outcomes=256 batch_topologies=256 seen=10956337
step=56000 loss=-0.0026 reverse_nll=0.0001 ESS=0.999 batch_outcomes=256 batch_topologies=256 seen=10957193
step=56025 loss=-0.0031 reverse_nll=0.0001 ESS=0.999 batch_outcomes=256 batch_topologies=256 seen=10958018
step=56050 loss=-0.0017 reverse_nll=0.0001 ESS=0.999 batch_outcomes=256 batch_topologies=256 seen=10958800
step=56075 loss=-0.0006 reverse_nll=0.0001 ESS=0.999 batch_outcomes=256 batch_topologies=256 seen=10959531
step=56100 loss=-0.0011 reverse_nll=0.0001 ESS=0.999 batch_outcomes=256 batch_topologies=256 seen=10960290
step=56125 loss=-0.0021 reverse_nll=0.0001 ESS=0.999 batch_outcomes=256 batch_topologies=256 seen=10961119
step=56150 loss=-0.0010 reverse_nll=0.0001 ESS=0.999 batch_outcomes=256 batch_topologies=256 seen=10961978
step=56175 loss=-0.0027 reverse_nll=0.0001 ESS=0.999 batch_outcomes=256 batch_topologies=256 seen=10962985
step=56200 loss=-0.0012 reverse_nll=0.0001 ESS=0.999 batch_outcomes=256 batch_topologies=256 seen=10963887
step=56225 loss=0.0007 reverse_nll=0.0001 ESS=0.999 batch_outcomes=256 batch_topologies=256 seen=10964775
step=56250 loss=0.1783 reverse_nll=1.3649 ESS=0.836 batch_outcomes=256 batch_topologies=256 seen=10965812
step=56275 loss=-0.0242 reverse_nll=0.0252 ESS=0.986 batch_outcomes=256 batch_topologies=256 seen=10966863
step=56300 loss=-0.0102 reverse_nll=0.0198 ESS=0.978 batch_outcomes=256 batch_topologies=256 seen=10968034
step=56325 loss=-0.0402 reverse_nll=0.0516 ESS=0.995 batch_outcomes=256 batch_topologies=256 seen=10969160
step=56350 loss=-0.0265 reverse_nll=0.0014 ESS=0.990 batch_outcomes=256 batch_topologies=256 seen=10970066
step=56375 loss=-0.0333 reverse_nll=0.0004 ESS=0.999 batch_outcomes=256 batch_topologies=256 seen=10971017
step=56400 loss=-0.0243 reverse_nll=0.0000 ESS=0.999 batch_outcomes=256 batch_topologies=256 seen=10971981
step=56425 loss=-0.0190 reverse_nll=0.0000 ESS=0.999 batch_outcomes=256 batch_topologies=256 seen=10972857
step=56450 loss=-0.0116 reverse_nll=0.0000 ESS=0.999 batch_outcomes=256 batch_topologies=256 seen=10973734
step=56475 loss=-0.0144 reverse_nll=0.0000 ESS=0.999 batch_outcomes=256 batch_topologies=256 seen=10974614
step=56500 loss=-0.0113 reverse_nll=0.0000 ESS=0.999 batch_outcomes=256 batch_topologies=256 seen=10975552
step=56525 loss=-0.0065 reverse_nll=0.0001 ESS=0.999 batch_outcomes=256 batch_topologies=256 seen=10976587
step=56550 loss=-0.0074 reverse_nll=0.0000 ESS=0.999 batch_outcomes=256 batch_topologies=256 seen=10977485
step=56575 loss=-0.0064 reverse_nll=0.0001 ESS=0.999 batch_outcomes=256 batch_topologies=256 seen=10978472
step=56600 loss=-0.0008 reverse_nll=0.0001 ESS=0.999 batch_outcomes=256 batch_topologies=256 seen=10979304
step=56625 loss=-0.0053 reverse_nll=0.0001 ESS=0.999 batch_outcomes=256 batch_topologies=256 seen=10980064
step=56650 loss=-0.0002 reverse_nll=0.0001 ESS=0.999 batch_outcomes=256 batch_topologies=256 seen=10980987
step=56675 loss=-0.0024 reverse_nll=0.0001 ESS=0.999 batch_outcomes=256 batch_topologies=256 seen=10981837
step=56700 loss=-0.0009 reverse_nll=0.0001 ESS=0.999 batch_outcomes=256 batch_topologies=256 seen=10982644
step=56725 loss=-0.0006 reverse_nll=0.0001 ESS=0.999 batch_outcomes=256 batch_topologies=256 seen=10983486
step=56750 loss=-0.0010 reverse_nll=0.0001 ESS=0.999 batch_outcomes=256 batch_topologies=256 seen=10984262
step=56775 loss=-0.0019 reverse_nll=0.0001 ESS=0.999 batch_outcomes=256 batch_topologies=256 seen=10984959
step=56800 loss=0.0026 reverse_nll=0.0001 ESS=0.999 batch_outcomes=256 batch_topologies=256 seen=10985630
step=56825 loss=-0.0001 reverse_nll=0.0001 ESS=0.999 batch_outcomes=256 batch_topologies=256 seen=10986378
step=56850 loss=-0.0011 reverse_nll=0.0001 ESS=0.999 batch_outcomes=256 batch_topologies=256 seen=10987112
step=56875 loss=0.1086 reverse_nll=0.0110 ESS=0.900 batch_outcomes=256 batch_topologies=256 seen=10988158
step=56900 loss=-0.0214 reverse_nll=0.0588 ESS=0.985 batch_outcomes=256 batch_topologies=256 seen=10989156
step=56925 loss=-0.0194 reverse_nll=0.0268 ESS=0.980 batch_outcomes=256 batch_topologies=256 seen=10990059
step=56950 loss=-0.0220 reverse_nll=0.0010 ESS=0.990 batch_outcomes=256 batch_topologies=256 seen=10990829
step=56975 loss=-0.0195 reverse_nll=0.0027 ESS=0.988 batch_outcomes=256 batch_topologies=256 seen=10991686
step=57000 loss=-0.0245 reverse_nll=0.0003 ESS=0.997 batch_outcomes=256 batch_topologies=256 seen=10992526
step=57025 loss=-0.0194 reverse_nll=0.0255 ESS=0.993 batch_outcomes=256 batch_topologies=256 seen=10993342
step=57050 loss=-0.0268 reverse_nll=0.0001 ESS=0.999 batch_outcomes=256 batch_topologies=256 seen=10994095
step=57075 loss=-0.0224 reverse_nll=0.0000 ESS=0.999 batch_outcomes=256 batch_topologies=256 seen=10994842
step=57100 loss=-0.0145 reverse_nll=0.0000 ESS=0.999 batch_outcomes=256 batch_topologies=256 seen=10995567
step=57125 loss=-0.0126 reverse_nll=0.0000 ESS=0.999 batch_outcomes=256 batch_topologies=256 seen=10996326
step=57150 loss=-0.0100 reverse_nll=0.0001 ESS=0.999 batch_outcomes=256 batch_topologies=256 seen=10997208
step=57175 loss=-0.0067 reverse_nll=0.0001 ESS=0.999 batch_outcomes=256 batch_topologies=256 seen=10997925
step=57200 loss=-0.0064 reverse_nll=0.0000 ESS=0.999 batch_outcomes=256 batch_topologies=256 seen=10998615
step=57225 loss=-0.0046 reverse_nll=0.0001 ESS=0.999 batch_outcomes=256 batch_topologies=256 seen=10999315
step=57250 loss=-0.0042 reverse_nll=0.0001 ESS=0.999 batch_outcomes=256 batch_topologies=256 seen=11000045
step=57275 loss=-0.0021 reverse_nll=0.0001 ESS=0.999 batch_outcomes=256 batch_topologies=256 seen=11001127
step=57300 loss=-0.0012 reverse_nll=0.0001 ESS=0.999 batch_outcomes=256 batch_topologies=256 seen=11002040
step=57325 loss=-0.0003 reverse_nll=0.0001 ESS=0.999 batch_outcomes=256 batch_topologies=256 seen=11002838
step=57350 loss=-0.0003 reverse_nll=0.0001 ESS=0.999 batch_outcomes=256 batch_topologies=256 seen=11003709
step=57375 loss=-0.0003 reverse_nll=0.0001 ESS=0.999 batch_outcomes=256 batch_topologies=256 seen=11004502
step=57400 loss=0.0492 reverse_nll=0.2646 ESS=0.946 batch_outcomes=256 batch_topologies=256 seen=11005453
step=57425 loss=-0.0121 reverse_nll=0.3466 ESS=0.988 batch_outcomes=256 batch_topologies=256 seen=11006340
step=57450 loss=-0.0027 reverse_nll=0.0022 ESS=0.983 batch_outcomes=256 batch_topologies=256 seen=11007115
step=57475 loss=-0.0297 reverse_nll=0.0039 ESS=0.999 batch_outcomes=256 batch_topologies=256 seen=11007864
step=57500 loss=-0.0204 reverse_nll=0.0002 ESS=0.995 batch_outcomes=256 batch_topologies=256 seen=11008558
step=57525 loss=-0.0221 reverse_nll=0.0000 ESS=0.999 batch_outcomes=256 batch_topologies=256 seen=11009224
step=57550 loss=-0.0171 reverse_nll=0.0000 ESS=0.999 batch_outcomes=256 batch_topologies=256 seen=11009932
step=57575 loss=-0.0132 reverse_nll=0.0000 ESS=0.999 batch_outcomes=256 batch_topologies=256 seen=11011032
step=57600 loss=-0.0113 reverse_nll=0.0000 ESS=0.999 batch_outcomes=256 batch_topologies=256 seen=11011857
step=57625 loss=-0.0054 reverse_nll=0.0000 ESS=0.999 batch_outcomes=256 batch_topologies=256 seen=11012739
step=57650 loss=-0.0084 reverse_nll=0.0001 ESS=0.999 batch_outcomes=256 batch_topologies=256 seen=11013601
step=57675 loss=-0.0040 reverse_nll=0.0001 ESS=0.999 batch_outcomes=256 batch_topologies=256 seen=11014288
step=57700 loss=-0.0020 reverse_nll=0.0001 ESS=0.999 batch_outcomes=256 batch_topologies=256 seen=11014991
step=57725 loss=-0.0039 reverse_nll=0.0001 ESS=0.999 batch_outcomes=256 batch_topologies=256 seen=11015604
step=57750 loss=-0.0032 reverse_nll=0.0001 ESS=0.999 batch_outcomes=256 batch_topologies=256 seen=11016214
step=57775 loss=-0.0003 reverse_nll=0.0001 ESS=0.999 batch_outcomes=256 batch_topologies=256 seen=11016904
step=57800 loss=-0.0035 reverse_nll=0.0001 ESS=0.999 batch_outcomes=256 batch_topologies=256 seen=11017590
step=57825 loss=0.0823 reverse_nll=0.9882 ESS=0.923 batch_outcomes=256 batch_topologies=256 seen=11018274
step=57850 loss=0.0391 reverse_nll=0.0252 ESS=0.950 batch_outcomes=256 batch_topologies=256 seen=11019189
step=57875 loss=0.0574 reverse_nll=0.0138 ESS=0.932 batch_outcomes=256 batch_topologies=256 seen=11020194
step=57900 loss=0.0532 reverse_nll=0.0058 ESS=0.936 batch_outcomes=256 batch_topologies=256 seen=11021158
step=57925 loss=-0.0225 reverse_nll=0.0297 ESS=0.992 batch_outcomes=256 batch_topologies=256 seen=11022064
step=57950 loss=-0.0242 reverse_nll=0.0012 ESS=0.999 batch_outcomes=256 batch_topologies=256 seen=11022823
step=57975 loss=-0.0214 reverse_nll=0.0001 ESS=0.999 batch_outcomes=256 batch_topologies=256 seen=11023556
step=58000 loss=-0.0225 reverse_nll=0.0000 ESS=0.999 batch_outcomes=256 batch_topologies=256 seen=11024291
step=58025 loss=-0.0138 reverse_nll=0.0000 ESS=0.999 batch_outcomes=256 batch_topologies=256 seen=11024949
step=58050 loss=-0.0104 reverse_nll=0.0000 ESS=0.999 batch_outcomes=256 batch_topologies=256 seen=11025557
step=58075 loss=-0.0081 reverse_nll=0.0000 ESS=0.999 batch_outcomes=256 batch_topologies=256 seen=11026414
step=58100 loss=-0.0072 reverse_nll=0.0000 ESS=0.999 batch_outcomes=256 batch_topologies=256 seen=11027347
step=58125 loss=-0.0062 reverse_nll=0.0001 ESS=0.999 batch_outcomes=256 batch_topologies=256 seen=11028098
step=58150 loss=-0.0041 reverse_nll=0.0001 ESS=0.999 batch_outcomes=256 batch_topologies=256 seen=11029036
step=58175 loss=-0.0058 reverse_nll=0.0001 ESS=0.999 batch_outcomes=256 batch_topologies=256 seen=11029922
step=58200 loss=-0.0012 reverse_nll=0.0001 ESS=0.999 batch_outcomes=256 batch_topologies=256 seen=11030992
step=58225 loss=0.0002 reverse_nll=0.0001 ESS=0.999 batch_outcomes=256 batch_topologies=256 seen=11031905
step=58250 loss=-0.0061 reverse_nll=0.0001 ESS=0.999 batch_outcomes=256 batch_topologies=256 seen=11032773
step=58275 loss=0.0026 reverse_nll=0.0001 ESS=0.999 batch_outcomes=256 batch_topologies=256 seen=11033580
step=58300 loss=0.0004 reverse_nll=0.0001 ESS=0.999 batch_outcomes=256 batch_topologies=256 seen=11034416
step=58325 loss=-0.0012 reverse_nll=0.0001 ESS=0.999 batch_outcomes=256 batch_topologies=256 seen=11035174
step=58350 loss=0.0202 reverse_nll=0.1556 ESS=0.965 batch_outcomes=256 batch_topologies=256 seen=11036209
step=58375 loss=0.0460 reverse_nll=0.0150 ESS=0.930 batch_outcomes=256 batch_topologies=256 seen=11037181
step=58400 loss=-0.0300 reverse_nll=0.0245 ESS=0.998 batch_outcomes=256 batch_topologies=256 seen=11038050
step=58425 loss=-0.0277 reverse_nll=0.0013 ESS=0.999 batch_outcomes=256 batch_topologies=256 seen=11038864
step=58450 loss=-0.0271 reverse_nll=0.0001 ESS=0.999 batch_outcomes=256 batch_topologies=256 seen=11039638
step=58475 loss=-0.0224 reverse_nll=0.0000 ESS=0.999 batch_outcomes=256 batch_topologies=256 seen=11040329
step=58500 loss=-0.0172 reverse_nll=0.0000 ESS=0.999 batch_outcomes=256 batch_topologies=256 seen=11041010
step=58525 loss=-0.0138 reverse_nll=0.0000 ESS=0.999 batch_outcomes=256 batch_topologies=256 seen=11041799
step=58550 loss=-0.0121 reverse_nll=0.0000 ESS=0.999 batch_outcomes=256 batch_topologies=256 seen=11042582
step=58575 loss=-0.0098 reverse_nll=0.0000 ESS=0.999 batch_outcomes=256 batch_topologies=256 seen=11043324
step=58600 loss=-0.0076 reverse_nll=0.0000 ESS=0.999 batch_outcomes=256 batch_topologies=256 seen=11044017
step=58625 loss=-0.0050 reverse_nll=0.0000 ESS=0.999 batch_outcomes=256 batch_topologies=256 seen=11044659
step=58650 loss=-0.0036 reverse_nll=0.0001 ESS=0.999 batch_outcomes=256 batch_topologies=256 seen=11045327
step=58675 loss=0.0780 reverse_nll=0.0040 ESS=0.931 batch_outcomes=256 batch_topologies=256 seen=11046072
step=58700 loss=0.0225 reverse_nll=0.0177 ESS=0.970 batch_outcomes=256 batch_topologies=256 seen=11047057
step=58725 loss=0.0125 reverse_nll=0.0010 ESS=0.978 batch_outcomes=256 batch_topologies=256 seen=11047925
step=58750 loss=-0.0234 reverse_nll=0.0001 ESS=0.999 batch_outcomes=256 batch_topologies=256 seen=11048760
step=58775 loss=0.0424 reverse_nll=0.0059 ESS=0.954 batch_outcomes=256 batch_topologies=256 seen=11049441
step=58800 loss=-0.0186 reverse_nll=0.0001 ESS=0.999 batch_outcomes=256 batch_topologies=256 seen=11050107
step=58825 loss=-0.0194 reverse_nll=0.0000 ESS=0.999 batch_outcomes=256 batch_topologies=256 seen=11050749
step=58850 loss=-0.0136 reverse_nll=0.0000 ESS=0.999 batch_outcomes=256 batch_topologies=256 seen=11051503
step=58875 loss=-0.0103 reverse_nll=0.0001 ESS=0.999 batch_outcomes=256 batch_topologies=256 seen=11052193
step=58900 loss=-0.0078 reverse_nll=0.0001 ESS=0.999 batch_outcomes=256 batch_topologies=256 seen=11052930
step=58925 loss=-0.0065 reverse_nll=0.0001 ESS=0.999 batch_outcomes=256 batch_topologies=256 seen=11053565
step=58950 loss=-0.0031 reverse_nll=0.0001 ESS=0.999 batch_outcomes=256 batch_topologies=256 seen=11054167
step=58975 loss=-0.0039 reverse_nll=0.0001 ESS=0.999 batch_outcomes=256 batch_topologies=256 seen=11054760
step=59000 loss=-0.0034 reverse_nll=0.0001 ESS=0.999 batch_outcomes=256 batch_topologies=256 seen=11055529
step=59025 loss=-0.0031 reverse_nll=0.0001 ESS=0.999 batch_outcomes=256 batch_topologies=256 seen=11056322
step=59050 loss=-0.0022 reverse_nll=0.0001 ESS=0.999 batch_outcomes=256 batch_topologies=256 seen=11057008
step=59075 loss=-0.0011 reverse_nll=0.0001 ESS=0.999 batch_outcomes=256 batch_topologies=256 seen=11057645
step=59100 loss=-0.0005 reverse_nll=0.0001 ESS=0.999 batch_outcomes=256 batch_topologies=256 seen=11058385
step=59125 loss=0.0635 reverse_nll=0.3300 ESS=0.943 batch_outcomes=256 batch_topologies=256 seen=11059090
step=59150 loss=-0.0143 reverse_nll=0.0130 ESS=0.994 batch_outcomes=256 batch_topologies=256 seen=11060017
step=59175 loss=-0.0173 reverse_nll=0.0006 ESS=0.991 batch_outcomes=256 batch_topologies=256 seen=11060851
step=59200 loss=-0.0278 reverse_nll=0.0001 ESS=0.999 batch_outcomes=256 batch_topologies=256 seen=11061549
step=59225 loss=-0.0219 reverse_nll=0.0000 ESS=0.999 batch_outcomes=256 batch_topologies=256 seen=11062430
step=59250 loss=-0.0189 reverse_nll=0.0000 ESS=0.999 batch_outcomes=256 batch_topologies=256 seen=11063207
step=59275 loss=-0.0147 reverse_nll=0.0000 ESS=0.999 batch_outcomes=256 batch_topologies=256 seen=11063964
step=59300 loss=-0.0095 reverse_nll=0.0001 ESS=0.999 batch_outcomes=256 batch_topologies=256 seen=11064696
step=59325 loss=-0.0067 reverse_nll=0.0001 ESS=0.999 batch_outcomes=256 batch_topologies=256 seen=11065342
step=59350 loss=-0.0051 reverse_nll=0.0001 ESS=0.999 batch_outcomes=256 batch_topologies=256 seen=11066031
step=59375 loss=-0.0040 reverse_nll=0.0001 ESS=0.999 batch_outcomes=256 batch_topologies=256 seen=11066696
step=59400 loss=-0.0060 reverse_nll=0.0001 ESS=0.999 batch_outcomes=256 batch_topologies=256 seen=11067399
step=59425 loss=-0.0038 reverse_nll=0.0001 ESS=0.999 batch_outcomes=256 batch_topologies=256 seen=11068011
step=59450 loss=-0.0010 reverse_nll=0.0001 ESS=0.999 batch_outcomes=256 batch_topologies=256 seen=11068634
step=59475 loss=-0.0002 reverse_nll=0.0001 ESS=0.999 batch_outcomes=256 batch_topologies=256 seen=11069216
step=59500 loss=0.0905 reverse_nll=0.0804 ESS=0.932 batch_outcomes=256 batch_topologies=256 seen=11069864
step=59525 loss=-0.0191 reverse_nll=0.0537 ESS=0.993 batch_outcomes=256 batch_topologies=256 seen=11070727
step=59550 loss=0.0537 reverse_nll=0.1400 ESS=0.940 batch_outcomes=256 batch_topologies=256 seen=11071546
step=59575 loss=-0.0261 reverse_nll=0.0006 ESS=0.999 batch_outcomes=256 batch_topologies=256 seen=11072297
step=59600 loss=-0.0153 reverse_nll=0.0006 ESS=0.992 batch_outcomes=256 batch_topologies=256 seen=11072993
step=59625 loss=-0.0226 reverse_nll=0.0001 ESS=0.999 batch_outcomes=256 batch_topologies=256 seen=11073707
step=59650 loss=-0.0146 reverse_nll=0.0000 ESS=0.999 batch_outcomes=256 batch_topologies=256 seen=11074372
step=59675 loss=-0.0122 reverse_nll=0.0000 ESS=0.999 batch_outcomes=256 batch_topologies=256 seen=11074932
step=59700 loss=-0.0086 reverse_nll=0.0000 ESS=0.999 batch_outcomes=256 batch_topologies=256 seen=11075541
step=59725 loss=-0.0068 reverse_nll=0.0000 ESS=0.999 batch_outcomes=256 batch_topologies=256 seen=11076264
step=59750 loss=-0.0079 reverse_nll=0.0000 ESS=0.999 batch_outcomes=256 batch_topologies=256 seen=11076901
step=59775 loss=-0.0062 reverse_nll=0.0001 ESS=0.999 batch_outcomes=256 batch_topologies=256 seen=11077491
step=59800 loss=-0.0040 reverse_nll=0.0001 ESS=0.999 batch_outcomes=256 batch_topologies=256 seen=11078129
step=59825 loss=-0.0026 reverse_nll=0.0001 ESS=0.999 batch_outcomes=256 batch_topologies=256 seen=11078750
step=59850 loss=-0.0032 reverse_nll=0.0001 ESS=0.999 batch_outcomes=256 batch_topologies=256 seen=11079337
step=59875 loss=-0.0020 reverse_nll=0.0001 ESS=0.999 batch_outcomes=256 batch_topologies=256 seen=11079837
step=59900 loss=-0.0040 reverse_nll=0.0001 ESS=0.999 batch_outcomes=256 batch_topologies=256 seen=11080376
step=59925 loss=-0.0002 reverse_nll=0.3146 ESS=0.999 batch_outcomes=256 batch_topologies=256 seen=11081139
step=59950 loss=0.0783 reverse_nll=0.0149 ESS=0.915 batch_outcomes=256 batch_topologies=256 seen=11082009
step=59975 loss=0.0183 reverse_nll=0.0372 ESS=0.967 batch_outcomes=256 batch_topologies=256 seen=11082842
step=60000 loss=-0.0181 reverse_nll=0.0328 ESS=0.989 batch_outcomes=256 batch_topologies=256 seen=11083723
step=60025 loss=0.0014 reverse_nll=0.0374 ESS=0.981 batch_outcomes=256 batch_topologies=256 seen=11084460
step=60050 loss=-0.0074 reverse_nll=0.0197 ESS=0.990 batch_outcomes=256 batch_topologies=256 seen=11085106
step=60075 loss=-0.0150 reverse_nll=0.0025 ESS=0.996 batch_outcomes=256 batch_topologies=256 seen=11085746
step=60100 loss=-0.0036 reverse_nll=0.0003 ESS=0.992 batch_outcomes=256 batch_topologies=256 seen=11086302
step=60125 loss=-0.0144 reverse_nll=0.0000 ESS=0.999 batch_outcomes=256 batch_topologies=256 seen=11086830
step=60150 loss=-0.0100 reverse_nll=0.0000 ESS=0.999 batch_outcomes=256 batch_topologies=256 seen=11087351
step=60175 loss=-0.0071 reverse_nll=0.0000 ESS=0.999 batch_outcomes=256 batch_topologies=256 seen=11088069
step=60200 loss=-0.0070 reverse_nll=0.0001 ESS=0.999 batch_outcomes=256 batch_topologies=256 seen=11088730
step=60225 loss=0.0011 reverse_nll=0.0071 ESS=0.990 batch_outcomes=256 batch_topologies=256 seen=11089319
step=60250 loss=-0.0022 reverse_nll=0.0099 ESS=0.996 batch_outcomes=256 batch_topologies=256 seen=11089998
step=60275 loss=0.0053 reverse_nll=0.0453 ESS=0.989 batch_outcomes=256 batch_topologies=256 seen=11090619
step=60300 loss=0.0180 reverse_nll=0.0030 ESS=0.980 batch_outcomes=256 batch_topologies=256 seen=11091288
step=60325 loss=-0.0112 reverse_nll=0.0003 ESS=0.999 batch_outcomes=256 batch_topologies=256 seen=11092048
step=60350 loss=-0.0129 reverse_nll=0.0000 ESS=0.999 batch_outcomes=256 batch_topologies=256 seen=11092723
step=60375 loss=-0.0092 reverse_nll=0.0000 ESS=0.999 batch_outcomes=256 batch_topologies=256 seen=11093318
step=60400 loss=-0.0048 reverse_nll=0.0000 ESS=0.999 batch_outcomes=256 batch_topologies=256 seen=11093878
step=60425 loss=-0.0055 reverse_nll=0.0000 ESS=0.999 batch_outcomes=256 batch_topologies=256 seen=11094481
step=60450 loss=-0.0060 reverse_nll=0.0000 ESS=0.999 batch_outcomes=256 batch_topologies=256 seen=11095133
step=60475 loss=-0.0045 reverse_nll=0.0001 ESS=0.999 batch_outcomes=256 batch_topologies=256 seen=11095806
step=60500 loss=-0.0054 reverse_nll=0.0001 ESS=0.999 batch_outcomes=256 batch_topologies=256 seen=11096493
step=60525 loss=-0.0018 reverse_nll=0.0001 ESS=0.999 batch_outcomes=256 batch_topologies=256 seen=11097161
step=60550 loss=-0.0040 reverse_nll=0.0001 ESS=0.999 batch_outcomes=256 batch_topologies=256 seen=11097731
step=60575 loss=0.0004 reverse_nll=0.0001 ESS=0.999 batch_outcomes=256 batch_topologies=256 seen=11098288
step=60600 loss=-0.0004 reverse_nll=0.0001 ESS=0.999 batch_outcomes=256 batch_topologies=256 seen=11098844
step=60625 loss=0.3911 reverse_nll=0.0629 ESS=0.647 batch_outcomes=256 batch_topologies=256 seen=11099345
step=60650 loss=0.0372 reverse_nll=0.0105 ESS=0.945 batch_outcomes=256 batch_topologies=256 seen=11100058
step=60675 loss=0.0020 reverse_nll=0.0033 ESS=0.979 batch_outcomes=256 batch_topologies=256 seen=11100847
step=60700 loss=-0.0296 reverse_nll=0.0004 ESS=0.999 batch_outcomes=256 batch_topologies=256 seen=11101671
step=60725 loss=-0.0119 reverse_nll=0.0025 ESS=0.989 batch_outcomes=256 batch_topologies=256 seen=11102396
step=60750 loss=-0.0231 reverse_nll=0.0034 ESS=0.996 batch_outcomes=256 batch_topologies=256 seen=11103129
step=60775 loss=-0.0182 reverse_nll=0.0000 ESS=0.999 batch_outcomes=256 batch_topologies=256 seen=11103762
step=60800 loss=-0.0154 reverse_nll=0.0000 ESS=0.999 batch_outcomes=256 batch_topologies=256 seen=11104343
step=60825 loss=-0.0120 reverse_nll=0.0000 ESS=0.999 batch_outcomes=256 batch_topologies=256 seen=11104941
step=60850 loss=-0.0086 reverse_nll=0.0000 ESS=0.999 batch_outcomes=256 batch_topologies=256 seen=11105553
step=60875 loss=-0.0048 reverse_nll=0.0001 ESS=0.999 batch_outcomes=256 batch_topologies=256 seen=11106147
step=60900 loss=-0.0042 reverse_nll=0.0000 ESS=0.999 batch_outcomes=256 batch_topologies=256 seen=11106729
step=60925 loss=-0.0037 reverse_nll=0.0001 ESS=0.999 batch_outcomes=256 batch_topologies=256 seen=11107304
step=60950 loss=-0.0034 reverse_nll=0.0001 ESS=0.999 batch_outcomes=256 batch_topologies=256 seen=11107792
step=60975 loss=0.0001 reverse_nll=0.0001 ESS=0.999 batch_outcomes=256 batch_topologies=256 seen=11108295
step=61000 loss=-0.0050 reverse_nll=0.0001 ESS=0.999 batch_outcomes=256 batch_topologies=256 seen=11108811
step=61025 loss=-0.0047 reverse_nll=0.0001 ESS=0.999 batch_outcomes=256 batch_topologies=256 seen=11109289
step=61050 loss=-0.0007 reverse_nll=0.0001 ESS=0.999 batch_outcomes=256 batch_topologies=256 seen=11109767
step=61075 loss=0.0006 reverse_nll=0.0001 ESS=0.999 batch_outcomes=256 batch_topologies=256 seen=11110310
step=61100 loss=0.0004 reverse_nll=0.0001 ESS=0.999 batch_outcomes=256 batch_topologies=256 seen=11111127
step=61125 loss=0.0406 reverse_nll=0.3327 ESS=0.962 batch_outcomes=256 batch_topologies=256 seen=11112159
step=61150 loss=-0.0033 reverse_nll=0.0165 ESS=0.982 batch_outcomes=256 batch_topologies=256 seen=11113193
step=61175 loss=-0.0206 reverse_nll=0.0108 ESS=0.991 batch_outcomes=256 batch_topologies=256 seen=11114090
step=61200 loss=-0.0332 reverse_nll=0.0009 ESS=0.998 batch_outcomes=256 batch_topologies=256 seen=11114767
step=61225 loss=-0.0239 reverse_nll=0.0003 ESS=0.996 batch_outcomes=256 batch_topologies=256 seen=11115351
step=61250 loss=-0.0154 reverse_nll=0.0002 ESS=0.992 batch_outcomes=256 batch_topologies=256 seen=11115951
step=61275 loss=-0.0102 reverse_nll=0.0003 ESS=0.988 batch_outcomes=256 batch_topologies=256 seen=11116690
step=61300 loss=-0.0176 reverse_nll=0.0003 ESS=0.999 batch_outcomes=256 batch_topologies=256 seen=11117547
step=61325 loss=-0.0172 reverse_nll=0.0007 ESS=0.998 batch_outcomes=256 batch_topologies=256 seen=11118285
step=61350 loss=-0.0166 reverse_nll=0.0000 ESS=0.999 batch_outcomes=256 batch_topologies=256 seen=11118864
step=61375 loss=-0.0144 reverse_nll=0.0000 ESS=0.999 batch_outcomes=256 batch_topologies=256 seen=11119459
step=61400 loss=-0.0093 reverse_nll=0.0000 ESS=0.999 batch_outcomes=256 batch_topologies=256 seen=11120021
step=61425 loss=-0.0063 reverse_nll=0.0001 ESS=0.999 batch_outcomes=256 batch_topologies=256 seen=11120587
step=61450 loss=-0.0056 reverse_nll=0.0001 ESS=0.999 batch_outcomes=256 batch_topologies=256 seen=11121094
step=61475 loss=-0.0029 reverse_nll=0.0001 ESS=0.999 batch_outcomes=256 batch_topologies=256 seen=11121571
step=61500 loss=-0.0034 reverse_nll=0.0001 ESS=0.999 batch_outcomes=256 batch_topologies=256 seen=11122146
step=61525 loss=-0.0057 reverse_nll=0.0001 ESS=0.999 batch_outcomes=256 batch_topologies=256 seen=11122695
step=61550 loss=-0.0013 reverse_nll=0.0002 ESS=0.999 batch_outcomes=256 batch_topologies=256 seen=11123195
step=61575 loss=-0.0018 reverse_nll=0.0001 ESS=0.999 batch_outcomes=256 batch_topologies=256 seen=11123734
step=61600 loss=-0.0034 reverse_nll=0.0001 ESS=0.999 batch_outcomes=256 batch_topologies=256 seen=11124197
step=61625 loss=0.0749 reverse_nll=0.2546 ESS=0.940 batch_outcomes=256 batch_topologies=256 seen=11124848
step=61650 loss=0.0186 reverse_nll=0.0957 ESS=0.972 batch_outcomes=256 batch_topologies=256 seen=11125625
step=61675 loss=-0.0275 reverse_nll=0.0005 ESS=0.999 batch_outcomes=256 batch_topologies=256 seen=11126397
step=61700 loss=0.0726 reverse_nll=0.0084 ESS=0.925 batch_outcomes=256 batch_topologies=256 seen=11127115
step=61725 loss=-0.0221 reverse_nll=0.0030 ESS=0.998 batch_outcomes=256 batch_topologies=256 seen=11127736
step=61750 loss=-0.0213 reverse_nll=0.0015 ESS=0.999 batch_outcomes=256 batch_topologies=256 seen=11128307
step=61775 loss=-0.0051 reverse_nll=0.0004 ESS=0.991 batch_outcomes=256 batch_topologies=256 seen=11128825
step=61800 loss=-0.0132 reverse_nll=0.0000 ESS=0.999 batch_outcomes=256 batch_topologies=256 seen=11129289
step=61825 loss=-0.0130 reverse_nll=0.0000 ESS=0.999 batch_outcomes=256 batch_topologies=256 seen=11129937
step=61850 loss=-0.0061 reverse_nll=0.0000 ESS=0.999 batch_outcomes=256 batch_topologies=256 seen=11130763
step=61875 loss=-0.0085 reverse_nll=0.0000 ESS=0.999 batch_outcomes=256 batch_topologies=256 seen=11131551
step=61900 loss=-0.0054 reverse_nll=0.0001 ESS=0.999 batch_outcomes=256 batch_topologies=256 seen=11132203
step=61925 loss=-0.0044 reverse_nll=0.0001 ESS=0.999 batch_outcomes=256 batch_topologies=256 seen=11132687
step=61950 loss=-0.0018 reverse_nll=0.0001 ESS=0.999 batch_outcomes=256 batch_topologies=256 seen=11133161
step=61975 loss=-0.0069 reverse_nll=0.0001 ESS=0.999 batch_outcomes=256 batch_topologies=256 seen=11133780
step=62000 loss=0.4726 reverse_nll=0.1025 ESS=0.572 batch_outcomes=256 batch_topologies=256 seen=11134481
step=62025 loss=0.0646 reverse_nll=0.0334 ESS=0.939 batch_outcomes=256 batch_topologies=256 seen=11135193
step=62050 loss=0.0365 reverse_nll=0.0034 ESS=0.954 batch_outcomes=256 batch_topologies=256 seen=11135764
step=62075 loss=-0.0151 reverse_nll=0.0731 ESS=0.996 batch_outcomes=256 batch_topologies=256 seen=11136314
step=62100 loss=-0.0142 reverse_nll=0.0008 ESS=0.997 batch_outcomes=256 batch_topologies=256 seen=11136848
step=62125 loss=-0.0165 reverse_nll=0.0002 ESS=0.999 batch_outcomes=256 batch_topologies=256 seen=11137359
step=62150 loss=-0.0114 reverse_nll=0.0000 ESS=0.999 batch_outcomes=256 batch_topologies=256 seen=11137792
step=62175 loss=-0.0094 reverse_nll=0.0000 ESS=0.999 batch_outcomes=256 batch_topologies=256 seen=11138163
step=62200 loss=-0.0087 reverse_nll=0.0000 ESS=0.999 batch_outcomes=256 batch_topologies=256 seen=11138669
step=62225 loss=-0.0050 reverse_nll=0.0001 ESS=0.999 batch_outcomes=256 batch_topologies=256 seen=11139540
step=62250 loss=-0.0046 reverse_nll=0.0001 ESS=0.999 batch_outcomes=256 batch_topologies=256 seen=11140328
step=62275 loss=-0.0062 reverse_nll=0.0001 ESS=0.999 batch_outcomes=256 batch_topologies=256 seen=11141110
step=62300 loss=-0.0024 reverse_nll=0.0001 ESS=0.999 batch_outcomes=256 batch_topologies=256 seen=11141728
step=62325 loss=0.0005 reverse_nll=0.0001 ESS=0.999 batch_outcomes=256 batch_topologies=256 seen=11142257
step=62350 loss=0.0308 reverse_nll=0.0963 ESS=0.962 batch_outcomes=256 batch_topologies=256 seen=11142848
step=62375 loss=-0.0079 reverse_nll=0.0521 ESS=0.996 batch_outcomes=256 batch_topologies=256 seen=11143548
step=62400 loss=-0.0122 reverse_nll=0.0017 ESS=0.997 batch_outcomes=256 batch_topologies=256 seen=11144124
step=62425 loss=0.0141 reverse_nll=0.0057 ESS=0.979 batch_outcomes=256 batch_topologies=256 seen=11144616
step=62450 loss=-0.0069 reverse_nll=0.0005 ESS=0.995 batch_outcomes=256 batch_topologies=256 seen=11145079
step=62475 loss=-0.0094 reverse_nll=0.0000 ESS=0.999 batch_outcomes=256 batch_topologies=256 seen=11145573
step=62500 loss=-0.0076 reverse_nll=0.0000 ESS=0.999 batch_outcomes=256 batch_topologies=256 seen=11146278
step=62525 loss=-0.0061 reverse_nll=0.0000 ESS=0.999 batch_outcomes=256 batch_topologies=256 seen=11146990
step=62550 loss=-0.0030 reverse_nll=0.0001 ESS=0.999 batch_outcomes=256 batch_topologies=256 seen=11147708
step=62575 loss=-0.0050 reverse_nll=0.0001 ESS=0.999 batch_outcomes=256 batch_topologies=256 seen=11148301
step=62600 loss=-0.0027 reverse_nll=0.0001 ESS=0.999 batch_outcomes=256 batch_topologies=256 seen=11148827
step=62625 loss=-0.0056 reverse_nll=0.0001 ESS=0.999 batch_outcomes=256 batch_topologies=256 seen=11149290
step=62650 loss=-0.0037 reverse_nll=0.0001 ESS=0.999 batch_outcomes=256 batch_topologies=256 seen=11149679
step=62675 loss=-0.0006 reverse_nll=0.0001 ESS=0.999 batch_outcomes=256 batch_topologies=256 seen=11150238
step=62700 loss=-0.0027 reverse_nll=0.0001 ESS=0.999 batch_outcomes=256 batch_topologies=256 seen=11150857
step=62725 loss=-0.0017 reverse_nll=0.0001 ESS=0.999 batch_outcomes=256 batch_topologies=256 seen=11151378
step=62750 loss=-0.0010 reverse_nll=0.0001 ESS=0.999 batch_outcomes=256 batch_topologies=256 seen=11152021
step=62775 loss=-0.0009 reverse_nll=0.0001 ESS=0.999 batch_outcomes=256 batch_topologies=256 seen=11152575
step=62800 loss=-0.0031 reverse_nll=0.0001 ESS=0.999 batch_outcomes=256 batch_topologies=256 seen=11153056
step=62825 loss=-0.0012 reverse_nll=0.0001 ESS=0.999 batch_outcomes=256 batch_topologies=256 seen=11153462
step=62850 loss=-0.0018 reverse_nll=0.0001 ESS=0.999 batch_outcomes=256 batch_topologies=256 seen=11153836
step=62875 loss=0.1184 reverse_nll=0.0373 ESS=0.907 batch_outcomes=256 batch_topologies=256 seen=11154452
step=62900 loss=-0.0085 reverse_nll=0.0065 ESS=0.984 batch_outcomes=256 batch_topologies=256 seen=11155439
step=62925 loss=-0.0312 reverse_nll=0.0116 ESS=0.998 batch_outcomes=256 batch_topologies=256 seen=11156366
step=62950 loss=-0.0109 reverse_nll=0.0087 ESS=0.984 batch_outcomes=256 batch_topologies=256 seen=11157168
step=62975 loss=-0.0237 reverse_nll=0.0006 ESS=0.999 batch_outcomes=256 batch_topologies=256 seen=11157838
step=63000 loss=-0.0159 reverse_nll=0.0014 ESS=0.988 batch_outcomes=256 batch_topologies=256 seen=11158406
step=63025 loss=-0.0233 reverse_nll=0.0001 ESS=0.999 batch_outcomes=256 batch_topologies=256 seen=11158923
step=63050 loss=-0.0070 reverse_nll=0.0003 ESS=0.991 batch_outcomes=256 batch_topologies=256 seen=11159392
step=63075 loss=-0.0143 reverse_nll=0.0009 ESS=0.999 batch_outcomes=256 batch_topologies=256 seen=11159823
step=63100 loss=-0.0103 reverse_nll=0.0000 ESS=0.999 batch_outcomes=256 batch_topologies=256 seen=11160212
step=63125 loss=-0.0098 reverse_nll=0.0000 ESS=0.999 batch_outcomes=256 batch_topologies=256 seen=11160561
step=63150 loss=-0.0071 reverse_nll=0.0000 ESS=0.999 batch_outcomes=256 batch_topologies=256 seen=11160883
step=63175 loss=-0.0045 reverse_nll=0.0000 ESS=0.999 batch_outcomes=256 batch_topologies=256 seen=11161251
step=63200 loss=-0.0031 reverse_nll=0.0000 ESS=0.999 batch_outcomes=256 batch_topologies=256 seen=11162053
step=63225 loss=-0.0047 reverse_nll=0.0001 ESS=0.999 batch_outcomes=256 batch_topologies=256 seen=11162888
step=63250 loss=0.0001 reverse_nll=0.0001 ESS=0.999 batch_outcomes=256 batch_topologies=256 seen=11163597
step=63275 loss=-0.0054 reverse_nll=0.0001 ESS=0.999 batch_outcomes=256 batch_topologies=256 seen=11164245
step=63300 loss=-0.0016 reverse_nll=0.0001 ESS=0.999 batch_outcomes=256 batch_topologies=256 seen=11164818
step=63325 loss=-0.0008 reverse_nll=0.0001 ESS=0.999 batch_outcomes=256 batch_topologies=256 seen=11165267
step=63350 loss=-0.0012 reverse_nll=0.0001 ESS=0.999 batch_outcomes=256 batch_topologies=256 seen=11165700
step=63375 loss=-0.0018 reverse_nll=0.0001 ESS=0.999 batch_outcomes=256 batch_topologies=256 seen=11166238
step=63400 loss=0.3179 reverse_nll=0.1410 ESS=0.728 batch_outcomes=256 batch_topologies=256 seen=11166775
step=63425 loss=0.0249 reverse_nll=0.0313 ESS=0.961 batch_outcomes=256 batch_topologies=256 seen=11167482
step=63450 loss=-0.0003 reverse_nll=0.0185 ESS=0.983 batch_outcomes=256 batch_topologies=256 seen=11168142
step=63475 loss=-0.0192 reverse_nll=0.0174 ESS=0.991 batch_outcomes=256 batch_topologies=256 seen=11168704
step=63500 loss=-0.0158 reverse_nll=0.0022 ESS=0.993 batch_outcomes=256 batch_topologies=256 seen=11169208
step=63525 loss=-0.0216 reverse_nll=0.0003 ESS=0.999 batch_outcomes=256 batch_topologies=256 seen=11169685
step=63550 loss=-0.0121 reverse_nll=0.0125 ESS=0.995 batch_outcomes=256 batch_topologies=256 seen=11170109
step=63575 loss=-0.0092 reverse_nll=0.0244 ESS=0.999 batch_outcomes=256 batch_topologies=256 seen=11170483
step=63600 loss=-0.0039 reverse_nll=0.0002 ESS=0.991 batch_outcomes=256 batch_topologies=256 seen=11170871
step=63625 loss=-0.0119 reverse_nll=0.0000 ESS=0.999 batch_outcomes=256 batch_topologies=256 seen=11171258
step=63650 loss=-0.0070 reverse_nll=0.0000 ESS=0.999 batch_outcomes=256 batch_topologies=256 seen=11171614
step=63675 loss=-0.0095 reverse_nll=0.0000 ESS=0.999 batch_outcomes=256 batch_topologies=256 seen=11172310
step=63700 loss=-0.0048 reverse_nll=0.0000 ESS=0.999 batch_outcomes=256 batch_topologies=256 seen=11173451
step=63725 loss=-0.0041 reverse_nll=0.0000 ESS=0.999 batch_outcomes=256 batch_topologies=256 seen=11174361
step=63750 loss=-0.0054 reverse_nll=0.0001 ESS=0.999 batch_outcomes=256 batch_topologies=256 seen=11175260
step=63775 loss=-0.0002 reverse_nll=0.0001 ESS=0.999 batch_outcomes=256 batch_topologies=256 seen=11175978
step=63800 loss=-0.0027 reverse_nll=0.0002 ESS=0.999 batch_outcomes=256 batch_topologies=256 seen=11176586
step=63825 loss=-0.0017 reverse_nll=0.0001 ESS=0.999 batch_outcomes=256 batch_topologies=256 seen=11177138
step=63850 loss=-0.0028 reverse_nll=0.0001 ESS=0.999 batch_outcomes=256 batch_topologies=256 seen=11177643
step=63875 loss=-0.0015 reverse_nll=0.0001 ESS=0.999 batch_outcomes=256 batch_topologies=256 seen=11178091
step=63900 loss=0.0015 reverse_nll=0.0001 ESS=0.999 batch_outcomes=256 batch_topologies=256 seen=11178484
step=63925 loss=0.2835 reverse_nll=0.0184 ESS=0.761 batch_outcomes=256 batch_topologies=256 seen=11179088
step=63950 loss=-0.0067 reverse_nll=0.0204 ESS=0.980 batch_outcomes=256 batch_topologies=256 seen=11179793
step=63975 loss=-0.0043 reverse_nll=0.0012 ESS=0.984 batch_outcomes=256 batch_topologies=256 seen=11180464
step=64000 loss=-0.0209 reverse_nll=0.0003 ESS=0.992 batch_outcomes=256 batch_topologies=256 seen=11181021
step=64025 loss=0.0015 reverse_nll=0.0004 ESS=0.984 batch_outcomes=256 batch_topologies=256 seen=11181481
step=64050 loss=-0.0222 reverse_nll=0.0005 ESS=0.999 batch_outcomes=256 batch_topologies=256 seen=11182188
step=64075 loss=-0.0197 reverse_nll=0.0350 ESS=0.999 batch_outcomes=256 batch_topologies=256 seen=11183050
step=64100 loss=-0.0175 reverse_nll=0.0000 ESS=0.999 batch_outcomes=256 batch_topologies=256 seen=11183816
step=64125 loss=-0.0149 reverse_nll=0.0000 ESS=0.999 batch_outcomes=256 batch_topologies=256 seen=11184458
step=64150 loss=-0.0123 reverse_nll=0.0000 ESS=0.999 batch_outcomes=256 batch_topologies=256 seen=11185109
step=64175 loss=-0.0094 reverse_nll=0.0000 ESS=0.999 batch_outcomes=256 batch_topologies=256 seen=11185664
step=64200 loss=0.0807 reverse_nll=0.0180 ESS=0.926 batch_outcomes=256 batch_topologies=256 seen=11186166
step=64225 loss=-0.0020 reverse_nll=0.0012 ESS=0.991 batch_outcomes=256 batch_topologies=256 seen=11186764
step=64250 loss=-0.0103 reverse_nll=0.0013 ESS=0.997 batch_outcomes=256 batch_topologies=256 seen=11187304
step=64275 loss=-0.0148 reverse_nll=0.0026 ESS=0.999 batch_outcomes=256 batch_topologies=256 seen=11187808
step=64300 loss=-0.0130 reverse_nll=0.0000 ESS=0.999 batch_outcomes=256 batch_topologies=256 seen=11188475
step=64325 loss=-0.0065 reverse_nll=0.0000 ESS=0.999 batch_outcomes=256 batch_topologies=256 seen=11189210
step=64350 loss=-0.0050 reverse_nll=0.0000 ESS=0.999 batch_outcomes=256 batch_topologies=256 seen=11189875
step=64375 loss=-0.0054 reverse_nll=0.0000 ESS=0.999 batch_outcomes=256 batch_topologies=256 seen=11190518
step=64400 loss=-0.0028 reverse_nll=0.0000 ESS=0.999 batch_outcomes=256 batch_topologies=256 seen=11191061
step=64425 loss=-0.0037 reverse_nll=0.0001 ESS=0.999 batch_outcomes=256 batch_topologies=256 seen=11191507
step=64450 loss=-0.0041 reverse_nll=0.0000 ESS=0.999 batch_outcomes=256 batch_topologies=256 seen=11191930
step=64475 loss=-0.0031 reverse_nll=0.0000 ESS=0.999 batch_outcomes=256 batch_topologies=256 seen=11192299
step=64500 loss=-0.0018 reverse_nll=0.0000 ESS=0.999 batch_outcomes=256 batch_topologies=256 seen=11192633
step=64525 loss=-0.0030 reverse_nll=0.0001 ESS=0.999 batch_outcomes=256 batch_topologies=256 seen=11192959
step=64550 loss=0.0008 reverse_nll=0.0000 ESS=0.999 batch_outcomes=256 batch_topologies=256 seen=11193253
step=64575 loss=-0.0021 reverse_nll=0.0001 ESS=0.999 batch_outcomes=256 batch_topologies=256 seen=11193842
step=64600 loss=0.1810 reverse_nll=0.0984 ESS=0.842 batch_outcomes=256 batch_topologies=256 seen=11194680
step=64625 loss=0.0472 reverse_nll=0.2205 ESS=0.952 batch_outcomes=256 batch_topologies=256 seen=11195730
step=64650 loss=0.0179 reverse_nll=0.0033 ESS=0.964 batch_outcomes=256 batch_topologies=256 seen=11196511
step=64675 loss=-0.0160 reverse_nll=0.0002 ESS=0.991 batch_outcomes=256 batch_topologies=256 seen=11197249
step=64700 loss=-0.0283 reverse_nll=0.0162 ESS=0.999 batch_outcomes=256 batch_topologies=256 seen=11197867
step=64725 loss=-0.0250 reverse_nll=0.0001 ESS=0.999 batch_outcomes=256 batch_topologies=256 seen=11198426
step=64750 loss=-0.0204 reverse_nll=0.0001 ESS=0.999 batch_outcomes=256 batch_topologies=256 seen=11198877
step=64775 loss=-0.0156 reverse_nll=0.0000 ESS=0.999 batch_outcomes=256 batch_topologies=256 seen=11199314
step=64800 loss=-0.0110 reverse_nll=0.0000 ESS=0.999 batch_outcomes=256 batch_topologies=256 seen=11199671
step=64825 loss=-0.0097 reverse_nll=0.0000 ESS=0.999 batch_outcomes=256 batch_topologies=256 seen=11199996
step=64850 loss=-0.0074 reverse_nll=0.0000 ESS=0.999 batch_outcomes=256 batch_topologies=256 seen=11200315
step=64875 loss=-0.0043 reverse_nll=0.0001 ESS=0.999 batch_outcomes=256 batch_topologies=256 seen=11200654
step=64900 loss=-0.0057 reverse_nll=0.0001 ESS=0.999 batch_outcomes=256 batch_topologies=256 seen=11200973
step=64925 loss=-0.0023 reverse_nll=0.0001 ESS=0.999 batch_outcomes=256 batch_topologies=256 seen=11201680
step=64950 loss=-0.0015 reverse_nll=0.0001 ESS=0.999 batch_outcomes=256 batch_topologies=256 seen=11202662
step=64975 loss=-0.0038 reverse_nll=0.0001 ESS=0.999 batch_outcomes=256 batch_topologies=256 seen=11203432
step=65000 loss=0.3660 reverse_nll=0.7437 ESS=0.698 batch_outcomes=256 batch_topologies=256 seen=11204136
step=65025 loss=0.0055 reverse_nll=0.1063 ESS=0.985 batch_outcomes=256 batch_topologies=256 seen=11204929
step=65050 loss=-0.0174 reverse_nll=0.0007 ESS=0.994 batch_outcomes=256 batch_topologies=256 seen=11205678
step=65075 loss=-0.0081 reverse_nll=0.0028 ESS=0.990 batch_outcomes=256 batch_topologies=256 seen=11206263
step=65100 loss=0.0077 reverse_nll=0.0362 ESS=0.978 batch_outcomes=256 batch_topologies=256 seen=11206862
step=65125 loss=-0.0168 reverse_nll=0.0000 ESS=0.999 batch_outcomes=256 batch_topologies=256 seen=11207520
step=65150 loss=-0.0155 reverse_nll=0.0000 ESS=0.999 batch_outcomes=256 batch_topologies=256 seen=11208056
step=65175 loss=-0.0113 reverse_nll=0.0000 ESS=0.999 batch_outcomes=256 batch_topologies=256 seen=11208588
step=65200 loss=-0.0071 reverse_nll=0.0000 ESS=0.999 batch_outcomes=256 batch_topologies=256 seen=11208990
step=65225 loss=-0.0082 reverse_nll=0.0001 ESS=0.999 batch_outcomes=256 batch_topologies=256 seen=11209427
step=65250 loss=-0.0033 reverse_nll=0.0001 ESS=0.999 batch_outcomes=256 batch_topologies=256 seen=11209830
step=65275 loss=-0.0041 reverse_nll=0.0001 ESS=0.999 batch_outcomes=256 batch_topologies=256 seen=11210167
step=65300 loss=-0.0020 reverse_nll=0.0001 ESS=0.999 batch_outcomes=256 batch_topologies=256 seen=11210518
step=65325 loss=-0.0008 reverse_nll=0.0001 ESS=0.999 batch_outcomes=256 batch_topologies=256 seen=11210844
step=65350 loss=0.0003 reverse_nll=0.0001 ESS=0.999 batch_outcomes=256 batch_topologies=256 seen=11211156
step=65375 loss=0.0973 reverse_nll=0.1539 ESS=0.913 batch_outcomes=256 batch_topologies=256 seen=11211447
step=65400 loss=0.0187 reverse_nll=0.0205 ESS=0.974 batch_outcomes=256 batch_topologies=256 seen=11211967
step=65425 loss=0.0365 reverse_nll=0.0079 ESS=0.964 batch_outcomes=256 batch_topologies=256 seen=11212588
step=65450 loss=-0.0179 reverse_nll=0.0008 ESS=0.997 batch_outcomes=256 batch_topologies=256 seen=11213125
step=65475 loss=0.0312 reverse_nll=0.0006 ESS=0.958 batch_outcomes=256 batch_topologies=256 seen=11213594
step=65500 loss=-0.0081 reverse_nll=0.0009 ESS=0.993 batch_outcomes=256 batch_topologies=256 seen=11214021
step=65525 loss=-0.0165 reverse_nll=0.0000 ESS=0.999 batch_outcomes=256 batch_topologies=256 seen=11214374
step=65550 loss=-0.0149 reverse_nll=0.0000 ESS=0.999 batch_outcomes=256 batch_topologies=256 seen=11214701
step=65575 loss=-0.0067 reverse_nll=0.0000 ESS=0.999 batch_outcomes=256 batch_topologies=256 seen=11215023
step=65600 loss=-0.0083 reverse_nll=0.0000 ESS=0.999 batch_outcomes=256 batch_topologies=256 seen=11215317
step=65625 loss=0.0128 reverse_nll=0.0724 ESS=0.982 batch_outcomes=256 batch_topologies=256 seen=11215686
step=65650 loss=-0.0008 reverse_nll=0.0010 ESS=0.992 batch_outcomes=256 batch_topologies=256 seen=11216141
step=65675 loss=0.0036 reverse_nll=0.0008 ESS=0.990 batch_outcomes=256 batch_topologies=256 seen=11216727
step=65700 loss=-0.0035 reverse_nll=0.0001 ESS=0.994 batch_outcomes=256 batch_topologies=256 seen=11218049
step=65725 loss=-0.0069 reverse_nll=0.0000 ESS=0.999 batch_outcomes=256 batch_topologies=256 seen=11219131
step=65750 loss=-0.0067 reverse_nll=0.0000 ESS=0.999 batch_outcomes=256 batch_topologies=256 seen=11220100
step=65775 loss=-0.0084 reverse_nll=0.0000 ESS=0.999 batch_outcomes=256 batch_topologies=256 seen=11220999
step=65800 loss=-0.0030 reverse_nll=0.0000 ESS=0.999 batch_outcomes=256 batch_topologies=256 seen=11221771
step=65825 loss=-0.0029 reverse_nll=0.0001 ESS=0.999 batch_outcomes=256 batch_topologies=256 seen=11222455
step=65850 loss=-0.0039 reverse_nll=0.0001 ESS=0.999 batch_outcomes=256 batch_topologies=256 seen=11223071
step=65875 loss=-0.0021 reverse_nll=0.0000 ESS=0.999 batch_outcomes=256 batch_topologies=256 seen=11223731
step=65900 loss=-0.0013 reverse_nll=0.0001 ESS=0.999 batch_outcomes=256 batch_topologies=256 seen=11224331
step=65925 loss=0.0022 reverse_nll=0.0000 ESS=0.999 batch_outcomes=256 batch_topologies=256 seen=11224875
step=65950 loss=-0.0010 reverse_nll=0.0001 ESS=0.999 batch_outcomes=256 batch_topologies=256 seen=11225420
step=65975 loss=0.0008 reverse_nll=0.0001 ESS=0.999 batch_outcomes=256 batch_topologies=256 seen=11225907
step=66000 loss=0.0275 reverse_nll=0.2259 ESS=0.978 batch_outcomes=256 batch_topologies=256 seen=11226453
step=66025 loss=0.0358 reverse_nll=0.0631 ESS=0.956 batch_outcomes=256 batch_topologies=256 seen=11227040
step=66050 loss=-0.0174 reverse_nll=0.0065 ESS=0.996 batch_outcomes=256 batch_topologies=256 seen=11227678
step=66075 loss=-0.0210 reverse_nll=0.0002 ESS=0.997 batch_outcomes=256 batch_topologies=256 seen=11228265
step=66100 loss=-0.0123 reverse_nll=0.0002 ESS=0.991 batch_outcomes=256 batch_topologies=256 seen=11228711
step=66125 loss=-0.0003 reverse_nll=0.0003 ESS=0.984 batch_outcomes=256 batch_topologies=256 seen=11229141
step=66150 loss=-0.0129 reverse_nll=0.0008 ESS=0.998 batch_outcomes=256 batch_topologies=256 seen=11229555
step=66175 loss=-0.0061 reverse_nll=0.0013 ESS=0.996 batch_outcomes=256 batch_topologies=256 seen=11229982
step=66200 loss=-0.0133 reverse_nll=0.0000 ESS=0.999 batch_outcomes=256 batch_topologies=256 seen=11230872
step=66225 loss=-0.0121 reverse_nll=0.0000 ESS=0.999 batch_outcomes=256 batch_topologies=256 seen=11231626
step=66250 loss=-0.0071 reverse_nll=0.0000 ESS=0.999 batch_outcomes=256 batch_topologies=256 seen=11232286
step=66275 loss=-0.0026 reverse_nll=0.0000 ESS=0.999 batch_outcomes=256 batch_topologies=256 seen=11232927
step=66300 loss=-0.0040 reverse_nll=0.0000 ESS=0.999 batch_outcomes=256 batch_topologies=256 seen=11233509
step=66325 loss=-0.0046 reverse_nll=0.0000 ESS=0.999 batch_outcomes=256 batch_topologies=256 seen=11234068
step=66350 loss=-0.0010 reverse_nll=0.0001 ESS=0.999 batch_outcomes=256 batch_topologies=256 seen=11234592
step=66375 loss=-0.0038 reverse_nll=0.0001 ESS=0.999 batch_outcomes=256 batch_topologies=256 seen=11235107
step=66400 loss=0.0187 reverse_nll=0.0353 ESS=0.982 batch_outcomes=256 batch_topologies=256 seen=11235571
step=66425 loss=0.0003 reverse_nll=0.0015 ESS=0.989 batch_outcomes=256 batch_topologies=256 seen=11236149
step=66450 loss=-0.0109 reverse_nll=0.0030 ESS=0.996 batch_outcomes=256 batch_topologies=256 seen=11236799
step=66475 loss=-0.0045 reverse_nll=0.0265 ESS=0.989 batch_outcomes=256 batch_topologies=256 seen=11237422
step=66500 loss=-0.0126 reverse_nll=0.0015 ESS=0.999 batch_outcomes=256 batch_topologies=256 seen=11237939
step=66525 loss=0.0217 reverse_nll=0.0877 ESS=0.968 batch_outcomes=256 batch_topologies=256 seen=11238451
step=66550 loss=-0.0101 reverse_nll=0.0000 ESS=0.999 batch_outcomes=256 batch_topologies=256 seen=11238933
step=66575 loss=-0.0077 reverse_nll=0.0000 ESS=0.999 batch_outcomes=256 batch_topologies=256 seen=11239389
step=66600 loss=-0.0065 reverse_nll=0.0000 ESS=0.999 batch_outcomes=256 batch_topologies=256 seen=11239750
step=66625 loss=-0.0047 reverse_nll=0.0000 ESS=0.999 batch_outcomes=256 batch_topologies=256 seen=11240082
step=66650 loss=-0.0031 reverse_nll=0.0000 ESS=0.999 batch_outcomes=256 batch_topologies=256 seen=11240391
step=66675 loss=-0.0043 reverse_nll=0.0000 ESS=0.999 batch_outcomes=256 batch_topologies=256 seen=11240676
step=66700 loss=-0.0034 reverse_nll=0.0000 ESS=0.999 batch_outcomes=256 batch_topologies=256 seen=11241001
step=66725 loss=-0.0025 reverse_nll=0.0000 ESS=0.999 batch_outcomes=256 batch_topologies=256 seen=11241296
step=66750 loss=0.0013 reverse_nll=0.0001 ESS=0.999 batch_outcomes=256 batch_topologies=256 seen=11241575
step=66775 loss=-0.0010 reverse_nll=0.0001 ESS=0.999 batch_outcomes=256 batch_topologies=256 seen=11241866
step=66800 loss=0.1799 reverse_nll=0.0041 ESS=0.852 batch_outcomes=256 batch_topologies=256 seen=11242134
step=66825 loss=0.0462 reverse_nll=0.0367 ESS=0.944 batch_outcomes=256 batch_topologies=256 seen=11242786
step=66850 loss=-0.0009 reverse_nll=0.0003 ESS=0.983 batch_outcomes=256 batch_topologies=256 seen=11243389
step=66875 loss=-0.0083 reverse_nll=0.0005 ESS=0.992 batch_outcomes=256 batch_topologies=256 seen=11243927
step=66900 loss=-0.0206 reverse_nll=0.0001 ESS=0.999 batch_outcomes=256 batch_topologies=256 seen=11244343
step=66925 loss=-0.0118 reverse_nll=0.0000 ESS=0.999 batch_outcomes=256 batch_topologies=256 seen=11244703
step=66950 loss=-0.0124 reverse_nll=0.0000 ESS=0.999 batch_outcomes=256 batch_topologies=256 seen=11245020
step=66975 loss=-0.0081 reverse_nll=0.0000 ESS=0.999 batch_outcomes=256 batch_topologies=256 seen=11245324
step=67000 loss=-0.0083 reverse_nll=0.0000 ESS=0.999 batch_outcomes=256 batch_topologies=256 seen=11245621
step=67025 loss=-0.0070 reverse_nll=0.0000 ESS=0.999 batch_outcomes=256 batch_topologies=256 seen=11246914
step=67050 loss=-0.0042 reverse_nll=0.0000 ESS=0.999 batch_outcomes=256 batch_topologies=256 seen=11248193
step=67075 loss=0.1106 reverse_nll=0.0200 ESS=0.899 batch_outcomes=256 batch_topologies=256 seen=11249291
step=67100 loss=0.0278 reverse_nll=0.0485 ESS=0.965 batch_outcomes=256 batch_topologies=256 seen=11250342
step=67125 loss=0.0026 reverse_nll=0.0470 ESS=0.986 batch_outcomes=256 batch_topologies=256 seen=11251153
step=67150 loss=-0.0134 reverse_nll=0.0001 ESS=0.999 batch_outcomes=256 batch_topologies=256 seen=11251855
step=67175 loss=-0.0080 reverse_nll=0.0001 ESS=0.992 batch_outcomes=256 batch_topologies=256 seen=11252410
step=67200 loss=0.0051 reverse_nll=0.0002 ESS=0.991 batch_outcomes=256 batch_topologies=256 seen=11252918
step=67225 loss=-0.0118 reverse_nll=0.0001 ESS=0.999 batch_outcomes=256 batch_topologies=256 seen=11253371
step=67250 loss=-0.0091 reverse_nll=0.0000 ESS=0.999 batch_outcomes=256 batch_topologies=256 seen=11253727
step=67275 loss=-0.0072 reverse_nll=0.0000 ESS=0.999 batch_outcomes=256 batch_topologies=256 seen=11254050
step=67300 loss=-0.0052 reverse_nll=0.0000 ESS=0.999 batch_outcomes=256 batch_topologies=256 seen=11254388
step=67325 loss=-0.0017 reverse_nll=0.0000 ESS=0.999 batch_outcomes=256 batch_topologies=256 seen=11254689
step=67350 loss=-0.0010 reverse_nll=0.0000 ESS=0.999 batch_outcomes=256 batch_topologies=256 seen=11255020
step=67375 loss=-0.0051 reverse_nll=0.0000 ESS=0.999 batch_outcomes=256 batch_topologies=256 seen=11255318
step=67400 loss=0.0002 reverse_nll=0.0000 ESS=0.999 batch_outcomes=256 batch_topologies=256 seen=11255636
step=67425 loss=-0.0010 reverse_nll=0.0001 ESS=0.999 batch_outcomes=256 batch_topologies=256 seen=11255958
step=67450 loss=-0.0018 reverse_nll=0.0001 ESS=0.999 batch_outcomes=256 batch_topologies=256 seen=11256224
step=67475 loss=-0.0021 reverse_nll=0.0001 ESS=1.000 batch_outcomes=256 batch_topologies=256 seen=11256616
step=67500 loss=-0.0031 reverse_nll=0.0001 ESS=0.999 batch_outcomes=256 batch_topologies=256 seen=11257641
step=67525 loss=0.0008 reverse_nll=0.0001 ESS=0.999 batch_outcomes=256 batch_topologies=256 seen=11258685
step=67550 loss=0.0116 reverse_nll=2.6449 ESS=0.990 batch_outcomes=256 batch_topologies=256 seen=11259624
step=67575 loss=-0.0093 reverse_nll=0.0128 ESS=0.993 batch_outcomes=256 batch_topologies=256 seen=11260493
step=67600 loss=0.0034 reverse_nll=0.0005 ESS=0.974 batch_outcomes=256 batch_topologies=256 seen=11261283
step=67625 loss=0.0311 reverse_nll=0.0115 ESS=0.957 batch_outcomes=256 batch_topologies=256 seen=11261912
step=67650 loss=-0.0139 reverse_nll=0.0005 ESS=0.994 batch_outcomes=256 batch_topologies=256 seen=11262501
step=67675 loss=-0.0157 reverse_nll=0.0000 ESS=0.999 batch_outcomes=256 batch_topologies=256 seen=11263039
step=67700 loss=-0.0153 reverse_nll=0.0000 ESS=0.999 batch_outcomes=256 batch_topologies=256 seen=11263531
step=67725 loss=-0.0100 reverse_nll=0.0000 ESS=0.999 batch_outcomes=256 batch_topologies=256 seen=11263951
step=67750 loss=-0.0108 reverse_nll=0.0000 ESS=0.999 batch_outcomes=256 batch_topologies=256 seen=11264335
step=67775 loss=-0.0072 reverse_nll=0.0000 ESS=0.999 batch_outcomes=256 batch_topologies=256 seen=11264658
step=67800 loss=-0.0066 reverse_nll=0.0000 ESS=0.999 batch_outcomes=256 batch_topologies=256 seen=11264997
step=67825 loss=-0.0056 reverse_nll=0.0000 ESS=0.999 batch_outcomes=256 batch_topologies=256 seen=11265313
step=67850 loss=-0.0071 reverse_nll=0.0000 ESS=0.999 batch_outcomes=256 batch_topologies=256 seen=11265607
step=67875 loss=0.0002 reverse_nll=0.0001 ESS=0.999 batch_outcomes=256 batch_topologies=256 seen=11265876
step=67900 loss=-0.0009 reverse_nll=0.0001 ESS=0.999 batch_outcomes=256 batch_topologies=256 seen=11266133
step=67925 loss=0.0035 reverse_nll=0.0484 ESS=0.991 batch_outcomes=256 batch_topologies=256 seen=11266614
step=67950 loss=-0.0034 reverse_nll=0.1289 ESS=0.990 batch_outcomes=256 batch_topologies=256 seen=11267176
step=67975 loss=-0.0167 reverse_nll=0.0016 ESS=0.996 batch_outcomes=256 batch_topologies=256 seen=11267637
step=68000 loss=0.0077 reverse_nll=0.0048 ESS=0.981 batch_outcomes=256 batch_topologies=256 seen=11268121
step=68025 loss=-0.0167 reverse_nll=0.0428 ESS=0.999 batch_outcomes=256 batch_topologies=256 seen=11268569
step=68050 loss=-0.0142 reverse_nll=0.0000 ESS=0.999 batch_outcomes=256 batch_topologies=256 seen=11268953
step=68075 loss=-0.0106 reverse_nll=0.0000 ESS=0.999 batch_outcomes=256 batch_topologies=256 seen=11269280
step=68100 loss=-0.0069 reverse_nll=0.0000 ESS=0.999 batch_outcomes=256 batch_topologies=256 seen=11269590
step=68125 loss=-0.0076 reverse_nll=0.0000 ESS=0.999 batch_outcomes=256 batch_topologies=256 seen=11269852
step=68150 loss=-0.0023 reverse_nll=0.0000 ESS=0.999 batch_outcomes=256 batch_topologies=256 seen=11270148
step=68175 loss=-0.0045 reverse_nll=0.0000 ESS=0.999 batch_outcomes=256 batch_topologies=256 seen=11271355
step=68200 loss=-0.0022 reverse_nll=0.0000 ESS=0.999 batch_outcomes=256 batch_topologies=256 seen=11272715
step=68225 loss=-0.0023 reverse_nll=0.0000 ESS=0.999 batch_outcomes=256 batch_topologies=256 seen=11273635
step=68250 loss=-0.0003 reverse_nll=0.0000 ESS=0.999 batch_outcomes=256 batch_topologies=256 seen=11274417
step=68275 loss=0.0011 reverse_nll=0.0000 ESS=0.999 batch_outcomes=256 batch_topologies=256 seen=11275106
step=68300 loss=0.0003 reverse_nll=0.0001 ESS=0.999 batch_outcomes=256 batch_topologies=256 seen=11275692
step=68325 loss=-0.0020 reverse_nll=0.0000 ESS=0.999 batch_outcomes=256 batch_topologies=256 seen=11276198
step=68350 loss=-0.0002 reverse_nll=0.0000 ESS=0.999 batch_outcomes=256 batch_topologies=256 seen=11276627
step=68375 loss=-0.0018 reverse_nll=0.0001 ESS=0.999 batch_outcomes=256 batch_topologies=256 seen=11277114
step=68400 loss=-0.0002 reverse_nll=0.0001 ESS=0.999 batch_outcomes=256 batch_topologies=256 seen=11277664
step=68425 loss=0.0538 reverse_nll=0.3306 ESS=0.952 batch_outcomes=256 batch_topologies=256 seen=11278257
step=68450 loss=0.0095 reverse_nll=0.0451 ESS=0.977 batch_outcomes=256 batch_topologies=256 seen=11279096
step=68475 loss=-0.0075 reverse_nll=0.0201 ESS=0.985 batch_outcomes=256 batch_topologies=256 seen=11279683
step=68500 loss=-0.0045 reverse_nll=0.0012 ESS=0.980 batch_outcomes=256 batch_topologies=256 seen=11280269
step=68525 loss=-0.0260 reverse_nll=0.0003 ESS=0.994 batch_outcomes=256 batch_topologies=256 seen=11280801
step=68550 loss=-0.0230 reverse_nll=0.0003 ESS=0.999 batch_outcomes=256 batch_topologies=256 seen=11281282
step=68575 loss=-0.0205 reverse_nll=0.0000 ESS=0.999 batch_outcomes=256 batch_topologies=256 seen=11281690
step=68600 loss=-0.0150 reverse_nll=0.0000 ESS=0.999 batch_outcomes=256 batch_topologies=256 seen=11282016
step=68625 loss=-0.0124 reverse_nll=0.0000 ESS=0.999 batch_outcomes=256 batch_topologies=256 seen=11282325
step=68650 loss=-0.0082 reverse_nll=0.0000 ESS=0.999 batch_outcomes=256 batch_topologies=256 seen=11282619
step=68675 loss=-0.0077 reverse_nll=0.0000 ESS=0.999 batch_outcomes=256 batch_topologies=256 seen=11282901
step=68700 loss=-0.0069 reverse_nll=0.0000 ESS=0.999 batch_outcomes=256 batch_topologies=256 seen=11283173
step=68725 loss=-0.0006 reverse_nll=0.0000 ESS=0.999 batch_outcomes=256 batch_topologies=256 seen=11283465
step=68750 loss=-0.0035 reverse_nll=0.0001 ESS=0.999 batch_outcomes=256 batch_topologies=256 seen=11283721
step=68775 loss=-0.0034 reverse_nll=0.0000 ESS=0.999 batch_outcomes=256 batch_topologies=256 seen=11284207
step=68800 loss=-0.0011 reverse_nll=0.0000 ESS=0.999 batch_outcomes=256 batch_topologies=256 seen=11285236
step=68825 loss=-0.0022 reverse_nll=0.0000 ESS=0.999 batch_outcomes=256 batch_topologies=256 seen=11286172
step=68850 loss=0.0071 reverse_nll=0.1080 ESS=0.984 batch_outcomes=256 batch_topologies=256 seen=11286939
step=68875 loss=0.0177 reverse_nll=0.0085 ESS=0.967 batch_outcomes=256 batch_topologies=256 seen=11287816
step=68900 loss=0.0058 reverse_nll=0.0080 ESS=0.977 batch_outcomes=256 batch_topologies=256 seen=11288603
step=68925 loss=-0.0135 reverse_nll=0.0011 ESS=0.993 batch_outcomes=256 batch_topologies=256 seen=11289314
step=68950 loss=-0.0206 reverse_nll=0.0000 ESS=0.999 batch_outcomes=256 batch_topologies=256 seen=11289873
step=68975 loss=-0.0148 reverse_nll=0.0000 ESS=0.999 batch_outcomes=256 batch_topologies=256 seen=11290343
step=69000 loss=-0.0131 reverse_nll=0.0000 ESS=0.999 batch_outcomes=256 batch_topologies=256 seen=11290771
step=69025 loss=-0.0109 reverse_nll=0.0000 ESS=0.999 batch_outcomes=256 batch_topologies=256 seen=11291144
step=69050 loss=-0.0125 reverse_nll=0.0000 ESS=0.999 batch_outcomes=256 batch_topologies=256 seen=11291476
step=69075 loss=-0.0051 reverse_nll=0.0000 ESS=0.999 batch_outcomes=256 batch_topologies=256 seen=11291794
step=69100 loss=-0.0054 reverse_nll=0.0000 ESS=0.999 batch_outcomes=256 batch_topologies=256 seen=11292115
step=69125 loss=0.0091 reverse_nll=0.0313 ESS=0.983 batch_outcomes=256 batch_topologies=256 seen=11292499
step=69150 loss=0.0059 reverse_nll=0.0006 ESS=0.988 batch_outcomes=256 batch_topologies=256 seen=11293008
step=69175 loss=-0.0165 reverse_nll=0.0001 ESS=0.999 batch_outcomes=256 batch_topologies=256 seen=11293464
step=69200 loss=-0.0185 reverse_nll=0.0003 ESS=0.999 batch_outcomes=256 batch_topologies=256 seen=11293834
step=69225 loss=-0.0099 reverse_nll=0.0000 ESS=0.999 batch_outcomes=256 batch_topologies=256 seen=11294197
step=69250 loss=-0.0066 reverse_nll=0.0000 ESS=0.999 batch_outcomes=256 batch_topologies=256 seen=11294489
step=69275 loss=-0.0078 reverse_nll=0.0000 ESS=0.999 batch_outcomes=256 batch_topologies=256 seen=11294773
step=69300 loss=-0.0059 reverse_nll=0.0000 ESS=0.999 batch_outcomes=256 batch_topologies=256 seen=11295065
step=69325 loss=-0.0042 reverse_nll=0.0000 ESS=0.999 batch_outcomes=256 batch_topologies=256 seen=11295339
step=69350 loss=-0.0042 reverse_nll=0.0000 ESS=0.999 batch_outcomes=256 batch_topologies=256 seen=11295604
step=69375 loss=-0.0034 reverse_nll=0.0000 ESS=0.999 batch_outcomes=256 batch_topologies=256 seen=11295849
step=69400 loss=0.0609 reverse_nll=0.1850 ESS=0.957 batch_outcomes=256 batch_topologies=256 seen=11296102
step=69425 loss=0.0826 reverse_nll=0.2799 ESS=0.919 batch_outcomes=256 batch_topologies=256 seen=11296792
step=69450 loss=-0.0132 reverse_nll=0.0555 ESS=0.995 batch_outcomes=256 batch_topologies=256 seen=11297961
step=69475 loss=-0.0158 reverse_nll=0.0089 ESS=0.996 batch_outcomes=256 batch_topologies=256 seen=11298866
step=69500 loss=-0.0169 reverse_nll=0.0296 ESS=0.999 batch_outcomes=256 batch_topologies=256 seen=11299863
step=69525 loss=-0.0203 reverse_nll=0.0000 ESS=0.999 batch_outcomes=256 batch_topologies=256 seen=11300671
step=69550 loss=-0.0111 reverse_nll=0.0000 ESS=0.999 batch_outcomes=256 batch_topologies=256 seen=11301509
step=69575 loss=-0.0108 reverse_nll=0.0000 ESS=0.999 batch_outcomes=256 batch_topologies=256 seen=11302151
step=69600 loss=-0.0095 reverse_nll=0.0000 ESS=1.000 batch_outcomes=256 batch_topologies=256 seen=11302718
step=69625 loss=-0.0073 reverse_nll=0.0000 ESS=0.999 batch_outcomes=256 batch_topologies=256 seen=11303231
step=69650 loss=-0.0043 reverse_nll=0.0000 ESS=0.999 batch_outcomes=256 batch_topologies=256 seen=11303743
step=69675 loss=-0.0031 reverse_nll=0.0000 ESS=0.999 batch_outcomes=256 batch_topologies=256 seen=11304172
step=69700 loss=-0.0006 reverse_nll=0.0000 ESS=0.999 batch_outcomes=256 batch_topologies=256 seen=11304570
step=69725 loss=-0.0054 reverse_nll=0.0000 ESS=0.999 batch_outcomes=256 batch_topologies=256 seen=11304912
step=69750 loss=-0.0015 reverse_nll=0.0000 ESS=0.999 batch_outcomes=256 batch_topologies=256 seen=11305261
step=69775 loss=-0.0006 reverse_nll=0.0001 ESS=0.999 batch_outcomes=256 batch_topologies=256 seen=11305608
step=69800 loss=0.0826 reverse_nll=0.5036 ESS=0.934 batch_outcomes=256 batch_topologies=256 seen=11305917
step=69825 loss=-0.0133 reverse_nll=0.0088 ESS=0.999 batch_outcomes=256 batch_topologies=256 seen=11306499
step=69850 loss=-0.0014 reverse_nll=0.2759 ESS=0.987 batch_outcomes=256 batch_topologies=256 seen=11307100
step=69875 loss=-0.0098 reverse_nll=0.0005 ESS=0.992 batch_outcomes=256 batch_topologies=256 seen=11307660
step=69900 loss=-0.0176 reverse_nll=0.0000 ESS=0.999 batch_outcomes=256 batch_topologies=256 seen=11308100
step=69925 loss=-0.0145 reverse_nll=0.0000 ESS=0.999 batch_outcomes=256 batch_topologies=256 seen=11308425
step=69950 loss=-0.0106 reverse_nll=0.0000 ESS=0.999 batch_outcomes=256 batch_topologies=256 seen=11308700
step=69975 loss=-0.0066 reverse_nll=0.0000 ESS=0.999 batch_outcomes=256 batch_topologies=256 seen=11308994
Traceback (most recent call last):
  File "/usr/lib/python3.10/runpy.py", line 196, in _run_module_as_main
    return _run_code(code, main_globals, None,
  File "/usr/lib/python3.10/runpy.py", line 86, in _run_code
    exec(code, run_globals)
  File "/home/armaan/phylogfn/learned_reverse_ips/train.py", line 28, in <module>
    main()
  File "/home/armaan/phylogfn/learned_reverse_ips/train.py", line 24, in main
    run_experiment(exp_cfg)
  File "/home/armaan/phylogfn/learned_reverse_ips/runner.py", line 395, in run_experiment
    final_logger.on_step(
  File "/home/armaan/phylogfn/final/logging/run_logger.py", line 114, in on_step
    self._schedule_eval_note(gs)
  File "/home/armaan/phylogfn/final/logging/run_logger.py", line 118, in _schedule_eval_note
    marker.write_text(json.dumps({"global_step": global_step}) + "\n")
  File "/usr/lib/python3.10/pathlib.py", line 1154, in write_text
    with self.open(mode='w', encoding=encoding, errors=errors, newline=newline) as f:
  File "/usr/lib/python3.10/pathlib.py", line 1119, in open
    return self._accessor.open(self, mode, buffering, encoding, errors,
FileNotFoundError: [Errno 2] No such file or directory: '/home/armaan/phylogfn/final/runs/27taxa_noreplay_b4096_seed2/learned_reverse/20260825_220513_learned_reverse_27taxa_noreplay_b4096_seed2_learned_reverse_ips_grpo/eval_dumps/eval_step_070000.pending'
Traceback (most recent call last):
  File "/usr/lib/python3.10/runpy.py", line 196, in _run_module_as_main
    return _run_code(code, main_globals, None,
  File "/usr/lib/python3.10/runpy.py", line 86, in _run_code
    exec(code, run_globals)
  File "/home/armaan/phylogfn/final/__main__.py", line 85, in <module>
    main()
  File "/home/armaan/phylogfn/final/__main__.py", line 35, in main
    pipeline_main(argv)
  File "/home/armaan/phylogfn/final/pipeline.py", line 318, in main
    manifest = run_pipeline(
  File "/home/armaan/phylogfn/final/pipeline.py", line 144, in run_pipeline
    run_command(train_spec, log_file=log_file)
  File "/home/armaan/phylogfn/final/run_utils.py", line 71, in run_command
    subprocess.run(spec.argv, cwd=spec.cwd, env=spec.env, check=True)
  File "/usr/lib/python3.10/subprocess.py", line 526, in run
    raise CalledProcessError(retcode, process.args,
subprocess.CalledProcessError: Command '['/home/armaan/phylogfn/.venv/bin/python', '-u', '-m', 'learned_reverse_ips.train', '--run-name', 'learned_reverse_27taxa_noreplay_b4096_seed2', '--cfg', 'src/configs/benchmark_dna_cfgs/discrete_branch_lengths/cfg_0.001binsize_50bins_temperature_anneal_0.4_27taxa_shift12000.yaml', '--dataset', 'dataset/benchmark_datasets/DS1.pickle', '--output', 'final/runs/27taxa_noreplay_b4096_seed2/learned_reverse', '--seed', '2', '--epochs', '25000', '--steps-per-epoch', '1', '--on-policy-batch-size', '1024', '--replay-batch-size', '0', '--replay-buffer-size', '512', '--checkpoint-every', '1000', '--full-model', '--outcome-level', 'signature', '--advantage-reward-mode', 'log_reward', '--grpo-lr', '1e-4', '--grpo-entropy-coef', '0.0', '--grpo-num-iterations', '1', '--rollout-chunk-size', '1024', '--print-every', '25', '--disable-replay', '--reward-target', 'shifted_linear', '--reverse-lr', '0.001', '--reverse-train-epochs', '8', '--reverse-hidden-size', '256', '--reverse-num-layers', '3', '--skip-post-train', '--reverse-policy', 'mlp', '--resume-from', '/home/armaan/phylogfn/final/runs/27taxa_noreplay_b4096_seed2/learned_reverse/20260825_220513_learned_reverse_27taxa_noreplay_b4096_seed2_learned_reverse_ips_grpo', '--mini-batch-splits', '4']' returned non-zero exit status 1.
[final] running: /home/armaan/phylogfn/.venv/bin/python -u -m learned_reverse_ips.train --run-name learned_reverse_27taxa_noreplay_b4096_seed2 --cfg src/configs/benchmark_dna_cfgs/discrete_branch_lengths/cfg_0.001binsize_50bins_temperature_anneal_0.4_27taxa_shift12000.yaml --dataset dataset/benchmark_datasets/DS1.pickle --output final/runs/27taxa_noreplay_b4096_seed2/learned_reverse --seed 2 --epochs 25000 --steps-per-epoch 1 --on-policy-batch-size 1024 --replay-batch-size 0 --replay-buffer-size 512 --checkpoint-every 1000 --full-model --outcome-level signature --advantage-reward-mode log_reward --grpo-lr 1e-4 --grpo-entropy-coef 0.0 --grpo-num-iterations 1 --rollout-chunk-size 1024 --print-every 25 --disable-replay --reward-target shifted_linear --reverse-lr 0.001 --reverse-train-epochs 8 --reverse-hidden-size 256 --reverse-num-layers 3 --skip-post-train --reverse-policy mlp --resume-from final/runs/27taxa_noreplay_b4096_seed2/learned_reverse/20260825_220513_learned_reverse_27taxa_noreplay_b4096_seed2_learned_reverse_ips_grpo --mini-batch-splits 4
cpu_threads=2
/home/armaan/phylogfn/src/gfn/tb_gfn_phylo.py:126: FutureWarning: `torch.cuda.amp.GradScaler(args...)` is deprecated. Please use `torch.amp.GradScaler('cuda', args...)` instead.
  self.scaler = torch.cuda.amp.GradScaler()
warning: training_state.json not found; inferred resume from metrics.jsonl
resuming from checkpoint_epoch16999.pt: global_step=70000 mode=on_policy
  continue epochs [17500, 25000)
restored learned-reverse state from learned_reverse_epoch16999.pt
run_dir=/home/armaan/phylogfn/final/runs/27taxa_noreplay_b4096_seed2/learned_reverse/20260825_220513_learned_reverse_27taxa_noreplay_b4096_seed2_learned_reverse_ips_grpo
method=learned_reverse_ips_grpo device=cuda:0 reverse_policy_type=mlp outcome_level=signature reward_target=shifted_linear full_model=True G_on=1024 G_replay=0 G_total=1024 replay_buffer=0
weight=R(x)*q_phi(tau|x)/P_F(tau); reverse update happens after PPO
warning: outcome tracker counts not in training_state.json; global diversity counters restart (last cumulative_unique_outcomes=11309261)
step=70000 loss=-0.0014 reverse_nll=0.0102 ESS=0.984 batch_outcomes=256 batch_topologies=256 seen=256
step=70025 loss=-0.0150 reverse_nll=0.0000 ESS=0.999 batch_outcomes=256 batch_topologies=256 seen=6656
step=70050 loss=-0.0101 reverse_nll=0.0000 ESS=0.999 batch_outcomes=256 batch_topologies=256 seen=13056
step=70075 loss=-0.0092 reverse_nll=0.0000 ESS=0.999 batch_outcomes=256 batch_topologies=256 seen=19456
step=70100 loss=-0.0075 reverse_nll=0.0000 ESS=0.999 batch_outcomes=256 batch_topologies=256 seen=25856
step=70125 loss=-0.0047 reverse_nll=0.0000 ESS=0.999 batch_outcomes=256 batch_topologies=256 seen=32256
step=70150 loss=-0.0028 reverse_nll=0.0000 ESS=0.999 batch_outcomes=256 batch_topologies=256 seen=38656
step=70175 loss=-0.0053 reverse_nll=0.0000 ESS=0.999 batch_outcomes=256 batch_topologies=256 seen=45056
