Traceback (most recent call last):
  File "/usr/lib/python3.10/runpy.py", line 196, in _run_module_as_main
    return _run_code(code, main_globals, None,
  File "/usr/lib/python3.10/runpy.py", line 86, in _run_code
    exec(code, run_globals)
  File "/home/armaan/phylogfn/final/__main__.py", line 85, in <module>
    main()
  File "/home/armaan/phylogfn/final/__main__.py", line 31, in main
    run_suite_main(argv)
  File "/home/armaan/phylogfn/final/run_suite.py", line 126, in main
    manifest = run_suite(
  File "/home/armaan/phylogfn/final/run_suite.py", line 42, in run_suite
    suite = load_suite(suite_id)
  File "/home/armaan/phylogfn/final/configs.py", line 98, in load_suite
    raise ValueError(f"suite {suite_id} missing methods: {missing}")
ValueError: suite 10taxa_uniform_reverse_ablation missing methods: ['grpo', 'count_ips', 'phylgfn']
[final] preflight for suite=10taxa_uniform_reverse_ablation taxa=10
{
  "ok": true,
  "mode": "sampled",
  "num_taxa": 10,
  "num_topologies": 50,
  "expected_topologies_5taxa": null,
  "num_unique_topology_ids": 50,
  "num_issues": 0,
  "issues": [],
  "samples": [
    {
      "topology_id": "9372e2fcbdae4752f41e9182eec72196",
      "rebuild_match": true,
      "newick_parseable": true,
      "newick_unrooted_rf_zero": true,
      "newick_preview": "(2:0.025,((((0:0.025,8:0.025)12:0.025,(6:0.025,9:0.025)11:0.025)13:0.025,(3:0.025,4:0.025)10:0.025)1"
    },
    {
      "topology_id": "c20060e36370d3e48bf86b92f601b172",
      "rebuild_match": true,
      "newick_parseable": true,
      "newick_unrooted_rf_zero": true,
      "newick_preview": "((((0:0.025,8:0.025)14:0.025,(1:0.025,5:0.025)13:0.025)15:0.025,4:0.025)16:0.025,((((2:0.025,9:0.025"
    },
    {
      "topology_id": "329c394e317562f22a96a887846f0ff5",
      "rebuild_match": true,
      "newick_parseable": true,
      "newick_unrooted_rf_zero": true,
      "newick_preview": "(((0:0.025,3:0.025)12:0.025,(2:0.025,8:0.025)11:0.025)15:0.025,(((((1:0.025,4:0.025)10:0.025,9:0.025"
    }
  ],
  "note": "topology_id = ete3 MD5(unrooted shape) at terminalization. MrBayes uses Newick; we verify Newick is parseable and unrooted RF=0 vs the stored ete tree (standard external-tool compatibility check)."
}
[final] preflight OK

[final] === suite=10taxa_uniform_reverse_ablation method=learned_reverse ===

[final] launching: /home/armaan/phylogfn/.venv/bin/python -u -m learned_reverse_ips.train --run-name learned_reverse_10taxa_uniform_reverse_ablation --cfg src/configs/benchmark_dna_cfgs/discrete_branch_lengths/cfg_0.001binsize_50bins_temperature_anneal_0.4_10taxa_shift5000.yaml --dataset dataset/benchmark_datasets/DS1_reduced_10taxa.pickle --output final/runs/10taxa_uniform_reverse_ablation/learned_reverse --seed 0 --epochs 10000 --steps-per-epoch 1 --on-policy-batch-size 4096 --replay-batch-size 0 --replay-buffer-size 4096 --checkpoint-every 500 --full-model --outcome-level signature --advantage-reward-mode log_reward --grpo-lr 1e-4 --grpo-entropy-coef 0.0 --grpo-num-iterations 1 --rollout-chunk-size 4096 --print-every 25 --disable-replay --reward-target shifted_linear --reverse-lr 0.001 --reverse-train-epochs 0 --reverse-hidden-size 256 --reverse-num-layers 3 --skip-post-train --reverse-policy uniform
cpu_threads=2
/home/armaan/phylogfn/src/gfn/tb_gfn_phylo.py:126: FutureWarning: `torch.cuda.amp.GradScaler(args...)` is deprecated. Please use `torch.amp.GradScaler('cuda', args...)` instead.
  self.scaler = torch.cuda.amp.GradScaler()
run_dir=final/runs/10taxa_uniform_reverse_ablation/learned_reverse/20260825_235428_learned_reverse_10taxa_uniform_reverse_ablation_learned_reverse_ips_grpo
method=learned_reverse_ips_grpo device=cuda:0 reverse_policy_type=uniform outcome_level=signature reward_target=shifted_linear full_model=True G_on=4096 G_replay=0 G_total=4096 replay_buffer=0
weight=R(x)*P_B(tau|x)/P_F(tau) with frozen uniform P_B; no reverse MLE update
Traceback (most recent call last):
  File "/usr/lib/python3.10/runpy.py", line 196, in _run_module_as_main
    return _run_code(code, main_globals, None,
  File "/usr/lib/python3.10/runpy.py", line 86, in _run_code
    exec(code, run_globals)
  File "/home/armaan/phylogfn/learned_reverse_ips/train.py", line 28, in <module>
    main()
  File "/home/armaan/phylogfn/learned_reverse_ips/train.py", line 24, in main
    run_experiment(exp_cfg)
  File "/home/armaan/phylogfn/learned_reverse_ips/runner.py", line 325, in run_experiment
    forward_metrics, generation_state = run_on_policy_grpo_step(
  File "/home/armaan/phylogfn/grpo_experiments/core/on_policy_buffer.py", line 267, in run_on_policy_grpo_step
    log_paths_pf, paths_entropy = reevaluate_on_policy_log_paths_pf(
  File "/home/armaan/phylogfn/grpo_experiments/core/on_policy_buffer.py", line 91, in reevaluate_on_policy_log_paths_pf
    return reevaluate_log_paths_pf(
  File "/home/armaan/phylogfn/grpo_experiments/core/policy_replay.py", line 173, in reevaluate_log_paths_pf
    replay_out = forward_replay_fixed_actions(
  File "/home/armaan/phylogfn/grpo_experiments/core/forward_replay.py", line 65, in forward_replay_fixed_actions
    _, new_tree_features, _, _log_rewards = env.batch_apply_actions_tensors(
  File "/home/armaan/phylogfn/src/env/binary_tree_env_one_step_likelihood.py", line 435, in batch_apply_actions_tensors
    new_trees_features = tree_features[new_states_inputs_indices]
torch.OutOfMemoryError: CUDA out of memory. Tried to allocate 1.19 GiB. GPU 0 has a total capacity of 39.38 GiB of which 1.13 GiB is free. Process 1408143 has 10.62 GiB memory in use. Process 1562296 has 10.62 GiB memory in use. Including non-PyTorch memory, this process has 17.00 GiB memory in use. Of the allocated memory 15.99 GiB is allocated by PyTorch, and 528.23 MiB is reserved by PyTorch but unallocated. If reserved but unallocated memory is large try setting PYTORCH_CUDA_ALLOC_CONF=expandable_segments:True to avoid fragmentation.  See documentation for Memory Management  (https://pytorch.org/docs/stable/notes/cuda.html#environment-variables)
Traceback (most recent call last):
  File "/usr/lib/python3.10/runpy.py", line 196, in _run_module_as_main
    return _run_code(code, main_globals, None,
  File "/usr/lib/python3.10/runpy.py", line 86, in _run_code
    exec(code, run_globals)
  File "/home/armaan/phylogfn/final/__main__.py", line 85, in <module>
    main()
  File "/home/armaan/phylogfn/final/__main__.py", line 31, in main
    run_suite_main(argv)
  File "/home/armaan/phylogfn/final/run_suite.py", line 126, in main
    manifest = run_suite(
  File "/home/armaan/phylogfn/final/run_suite.py", line 51, in run_suite
    method_manifest = run_pipeline(
  File "/home/armaan/phylogfn/final/pipeline.py", line 158, in run_pipeline
    raise RuntimeError(f"training failed with exit code {exit_code}: {run_dir}")
RuntimeError: training failed with exit code 1: /home/armaan/phylogfn/final/runs/10taxa_uniform_reverse_ablation/learned_reverse/20260825_235428_learned_reverse_10taxa_uniform_reverse_ablation_learned_reverse_ips_grpo
[final] preflight for suite=10taxa_uniform_reverse_ablation taxa=10
{
  "ok": true,
  "mode": "sampled",
  "num_taxa": 10,
  "num_topologies": 50,
  "expected_topologies_5taxa": null,
  "num_unique_topology_ids": 50,
  "num_issues": 0,
  "issues": [],
  "samples": [
    {
      "topology_id": "255eb6dca7617dfc142ab423e8c0c713",
      "rebuild_match": true,
      "newick_parseable": true,
      "newick_unrooted_rf_zero": true,
      "newick_preview": "((1:0.025,(6:0.025,9:0.025)11:0.025)13:0.025,((0:0.025,8:0.025)14:0.025,(((2:0.025,4:0.025)10:0.025,"
    },
    {
      "topology_id": "4f84bfe6f81c55e4a5132550d9ff2768",
      "rebuild_match": true,
      "newick_parseable": true,
      "newick_unrooted_rf_zero": true,
      "newick_preview": "(1:0.025,(((0:0.025,3:0.025)12:0.025,((4:0.025,9:0.025)10:0.025,(5:0.025,7:0.025)13:0.025)15:0.025)1"
    },
    {
      "topology_id": "ef3576366eb27a6266fa6c8be7ed91ae",
      "rebuild_match": true,
      "newick_parseable": true,
      "newick_unrooted_rf_zero": true,
      "newick_preview": "((5:0.025,8:0.025)16:0.025,((0:0.025,((1:0.025,2:0.025)12:0.025,((4:0.025,9:0.025)11:0.025,7:0.025)1"
    }
  ],
  "note": "topology_id = ete3 MD5(unrooted shape) at terminalization. MrBayes uses Newick; we verify Newick is parseable and unrooted RF=0 vs the stored ete tree (standard external-tool compatibility check)."
}
[final] preflight OK

[final] === suite=10taxa_uniform_reverse_ablation method=learned_reverse ===

[final] launching: /home/armaan/phylogfn/.venv/bin/python -u -m learned_reverse_ips.train --run-name learned_reverse_10taxa_uniform_reverse_ablation --cfg src/configs/benchmark_dna_cfgs/discrete_branch_lengths/cfg_0.001binsize_50bins_temperature_anneal_0.4_10taxa_shift5000.yaml --dataset dataset/benchmark_datasets/DS1_reduced_10taxa.pickle --output final/runs/10taxa_uniform_reverse_ablation/learned_reverse --seed 0 --epochs 10000 --steps-per-epoch 1 --on-policy-batch-size 4096 --replay-batch-size 0 --replay-buffer-size 4096 --checkpoint-every 500 --full-model --outcome-level signature --advantage-reward-mode log_reward --grpo-lr 1e-4 --grpo-entropy-coef 0.0 --grpo-num-iterations 1 --rollout-chunk-size 4096 --print-every 25 --disable-replay --reward-target shifted_linear --reverse-lr 0.001 --reverse-train-epochs 0 --reverse-hidden-size 256 --reverse-num-layers 3 --skip-post-train --reverse-policy uniform
cpu_threads=2
/home/armaan/phylogfn/src/gfn/tb_gfn_phylo.py:126: FutureWarning: `torch.cuda.amp.GradScaler(args...)` is deprecated. Please use `torch.amp.GradScaler('cuda', args...)` instead.
  self.scaler = torch.cuda.amp.GradScaler()
run_dir=final/runs/10taxa_uniform_reverse_ablation/learned_reverse/20260825_235540_learned_reverse_10taxa_uniform_reverse_ablation_learned_reverse_ips_grpo
method=learned_reverse_ips_grpo device=cuda:0 reverse_policy_type=uniform outcome_level=signature reward_target=shifted_linear full_model=True G_on=4096 G_replay=0 G_total=4096 replay_buffer=0
weight=R(x)*P_B(tau|x)/P_F(tau) with frozen uniform P_B; no reverse MLE update
step=00000 loss=0.0114 reverse_nll=0.0000 ESS=0.069 batch_outcomes=4096 batch_topologies=4093 seen=4096
warning: clamping 1/4096 shifted_linear scores to keep log R finite
warning: clamping 1/4096 shifted_linear scores to keep log R finite
warning: clamping 3/4096 shifted_linear scores to keep log R finite
warning: clamping 3/4096 shifted_linear scores to keep log R finite
warning: clamping 2/4096 shifted_linear scores to keep log R finite
warning: clamping 2/4096 shifted_linear scores to keep log R finite
warning: clamping 2/4096 shifted_linear scores to keep log R finite
warning: clamping 2/4096 shifted_linear scores to keep log R finite
warning: clamping 2/4096 shifted_linear scores to keep log R finite
warning: clamping 2/4096 shifted_linear scores to keep log R finite
warning: clamping 4/4096 shifted_linear scores to keep log R finite
warning: clamping 4/4096 shifted_linear scores to keep log R finite
warning: clamping 1/4096 shifted_linear scores to keep log R finite
warning: clamping 1/4096 shifted_linear scores to keep log R finite
warning: clamping 1/4096 shifted_linear scores to keep log R finite
warning: clamping 1/4096 shifted_linear scores to keep log R finite
warning: clamping 1/4096 shifted_linear scores to keep log R finite
warning: clamping 1/4096 shifted_linear scores to keep log R finite
warning: clamping 1/4096 shifted_linear scores to keep log R finite
warning: clamping 1/4096 shifted_linear scores to keep log R finite
warning: clamping 2/4096 shifted_linear scores to keep log R finite
warning: clamping 2/4096 shifted_linear scores to keep log R finite
warning: clamping 2/4096 shifted_linear scores to keep log R finite
warning: clamping 2/4096 shifted_linear scores to keep log R finite
warning: clamping 3/4096 shifted_linear scores to keep log R finite
warning: clamping 3/4096 shifted_linear scores to keep log R finite
warning: clamping 5/4096 shifted_linear scores to keep log R finite
warning: clamping 5/4096 shifted_linear scores to keep log R finite
warning: clamping 2/4096 shifted_linear scores to keep log R finite
warning: clamping 2/4096 shifted_linear scores to keep log R finite
warning: clamping 1/4096 shifted_linear scores to keep log R finite
warning: clamping 1/4096 shifted_linear scores to keep log R finite
warning: clamping 2/4096 shifted_linear scores to keep log R finite
warning: clamping 2/4096 shifted_linear scores to keep log R finite
step=00025 loss=0.0458 reverse_nll=0.0000 ESS=0.210 batch_outcomes=4096 batch_topologies=4096 seen=106496
warning: clamping 5/4096 shifted_linear scores to keep log R finite
warning: clamping 5/4096 shifted_linear scores to keep log R finite
warning: clamping 1/4096 shifted_linear scores to keep log R finite
warning: clamping 1/4096 shifted_linear scores to keep log R finite
warning: clamping 1/4096 shifted_linear scores to keep log R finite
warning: clamping 1/4096 shifted_linear scores to keep log R finite
warning: clamping 2/4096 shifted_linear scores to keep log R finite
warning: clamping 2/4096 shifted_linear scores to keep log R finite
warning: clamping 2/4096 shifted_linear scores to keep log R finite
warning: clamping 2/4096 shifted_linear scores to keep log R finite
warning: clamping 4/4096 shifted_linear scores to keep log R finite
warning: clamping 4/4096 shifted_linear scores to keep log R finite
warning: clamping 2/4096 shifted_linear scores to keep log R finite
warning: clamping 2/4096 shifted_linear scores to keep log R finite
warning: clamping 1/4096 shifted_linear scores to keep log R finite
warning: clamping 1/4096 shifted_linear scores to keep log R finite
warning: clamping 2/4096 shifted_linear scores to keep log R finite
warning: clamping 2/4096 shifted_linear scores to keep log R finite
warning: clamping 3/4096 shifted_linear scores to keep log R finite
warning: clamping 3/4096 shifted_linear scores to keep log R finite
warning: clamping 1/4096 shifted_linear scores to keep log R finite
warning: clamping 1/4096 shifted_linear scores to keep log R finite
warning: clamping 1/4096 shifted_linear scores to keep log R finite
warning: clamping 1/4096 shifted_linear scores to keep log R finite
warning: clamping 3/4096 shifted_linear scores to keep log R finite
warning: clamping 3/4096 shifted_linear scores to keep log R finite
warning: clamping 2/4096 shifted_linear scores to keep log R finite
warning: clamping 2/4096 shifted_linear scores to keep log R finite
warning: clamping 5/4096 shifted_linear scores to keep log R finite
warning: clamping 5/4096 shifted_linear scores to keep log R finite
warning: clamping 2/4096 shifted_linear scores to keep log R finite
warning: clamping 2/4096 shifted_linear scores to keep log R finite
warning: clamping 1/4096 shifted_linear scores to keep log R finite
warning: clamping 1/4096 shifted_linear scores to keep log R finite
warning: clamping 1/4096 shifted_linear scores to keep log R finite
warning: clamping 1/4096 shifted_linear scores to keep log R finite
warning: clamping 1/4096 shifted_linear scores to keep log R finite
warning: clamping 1/4096 shifted_linear scores to keep log R finite
warning: clamping 2/4096 shifted_linear scores to keep log R finite
warning: clamping 2/4096 shifted_linear scores to keep log R finite
step=00050 loss=0.0133 reverse_nll=0.0000 ESS=0.839 batch_outcomes=4096 batch_topologies=4095 seen=208896
warning: clamping 2/4096 shifted_linear scores to keep log R finite
warning: clamping 2/4096 shifted_linear scores to keep log R finite
warning: clamping 2/4096 shifted_linear scores to keep log R finite
warning: clamping 2/4096 shifted_linear scores to keep log R finite
warning: clamping 1/4096 shifted_linear scores to keep log R finite
warning: clamping 1/4096 shifted_linear scores to keep log R finite
warning: clamping 2/4096 shifted_linear scores to keep log R finite
warning: clamping 2/4096 shifted_linear scores to keep log R finite
warning: clamping 3/4096 shifted_linear scores to keep log R finite
warning: clamping 3/4096 shifted_linear scores to keep log R finite
warning: clamping 1/4096 shifted_linear scores to keep log R finite
warning: clamping 1/4096 shifted_linear scores to keep log R finite
warning: clamping 1/4096 shifted_linear scores to keep log R finite
warning: clamping 1/4096 shifted_linear scores to keep log R finite
warning: clamping 2/4096 shifted_linear scores to keep log R finite
warning: clamping 2/4096 shifted_linear scores to keep log R finite
warning: clamping 2/4096 shifted_linear scores to keep log R finite
warning: clamping 2/4096 shifted_linear scores to keep log R finite
warning: clamping 2/4096 shifted_linear scores to keep log R finite
warning: clamping 2/4096 shifted_linear scores to keep log R finite
warning: clamping 3/4096 shifted_linear scores to keep log R finite
warning: clamping 3/4096 shifted_linear scores to keep log R finite
warning: clamping 1/4096 shifted_linear scores to keep log R finite
warning: clamping 1/4096 shifted_linear scores to keep log R finite
warning: clamping 1/4096 shifted_linear scores to keep log R finite
warning: clamping 1/4096 shifted_linear scores to keep log R finite
warning: clamping 1/4096 shifted_linear scores to keep log R finite
warning: clamping 1/4096 shifted_linear scores to keep log R finite
warning: clamping 2/4096 shifted_linear scores to keep log R finite
warning: clamping 2/4096 shifted_linear scores to keep log R finite
warning: clamping 1/4096 shifted_linear scores to keep log R finite
warning: clamping 1/4096 shifted_linear scores to keep log R finite
step=00075 loss=-0.0019 reverse_nll=0.0000 ESS=0.920 batch_outcomes=4096 batch_topologies=4096 seen=311296
warning: clamping 2/4096 shifted_linear scores to keep log R finite
warning: clamping 2/4096 shifted_linear scores to keep log R finite
warning: clamping 3/4096 shifted_linear scores to keep log R finite
warning: clamping 3/4096 shifted_linear scores to keep log R finite
warning: clamping 1/4096 shifted_linear scores to keep log R finite
warning: clamping 1/4096 shifted_linear scores to keep log R finite
warning: clamping 1/4096 shifted_linear scores to keep log R finite
warning: clamping 1/4096 shifted_linear scores to keep log R finite
warning: clamping 1/4096 shifted_linear scores to keep log R finite
warning: clamping 1/4096 shifted_linear scores to keep log R finite
warning: clamping 1/4096 shifted_linear scores to keep log R finite
warning: clamping 1/4096 shifted_linear scores to keep log R finite
warning: clamping 1/4096 shifted_linear scores to keep log R finite
warning: clamping 1/4096 shifted_linear scores to keep log R finite
warning: clamping 1/4096 shifted_linear scores to keep log R finite
warning: clamping 1/4096 shifted_linear scores to keep log R finite
warning: clamping 2/4096 shifted_linear scores to keep log R finite
warning: clamping 2/4096 shifted_linear scores to keep log R finite
warning: clamping 1/4096 shifted_linear scores to keep log R finite
warning: clamping 1/4096 shifted_linear scores to keep log R finite
warning: clamping 1/4096 shifted_linear scores to keep log R finite
warning: clamping 1/4096 shifted_linear scores to keep log R finite
warning: clamping 1/4096 shifted_linear scores to keep log R finite
warning: clamping 1/4096 shifted_linear scores to keep log R finite
warning: clamping 1/4096 shifted_linear scores to keep log R finite
warning: clamping 1/4096 shifted_linear scores to keep log R finite
warning: clamping 4/4096 shifted_linear scores to keep log R finite
warning: clamping 4/4096 shifted_linear scores to keep log R finite
warning: clamping 1/4096 shifted_linear scores to keep log R finite
warning: clamping 1/4096 shifted_linear scores to keep log R finite
warning: clamping 1/4096 shifted_linear scores to keep log R finite
warning: clamping 1/4096 shifted_linear scores to keep log R finite
step=00100 loss=-0.0069 reverse_nll=0.0000 ESS=0.927 batch_outcomes=4096 batch_topologies=4096 seen=413696
warning: clamping 2/4096 shifted_linear scores to keep log R finite
warning: clamping 2/4096 shifted_linear scores to keep log R finite
warning: clamping 1/4096 shifted_linear scores to keep log R finite
warning: clamping 1/4096 shifted_linear scores to keep log R finite
warning: clamping 2/4096 shifted_linear scores to keep log R finite
warning: clamping 2/4096 shifted_linear scores to keep log R finite
warning: clamping 2/4096 shifted_linear scores to keep log R finite
warning: clamping 2/4096 shifted_linear scores to keep log R finite
warning: clamping 2/4096 shifted_linear scores to keep log R finite
warning: clamping 2/4096 shifted_linear scores to keep log R finite
warning: clamping 1/4096 shifted_linear scores to keep log R finite
warning: clamping 1/4096 shifted_linear scores to keep log R finite
warning: clamping 1/4096 shifted_linear scores to keep log R finite
warning: clamping 1/4096 shifted_linear scores to keep log R finite
warning: clamping 1/4096 shifted_linear scores to keep log R finite
warning: clamping 1/4096 shifted_linear scores to keep log R finite
warning: clamping 3/4096 shifted_linear scores to keep log R finite
warning: clamping 3/4096 shifted_linear scores to keep log R finite
warning: clamping 2/4096 shifted_linear scores to keep log R finite
warning: clamping 2/4096 shifted_linear scores to keep log R finite
warning: clamping 1/4096 shifted_linear scores to keep log R finite
warning: clamping 1/4096 shifted_linear scores to keep log R finite
warning: clamping 1/4096 shifted_linear scores to keep log R finite
warning: clamping 1/4096 shifted_linear scores to keep log R finite
warning: clamping 1/4096 shifted_linear scores to keep log R finite
warning: clamping 1/4096 shifted_linear scores to keep log R finite
warning: clamping 2/4096 shifted_linear scores to keep log R finite
warning: clamping 2/4096 shifted_linear scores to keep log R finite
warning: clamping 1/4096 shifted_linear scores to keep log R finite
warning: clamping 1/4096 shifted_linear scores to keep log R finite
warning: clamping 1/4096 shifted_linear scores to keep log R finite
warning: clamping 1/4096 shifted_linear scores to keep log R finite
warning: clamping 1/4096 shifted_linear scores to keep log R finite
warning: clamping 1/4096 shifted_linear scores to keep log R finite
warning: clamping 3/4096 shifted_linear scores to keep log R finite
warning: clamping 3/4096 shifted_linear scores to keep log R finite
warning: clamping 1/4096 shifted_linear scores to keep log R finite
warning: clamping 1/4096 shifted_linear scores to keep log R finite
warning: clamping 1/4096 shifted_linear scores to keep log R finite
warning: clamping 1/4096 shifted_linear scores to keep log R finite
step=00125 loss=-0.0036 reverse_nll=0.0000 ESS=0.931 batch_outcomes=4096 batch_topologies=4096 seen=516096
warning: clamping 1/4096 shifted_linear scores to keep log R finite
warning: clamping 1/4096 shifted_linear scores to keep log R finite
warning: clamping 1/4096 shifted_linear scores to keep log R finite
warning: clamping 1/4096 shifted_linear scores to keep log R finite
warning: clamping 1/4096 shifted_linear scores to keep log R finite
warning: clamping 1/4096 shifted_linear scores to keep log R finite
warning: clamping 3/4096 shifted_linear scores to keep log R finite
warning: clamping 3/4096 shifted_linear scores to keep log R finite
warning: clamping 2/4096 shifted_linear scores to keep log R finite
warning: clamping 2/4096 shifted_linear scores to keep log R finite
warning: clamping 1/4096 shifted_linear scores to keep log R finite
warning: clamping 1/4096 shifted_linear scores to keep log R finite
warning: clamping 1/4096 shifted_linear scores to keep log R finite
warning: clamping 1/4096 shifted_linear scores to keep log R finite
warning: clamping 1/4096 shifted_linear scores to keep log R finite
warning: clamping 1/4096 shifted_linear scores to keep log R finite
warning: clamping 1/4096 shifted_linear scores to keep log R finite
warning: clamping 1/4096 shifted_linear scores to keep log R finite
warning: clamping 1/4096 shifted_linear scores to keep log R finite
warning: clamping 1/4096 shifted_linear scores to keep log R finite
warning: clamping 1/4096 shifted_linear scores to keep log R finite
warning: clamping 1/4096 shifted_linear scores to keep log R finite
warning: clamping 1/4096 shifted_linear scores to keep log R finite
warning: clamping 1/4096 shifted_linear scores to keep log R finite
warning: clamping 1/4096 shifted_linear scores to keep log R finite
warning: clamping 1/4096 shifted_linear scores to keep log R finite
warning: clamping 1/4096 shifted_linear scores to keep log R finite
warning: clamping 1/4096 shifted_linear scores to keep log R finite
warning: clamping 1/4096 shifted_linear scores to keep log R finite
warning: clamping 1/4096 shifted_linear scores to keep log R finite
warning: clamping 1/4096 shifted_linear scores to keep log R finite
warning: clamping 1/4096 shifted_linear scores to keep log R finite
warning: clamping 2/4096 shifted_linear scores to keep log R finite
warning: clamping 2/4096 shifted_linear scores to keep log R finite
step=00150 loss=0.0000 reverse_nll=0.0000 ESS=0.933 batch_outcomes=4096 batch_topologies=4096 seen=618496
warning: clamping 1/4096 shifted_linear scores to keep log R finite
warning: clamping 1/4096 shifted_linear scores to keep log R finite
warning: clamping 1/4096 shifted_linear scores to keep log R finite
warning: clamping 1/4096 shifted_linear scores to keep log R finite
warning: clamping 1/4096 shifted_linear scores to keep log R finite
warning: clamping 1/4096 shifted_linear scores to keep log R finite
warning: clamping 1/4096 shifted_linear scores to keep log R finite
warning: clamping 1/4096 shifted_linear scores to keep log R finite
warning: clamping 2/4096 shifted_linear scores to keep log R finite
warning: clamping 2/4096 shifted_linear scores to keep log R finite
warning: clamping 1/4096 shifted_linear scores to keep log R finite
warning: clamping 1/4096 shifted_linear scores to keep log R finite
warning: clamping 1/4096 shifted_linear scores to keep log R finite
warning: clamping 1/4096 shifted_linear scores to keep log R finite
warning: clamping 2/4096 shifted_linear scores to keep log R finite
warning: clamping 2/4096 shifted_linear scores to keep log R finite
warning: clamping 1/4096 shifted_linear scores to keep log R finite
warning: clamping 1/4096 shifted_linear scores to keep log R finite
warning: clamping 1/4096 shifted_linear scores to keep log R finite
warning: clamping 1/4096 shifted_linear scores to keep log R finite
warning: clamping 2/4096 shifted_linear scores to keep log R finite
warning: clamping 2/4096 shifted_linear scores to keep log R finite
warning: clamping 2/4096 shifted_linear scores to keep log R finite
warning: clamping 2/4096 shifted_linear scores to keep log R finite
step=00175 loss=-0.0056 reverse_nll=0.0000 ESS=0.935 batch_outcomes=4096 batch_topologies=4096 seen=720896
warning: clamping 1/4096 shifted_linear scores to keep log R finite
warning: clamping 1/4096 shifted_linear scores to keep log R finite
warning: clamping 4/4096 shifted_linear scores to keep log R finite
warning: clamping 4/4096 shifted_linear scores to keep log R finite
warning: clamping 1/4096 shifted_linear scores to keep log R finite
warning: clamping 1/4096 shifted_linear scores to keep log R finite
warning: clamping 1/4096 shifted_linear scores to keep log R finite
warning: clamping 1/4096 shifted_linear scores to keep log R finite
warning: clamping 3/4096 shifted_linear scores to keep log R finite
warning: clamping 3/4096 shifted_linear scores to keep log R finite
warning: clamping 1/4096 shifted_linear scores to keep log R finite
warning: clamping 1/4096 shifted_linear scores to keep log R finite
warning: clamping 2/4096 shifted_linear scores to keep log R finite
warning: clamping 2/4096 shifted_linear scores to keep log R finite
warning: clamping 1/4096 shifted_linear scores to keep log R finite
warning: clamping 1/4096 shifted_linear scores to keep log R finite
warning: clamping 1/4096 shifted_linear scores to keep log R finite
warning: clamping 1/4096 shifted_linear scores to keep log R finite
warning: clamping 3/4096 shifted_linear scores to keep log R finite
warning: clamping 3/4096 shifted_linear scores to keep log R finite
step=00200 loss=-0.0066 reverse_nll=0.0000 ESS=0.941 batch_outcomes=4096 batch_topologies=4095 seen=823296
warning: clamping 1/4096 shifted_linear scores to keep log R finite
warning: clamping 1/4096 shifted_linear scores to keep log R finite
warning: clamping 2/4096 shifted_linear scores to keep log R finite
warning: clamping 2/4096 shifted_linear scores to keep log R finite
warning: clamping 1/4096 shifted_linear scores to keep log R finite
warning: clamping 1/4096 shifted_linear scores to keep log R finite
warning: clamping 1/4096 shifted_linear scores to keep log R finite
warning: clamping 1/4096 shifted_linear scores to keep log R finite
warning: clamping 1/4096 shifted_linear scores to keep log R finite
warning: clamping 1/4096 shifted_linear scores to keep log R finite
warning: clamping 1/4096 shifted_linear scores to keep log R finite
warning: clamping 1/4096 shifted_linear scores to keep log R finite
warning: clamping 1/4096 shifted_linear scores to keep log R finite
warning: clamping 1/4096 shifted_linear scores to keep log R finite
warning: clamping 1/4096 shifted_linear scores to keep log R finite
warning: clamping 1/4096 shifted_linear scores to keep log R finite
warning: clamping 1/4096 shifted_linear scores to keep log R finite
warning: clamping 1/4096 shifted_linear scores to keep log R finite
warning: clamping 1/4096 shifted_linear scores to keep log R finite
warning: clamping 1/4096 shifted_linear scores to keep log R finite
warning: clamping 1/4096 shifted_linear scores to keep log R finite
warning: clamping 1/4096 shifted_linear scores to keep log R finite
warning: clamping 1/4096 shifted_linear scores to keep log R finite
warning: clamping 1/4096 shifted_linear scores to keep log R finite
warning: clamping 1/4096 shifted_linear scores to keep log R finite
warning: clamping 1/4096 shifted_linear scores to keep log R finite
warning: clamping 1/4096 shifted_linear scores to keep log R finite
warning: clamping 1/4096 shifted_linear scores to keep log R finite
step=00225 loss=-0.0031 reverse_nll=0.0000 ESS=0.847 batch_outcomes=4096 batch_topologies=4095 seen=925696
warning: clamping 1/4096 shifted_linear scores to keep log R finite
warning: clamping 1/4096 shifted_linear scores to keep log R finite
warning: clamping 1/4096 shifted_linear scores to keep log R finite
warning: clamping 1/4096 shifted_linear scores to keep log R finite
warning: clamping 1/4096 shifted_linear scores to keep log R finite
warning: clamping 1/4096 shifted_linear scores to keep log R finite
warning: clamping 1/4096 shifted_linear scores to keep log R finite
warning: clamping 1/4096 shifted_linear scores to keep log R finite
warning: clamping 1/4096 shifted_linear scores to keep log R finite
warning: clamping 1/4096 shifted_linear scores to keep log R finite
warning: clamping 4/4096 shifted_linear scores to keep log R finite
warning: clamping 4/4096 shifted_linear scores to keep log R finite
warning: clamping 1/4096 shifted_linear scores to keep log R finite
warning: clamping 1/4096 shifted_linear scores to keep log R finite
warning: clamping 1/4096 shifted_linear scores to keep log R finite
warning: clamping 1/4096 shifted_linear scores to keep log R finite
warning: clamping 1/4096 shifted_linear scores to keep log R finite
warning: clamping 1/4096 shifted_linear scores to keep log R finite
warning: clamping 2/4096 shifted_linear scores to keep log R finite
warning: clamping 2/4096 shifted_linear scores to keep log R finite
warning: clamping 1/4096 shifted_linear scores to keep log R finite
warning: clamping 1/4096 shifted_linear scores to keep log R finite
warning: clamping 1/4096 shifted_linear scores to keep log R finite
warning: clamping 1/4096 shifted_linear scores to keep log R finite
warning: clamping 1/4096 shifted_linear scores to keep log R finite
warning: clamping 1/4096 shifted_linear scores to keep log R finite
step=00250 loss=-0.0012 reverse_nll=0.0000 ESS=0.973 batch_outcomes=4096 batch_topologies=4096 seen=1028096
warning: clamping 1/4096 shifted_linear scores to keep log R finite
warning: clamping 1/4096 shifted_linear scores to keep log R finite
warning: clamping 1/4096 shifted_linear scores to keep log R finite
warning: clamping 1/4096 shifted_linear scores to keep log R finite
warning: clamping 1/4096 shifted_linear scores to keep log R finite
warning: clamping 1/4096 shifted_linear scores to keep log R finite
warning: clamping 2/4096 shifted_linear scores to keep log R finite
warning: clamping 2/4096 shifted_linear scores to keep log R finite
warning: clamping 1/4096 shifted_linear scores to keep log R finite
warning: clamping 1/4096 shifted_linear scores to keep log R finite
warning: clamping 1/4096 shifted_linear scores to keep log R finite
warning: clamping 1/4096 shifted_linear scores to keep log R finite
warning: clamping 1/4096 shifted_linear scores to keep log R finite
warning: clamping 1/4096 shifted_linear scores to keep log R finite
warning: clamping 1/4096 shifted_linear scores to keep log R finite
warning: clamping 1/4096 shifted_linear scores to keep log R finite
warning: clamping 1/4096 shifted_linear scores to keep log R finite
warning: clamping 1/4096 shifted_linear scores to keep log R finite
warning: clamping 2/4096 shifted_linear scores to keep log R finite
warning: clamping 2/4096 shifted_linear scores to keep log R finite
warning: clamping 1/4096 shifted_linear scores to keep log R finite
warning: clamping 1/4096 shifted_linear scores to keep log R finite
warning: clamping 1/4096 shifted_linear scores to keep log R finite
warning: clamping 1/4096 shifted_linear scores to keep log R finite
warning: clamping 2/4096 shifted_linear scores to keep log R finite
warning: clamping 2/4096 shifted_linear scores to keep log R finite
step=00275 loss=-0.0015 reverse_nll=0.0000 ESS=0.979 batch_outcomes=4096 batch_topologies=4095 seen=1130496
warning: clamping 1/4096 shifted_linear scores to keep log R finite
warning: clamping 1/4096 shifted_linear scores to keep log R finite
warning: clamping 1/4096 shifted_linear scores to keep log R finite
warning: clamping 1/4096 shifted_linear scores to keep log R finite
warning: clamping 1/4096 shifted_linear scores to keep log R finite
warning: clamping 1/4096 shifted_linear scores to keep log R finite
warning: clamping 2/4096 shifted_linear scores to keep log R finite
warning: clamping 2/4096 shifted_linear scores to keep log R finite
warning: clamping 1/4096 shifted_linear scores to keep log R finite
warning: clamping 1/4096 shifted_linear scores to keep log R finite
warning: clamping 4/4096 shifted_linear scores to keep log R finite
warning: clamping 4/4096 shifted_linear scores to keep log R finite
warning: clamping 1/4096 shifted_linear scores to keep log R finite
warning: clamping 1/4096 shifted_linear scores to keep log R finite
warning: clamping 2/4096 shifted_linear scores to keep log R finite
warning: clamping 2/4096 shifted_linear scores to keep log R finite
warning: clamping 1/4096 shifted_linear scores to keep log R finite
warning: clamping 1/4096 shifted_linear scores to keep log R finite
warning: clamping 1/4096 shifted_linear scores to keep log R finite
warning: clamping 1/4096 shifted_linear scores to keep log R finite
warning: clamping 1/4096 shifted_linear scores to keep log R finite
warning: clamping 1/4096 shifted_linear scores to keep log R finite
step=00300 loss=-0.0041 reverse_nll=0.0000 ESS=0.981 batch_outcomes=4096 batch_topologies=4096 seen=1232896
warning: clamping 1/4096 shifted_linear scores to keep log R finite
warning: clamping 1/4096 shifted_linear scores to keep log R finite
warning: clamping 1/4096 shifted_linear scores to keep log R finite
warning: clamping 1/4096 shifted_linear scores to keep log R finite
warning: clamping 1/4096 shifted_linear scores to keep log R finite
warning: clamping 1/4096 shifted_linear scores to keep log R finite
warning: clamping 2/4096 shifted_linear scores to keep log R finite
warning: clamping 2/4096 shifted_linear scores to keep log R finite
warning: clamping 1/4096 shifted_linear scores to keep log R finite
warning: clamping 1/4096 shifted_linear scores to keep log R finite
warning: clamping 1/4096 shifted_linear scores to keep log R finite
warning: clamping 1/4096 shifted_linear scores to keep log R finite
warning: clamping 1/4096 shifted_linear scores to keep log R finite
warning: clamping 1/4096 shifted_linear scores to keep log R finite
step=00325 loss=-0.0026 reverse_nll=0.0000 ESS=0.982 batch_outcomes=4096 batch_topologies=4096 seen=1335296
warning: clamping 2/4096 shifted_linear scores to keep log R finite
warning: clamping 2/4096 shifted_linear scores to keep log R finite
warning: clamping 1/4096 shifted_linear scores to keep log R finite
warning: clamping 1/4096 shifted_linear scores to keep log R finite
warning: clamping 2/4096 shifted_linear scores to keep log R finite
warning: clamping 2/4096 shifted_linear scores to keep log R finite
warning: clamping 1/4096 shifted_linear scores to keep log R finite
warning: clamping 1/4096 shifted_linear scores to keep log R finite
warning: clamping 2/4096 shifted_linear scores to keep log R finite
warning: clamping 2/4096 shifted_linear scores to keep log R finite
warning: clamping 2/4096 shifted_linear scores to keep log R finite
warning: clamping 2/4096 shifted_linear scores to keep log R finite
warning: clamping 1/4096 shifted_linear scores to keep log R finite
warning: clamping 1/4096 shifted_linear scores to keep log R finite
warning: clamping 1/4096 shifted_linear scores to keep log R finite
warning: clamping 1/4096 shifted_linear scores to keep log R finite
warning: clamping 1/4096 shifted_linear scores to keep log R finite
warning: clamping 1/4096 shifted_linear scores to keep log R finite
warning: clamping 1/4096 shifted_linear scores to keep log R finite
warning: clamping 1/4096 shifted_linear scores to keep log R finite
warning: clamping 1/4096 shifted_linear scores to keep log R finite
warning: clamping 1/4096 shifted_linear scores to keep log R finite
warning: clamping 2/4096 shifted_linear scores to keep log R finite
warning: clamping 2/4096 shifted_linear scores to keep log R finite
step=00350 loss=-0.0004 reverse_nll=0.0000 ESS=0.982 batch_outcomes=4096 batch_topologies=4096 seen=1437696
warning: clamping 1/4096 shifted_linear scores to keep log R finite
warning: clamping 1/4096 shifted_linear scores to keep log R finite
warning: clamping 1/4096 shifted_linear scores to keep log R finite
warning: clamping 1/4096 shifted_linear scores to keep log R finite
warning: clamping 1/4096 shifted_linear scores to keep log R finite
warning: clamping 1/4096 shifted_linear scores to keep log R finite
warning: clamping 1/4096 shifted_linear scores to keep log R finite
warning: clamping 1/4096 shifted_linear scores to keep log R finite
warning: clamping 1/4096 shifted_linear scores to keep log R finite
warning: clamping 1/4096 shifted_linear scores to keep log R finite
warning: clamping 2/4096 shifted_linear scores to keep log R finite
warning: clamping 2/4096 shifted_linear scores to keep log R finite
warning: clamping 1/4096 shifted_linear scores to keep log R finite
warning: clamping 1/4096 shifted_linear scores to keep log R finite
warning: clamping 1/4096 shifted_linear scores to keep log R finite
warning: clamping 1/4096 shifted_linear scores to keep log R finite
warning: clamping 1/4096 shifted_linear scores to keep log R finite
warning: clamping 1/4096 shifted_linear scores to keep log R finite
warning: clamping 1/4096 shifted_linear scores to keep log R finite
warning: clamping 1/4096 shifted_linear scores to keep log R finite
warning: clamping 1/4096 shifted_linear scores to keep log R finite
warning: clamping 1/4096 shifted_linear scores to keep log R finite
warning: clamping 1/4096 shifted_linear scores to keep log R finite
warning: clamping 1/4096 shifted_linear scores to keep log R finite
step=00375 loss=-0.0006 reverse_nll=0.0000 ESS=0.985 batch_outcomes=4096 batch_topologies=4096 seen=1540096
warning: clamping 1/4096 shifted_linear scores to keep log R finite
warning: clamping 1/4096 shifted_linear scores to keep log R finite
warning: clamping 1/4096 shifted_linear scores to keep log R finite
warning: clamping 1/4096 shifted_linear scores to keep log R finite
warning: clamping 1/4096 shifted_linear scores to keep log R finite
warning: clamping 1/4096 shifted_linear scores to keep log R finite
warning: clamping 1/4096 shifted_linear scores to keep log R finite
warning: clamping 1/4096 shifted_linear scores to keep log R finite
warning: clamping 2/4096 shifted_linear scores to keep log R finite
warning: clamping 2/4096 shifted_linear scores to keep log R finite
warning: clamping 1/4096 shifted_linear scores to keep log R finite
warning: clamping 1/4096 shifted_linear scores to keep log R finite
warning: clamping 1/4096 shifted_linear scores to keep log R finite
warning: clamping 1/4096 shifted_linear scores to keep log R finite
warning: clamping 1/4096 shifted_linear scores to keep log R finite
warning: clamping 1/4096 shifted_linear scores to keep log R finite
warning: clamping 1/4096 shifted_linear scores to keep log R finite
warning: clamping 1/4096 shifted_linear scores to keep log R finite
warning: clamping 2/4096 shifted_linear scores to keep log R finite
warning: clamping 2/4096 shifted_linear scores to keep log R finite
step=00400 loss=0.0011 reverse_nll=0.0000 ESS=0.985 batch_outcomes=4096 batch_topologies=4096 seen=1642496
warning: clamping 1/4096 shifted_linear scores to keep log R finite
warning: clamping 1/4096 shifted_linear scores to keep log R finite
warning: clamping 2/4096 shifted_linear scores to keep log R finite
warning: clamping 2/4096 shifted_linear scores to keep log R finite
warning: clamping 2/4096 shifted_linear scores to keep log R finite
warning: clamping 2/4096 shifted_linear scores to keep log R finite
warning: clamping 1/4096 shifted_linear scores to keep log R finite
warning: clamping 1/4096 shifted_linear scores to keep log R finite
warning: clamping 1/4096 shifted_linear scores to keep log R finite
warning: clamping 1/4096 shifted_linear scores to keep log R finite
warning: clamping 1/4096 shifted_linear scores to keep log R finite
warning: clamping 1/4096 shifted_linear scores to keep log R finite
warning: clamping 1/4096 shifted_linear scores to keep log R finite
warning: clamping 1/4096 shifted_linear scores to keep log R finite
warning: clamping 1/4096 shifted_linear scores to keep log R finite
warning: clamping 1/4096 shifted_linear scores to keep log R finite
warning: clamping 2/4096 shifted_linear scores to keep log R finite
warning: clamping 2/4096 shifted_linear scores to keep log R finite
warning: clamping 2/4096 shifted_linear scores to keep log R finite
warning: clamping 2/4096 shifted_linear scores to keep log R finite
step=00425 loss=-0.0021 reverse_nll=0.0000 ESS=0.987 batch_outcomes=4096 batch_topologies=4095 seen=1744896
warning: clamping 1/4096 shifted_linear scores to keep log R finite
warning: clamping 1/4096 shifted_linear scores to keep log R finite
warning: clamping 1/4096 shifted_linear scores to keep log R finite
warning: clamping 1/4096 shifted_linear scores to keep log R finite
warning: clamping 1/4096 shifted_linear scores to keep log R finite
warning: clamping 1/4096 shifted_linear scores to keep log R finite
warning: clamping 1/4096 shifted_linear scores to keep log R finite
warning: clamping 1/4096 shifted_linear scores to keep log R finite
warning: clamping 1/4096 shifted_linear scores to keep log R finite
warning: clamping 1/4096 shifted_linear scores to keep log R finite
warning: clamping 1/4096 shifted_linear scores to keep log R finite
warning: clamping 1/4096 shifted_linear scores to keep log R finite
warning: clamping 3/4096 shifted_linear scores to keep log R finite
warning: clamping 3/4096 shifted_linear scores to keep log R finite
warning: clamping 3/4096 shifted_linear scores to keep log R finite
warning: clamping 3/4096 shifted_linear scores to keep log R finite
step=00450 loss=-0.0009 reverse_nll=0.0000 ESS=0.986 batch_outcomes=4096 batch_topologies=4096 seen=1847296
warning: clamping 1/4096 shifted_linear scores to keep log R finite
warning: clamping 1/4096 shifted_linear scores to keep log R finite
warning: clamping 1/4096 shifted_linear scores to keep log R finite
warning: clamping 1/4096 shifted_linear scores to keep log R finite
warning: clamping 2/4096 shifted_linear scores to keep log R finite
warning: clamping 2/4096 shifted_linear scores to keep log R finite
warning: clamping 1/4096 shifted_linear scores to keep log R finite
warning: clamping 1/4096 shifted_linear scores to keep log R finite
warning: clamping 1/4096 shifted_linear scores to keep log R finite
warning: clamping 1/4096 shifted_linear scores to keep log R finite
warning: clamping 1/4096 shifted_linear scores to keep log R finite
warning: clamping 1/4096 shifted_linear scores to keep log R finite
warning: clamping 1/4096 shifted_linear scores to keep log R finite
warning: clamping 1/4096 shifted_linear scores to keep log R finite
warning: clamping 2/4096 shifted_linear scores to keep log R finite
warning: clamping 2/4096 shifted_linear scores to keep log R finite
warning: clamping 1/4096 shifted_linear scores to keep log R finite
warning: clamping 1/4096 shifted_linear scores to keep log R finite
step=00475 loss=0.0011 reverse_nll=0.0000 ESS=0.988 batch_outcomes=4096 batch_topologies=4096 seen=1949696
warning: clamping 1/4096 shifted_linear scores to keep log R finite
warning: clamping 1/4096 shifted_linear scores to keep log R finite
warning: clamping 1/4096 shifted_linear scores to keep log R finite
warning: clamping 1/4096 shifted_linear scores to keep log R finite
warning: clamping 1/4096 shifted_linear scores to keep log R finite
warning: clamping 1/4096 shifted_linear scores to keep log R finite
warning: clamping 1/4096 shifted_linear scores to keep log R finite
warning: clamping 1/4096 shifted_linear scores to keep log R finite
warning: clamping 1/4096 shifted_linear scores to keep log R finite
warning: clamping 1/4096 shifted_linear scores to keep log R finite
warning: clamping 1/4096 shifted_linear scores to keep log R finite
warning: clamping 1/4096 shifted_linear scores to keep log R finite
warning: clamping 1/4096 shifted_linear scores to keep log R finite
warning: clamping 1/4096 shifted_linear scores to keep log R finite
warning: clamping 1/4096 shifted_linear scores to keep log R finite
warning: clamping 1/4096 shifted_linear scores to keep log R finite
warning: clamping 1/4096 shifted_linear scores to keep log R finite
warning: clamping 1/4096 shifted_linear scores to keep log R finite
step=00500 loss=0.0011 reverse_nll=0.0000 ESS=0.988 batch_outcomes=4096 batch_topologies=4096 seen=2052096
warning: clamping 1/4096 shifted_linear scores to keep log R finite
warning: clamping 1/4096 shifted_linear scores to keep log R finite
warning: clamping 2/4096 shifted_linear scores to keep log R finite
warning: clamping 2/4096 shifted_linear scores to keep log R finite
warning: clamping 1/4096 shifted_linear scores to keep log R finite
warning: clamping 1/4096 shifted_linear scores to keep log R finite
warning: clamping 1/4096 shifted_linear scores to keep log R finite
warning: clamping 1/4096 shifted_linear scores to keep log R finite
warning: clamping 3/4096 shifted_linear scores to keep log R finite
warning: clamping 3/4096 shifted_linear scores to keep log R finite
warning: clamping 2/4096 shifted_linear scores to keep log R finite
warning: clamping 2/4096 shifted_linear scores to keep log R finite
warning: clamping 1/4096 shifted_linear scores to keep log R finite
warning: clamping 1/4096 shifted_linear scores to keep log R finite
warning: clamping 1/4096 shifted_linear scores to keep log R finite
warning: clamping 1/4096 shifted_linear scores to keep log R finite
warning: clamping 1/4096 shifted_linear scores to keep log R finite
warning: clamping 1/4096 shifted_linear scores to keep log R finite
warning: clamping 1/4096 shifted_linear scores to keep log R finite
warning: clamping 1/4096 shifted_linear scores to keep log R finite
warning: clamping 1/4096 shifted_linear scores to keep log R finite
warning: clamping 1/4096 shifted_linear scores to keep log R finite
step=00525 loss=0.0003 reverse_nll=0.0000 ESS=0.989 batch_outcomes=4096 batch_topologies=4096 seen=2154496
warning: clamping 2/4096 shifted_linear scores to keep log R finite
warning: clamping 2/4096 shifted_linear scores to keep log R finite
warning: clamping 2/4096 shifted_linear scores to keep log R finite
warning: clamping 2/4096 shifted_linear scores to keep log R finite
warning: clamping 1/4096 shifted_linear scores to keep log R finite
warning: clamping 1/4096 shifted_linear scores to keep log R finite
warning: clamping 4/4096 shifted_linear scores to keep log R finite
warning: clamping 4/4096 shifted_linear scores to keep log R finite
warning: clamping 1/4096 shifted_linear scores to keep log R finite
warning: clamping 1/4096 shifted_linear scores to keep log R finite
warning: clamping 1/4096 shifted_linear scores to keep log R finite
warning: clamping 1/4096 shifted_linear scores to keep log R finite
step=00550 loss=-0.0010 reverse_nll=0.0000 ESS=0.989 batch_outcomes=4096 batch_topologies=4096 seen=2256896
warning: clamping 1/4096 shifted_linear scores to keep log R finite
warning: clamping 1/4096 shifted_linear scores to keep log R finite
warning: clamping 1/4096 shifted_linear scores to keep log R finite
warning: clamping 1/4096 shifted_linear scores to keep log R finite
warning: clamping 1/4096 shifted_linear scores to keep log R finite
warning: clamping 1/4096 shifted_linear scores to keep log R finite
warning: clamping 1/4096 shifted_linear scores to keep log R finite
warning: clamping 1/4096 shifted_linear scores to keep log R finite
warning: clamping 1/4096 shifted_linear scores to keep log R finite
warning: clamping 1/4096 shifted_linear scores to keep log R finite
warning: clamping 1/4096 shifted_linear scores to keep log R finite
warning: clamping 1/4096 shifted_linear scores to keep log R finite
warning: clamping 2/4096 shifted_linear scores to keep log R finite
warning: clamping 2/4096 shifted_linear scores to keep log R finite
warning: clamping 1/4096 shifted_linear scores to keep log R finite
warning: clamping 1/4096 shifted_linear scores to keep log R finite
step=00575 loss=-0.0021 reverse_nll=0.0000 ESS=0.990 batch_outcomes=4096 batch_topologies=4096 seen=2359296
warning: clamping 1/4096 shifted_linear scores to keep log R finite
warning: clamping 1/4096 shifted_linear scores to keep log R finite
warning: clamping 1/4096 shifted_linear scores to keep log R finite
warning: clamping 1/4096 shifted_linear scores to keep log R finite
warning: clamping 1/4096 shifted_linear scores to keep log R finite
warning: clamping 1/4096 shifted_linear scores to keep log R finite
warning: clamping 1/4096 shifted_linear scores to keep log R finite
warning: clamping 1/4096 shifted_linear scores to keep log R finite
warning: clamping 1/4096 shifted_linear scores to keep log R finite
warning: clamping 1/4096 shifted_linear scores to keep log R finite
warning: clamping 1/4096 shifted_linear scores to keep log R finite
warning: clamping 1/4096 shifted_linear scores to keep log R finite
warning: clamping 1/4096 shifted_linear scores to keep log R finite
warning: clamping 1/4096 shifted_linear scores to keep log R finite
warning: clamping 1/4096 shifted_linear scores to keep log R finite
warning: clamping 1/4096 shifted_linear scores to keep log R finite
warning: clamping 1/4096 shifted_linear scores to keep log R finite
warning: clamping 1/4096 shifted_linear scores to keep log R finite
step=00600 loss=-0.0004 reverse_nll=0.0000 ESS=0.991 batch_outcomes=4096 batch_topologies=4096 seen=2461696
warning: clamping 1/4096 shifted_linear scores to keep log R finite
warning: clamping 1/4096 shifted_linear scores to keep log R finite
warning: clamping 2/4096 shifted_linear scores to keep log R finite
warning: clamping 2/4096 shifted_linear scores to keep log R finite
warning: clamping 1/4096 shifted_linear scores to keep log R finite
warning: clamping 1/4096 shifted_linear scores to keep log R finite
warning: clamping 1/4096 shifted_linear scores to keep log R finite
warning: clamping 1/4096 shifted_linear scores to keep log R finite
warning: clamping 1/4096 shifted_linear scores to keep log R finite
warning: clamping 1/4096 shifted_linear scores to keep log R finite
warning: clamping 1/4096 shifted_linear scores to keep log R finite
warning: clamping 1/4096 shifted_linear scores to keep log R finite
warning: clamping 1/4096 shifted_linear scores to keep log R finite
warning: clamping 1/4096 shifted_linear scores to keep log R finite
warning: clamping 2/4096 shifted_linear scores to keep log R finite
warning: clamping 2/4096 shifted_linear scores to keep log R finite
step=00625 loss=-0.0009 reverse_nll=0.0000 ESS=0.991 batch_outcomes=4096 batch_topologies=4093 seen=2564096
warning: clamping 1/4096 shifted_linear scores to keep log R finite
warning: clamping 1/4096 shifted_linear scores to keep log R finite
warning: clamping 3/4096 shifted_linear scores to keep log R finite
warning: clamping 3/4096 shifted_linear scores to keep log R finite
warning: clamping 1/4096 shifted_linear scores to keep log R finite
warning: clamping 1/4096 shifted_linear scores to keep log R finite
warning: clamping 1/4096 shifted_linear scores to keep log R finite
warning: clamping 1/4096 shifted_linear scores to keep log R finite
warning: clamping 2/4096 shifted_linear scores to keep log R finite
warning: clamping 2/4096 shifted_linear scores to keep log R finite
warning: clamping 1/4096 shifted_linear scores to keep log R finite
warning: clamping 1/4096 shifted_linear scores to keep log R finite
warning: clamping 1/4096 shifted_linear scores to keep log R finite
warning: clamping 1/4096 shifted_linear scores to keep log R finite
warning: clamping 1/4096 shifted_linear scores to keep log R finite
warning: clamping 1/4096 shifted_linear scores to keep log R finite
step=00650 loss=-0.0012 reverse_nll=0.0000 ESS=0.989 batch_outcomes=4096 batch_topologies=4095 seen=2666496
warning: clamping 2/4096 shifted_linear scores to keep log R finite
warning: clamping 2/4096 shifted_linear scores to keep log R finite
warning: clamping 1/4096 shifted_linear scores to keep log R finite
warning: clamping 1/4096 shifted_linear scores to keep log R finite
warning: clamping 1/4096 shifted_linear scores to keep log R finite
warning: clamping 1/4096 shifted_linear scores to keep log R finite
warning: clamping 2/4096 shifted_linear scores to keep log R finite
warning: clamping 2/4096 shifted_linear scores to keep log R finite
warning: clamping 1/4096 shifted_linear scores to keep log R finite
warning: clamping 1/4096 shifted_linear scores to keep log R finite
warning: clamping 1/4096 shifted_linear scores to keep log R finite
warning: clamping 1/4096 shifted_linear scores to keep log R finite
warning: clamping 2/4096 shifted_linear scores to keep log R finite
warning: clamping 2/4096 shifted_linear scores to keep log R finite
warning: clamping 2/4096 shifted_linear scores to keep log R finite
warning: clamping 2/4096 shifted_linear scores to keep log R finite
warning: clamping 2/4096 shifted_linear scores to keep log R finite
warning: clamping 2/4096 shifted_linear scores to keep log R finite
warning: clamping 1/4096 shifted_linear scores to keep log R finite
warning: clamping 1/4096 shifted_linear scores to keep log R finite
warning: clamping 1/4096 shifted_linear scores to keep log R finite
warning: clamping 1/4096 shifted_linear scores to keep log R finite
warning: clamping 2/4096 shifted_linear scores to keep log R finite
warning: clamping 2/4096 shifted_linear scores to keep log R finite
warning: clamping 1/4096 shifted_linear scores to keep log R finite
warning: clamping 1/4096 shifted_linear scores to keep log R finite
warning: clamping 1/4096 shifted_linear scores to keep log R finite
warning: clamping 1/4096 shifted_linear scores to keep log R finite
step=00675 loss=-0.0000 reverse_nll=0.0000 ESS=0.992 batch_outcomes=4096 batch_topologies=4095 seen=2768896
warning: clamping 1/4096 shifted_linear scores to keep log R finite
warning: clamping 1/4096 shifted_linear scores to keep log R finite
warning: clamping 2/4096 shifted_linear scores to keep log R finite
warning: clamping 2/4096 shifted_linear scores to keep log R finite
warning: clamping 1/4096 shifted_linear scores to keep log R finite
warning: clamping 1/4096 shifted_linear scores to keep log R finite
warning: clamping 1/4096 shifted_linear scores to keep log R finite
warning: clamping 1/4096 shifted_linear scores to keep log R finite
warning: clamping 1/4096 shifted_linear scores to keep log R finite
warning: clamping 1/4096 shifted_linear scores to keep log R finite
warning: clamping 1/4096 shifted_linear scores to keep log R finite
warning: clamping 1/4096 shifted_linear scores to keep log R finite
warning: clamping 1/4096 shifted_linear scores to keep log R finite
warning: clamping 1/4096 shifted_linear scores to keep log R finite
warning: clamping 1/4096 shifted_linear scores to keep log R finite
warning: clamping 1/4096 shifted_linear scores to keep log R finite
warning: clamping 1/4096 shifted_linear scores to keep log R finite
warning: clamping 1/4096 shifted_linear scores to keep log R finite
warning: clamping 1/4096 shifted_linear scores to keep log R finite
warning: clamping 1/4096 shifted_linear scores to keep log R finite
warning: clamping 1/4096 shifted_linear scores to keep log R finite
warning: clamping 1/4096 shifted_linear scores to keep log R finite
warning: clamping 1/4096 shifted_linear scores to keep log R finite
warning: clamping 1/4096 shifted_linear scores to keep log R finite
step=00700 loss=0.0003 reverse_nll=0.0000 ESS=0.991 batch_outcomes=4096 batch_topologies=4096 seen=2871296
warning: clamping 1/4096 shifted_linear scores to keep log R finite
warning: clamping 1/4096 shifted_linear scores to keep log R finite
warning: clamping 1/4096 shifted_linear scores to keep log R finite
warning: clamping 1/4096 shifted_linear scores to keep log R finite
warning: clamping 2/4096 shifted_linear scores to keep log R finite
warning: clamping 2/4096 shifted_linear scores to keep log R finite
warning: clamping 1/4096 shifted_linear scores to keep log R finite
warning: clamping 1/4096 shifted_linear scores to keep log R finite
warning: clamping 1/4096 shifted_linear scores to keep log R finite
warning: clamping 1/4096 shifted_linear scores to keep log R finite
warning: clamping 1/4096 shifted_linear scores to keep log R finite
warning: clamping 1/4096 shifted_linear scores to keep log R finite
warning: clamping 1/4096 shifted_linear scores to keep log R finite
warning: clamping 1/4096 shifted_linear scores to keep log R finite
step=00725 loss=0.0008 reverse_nll=0.0000 ESS=0.991 batch_outcomes=4096 batch_topologies=4096 seen=2973696
warning: clamping 1/4096 shifted_linear scores to keep log R finite
warning: clamping 1/4096 shifted_linear scores to keep log R finite
warning: clamping 1/4096 shifted_linear scores to keep log R finite
warning: clamping 1/4096 shifted_linear scores to keep log R finite
warning: clamping 1/4096 shifted_linear scores to keep log R finite
warning: clamping 1/4096 shifted_linear scores to keep log R finite
warning: clamping 1/4096 shifted_linear scores to keep log R finite
warning: clamping 1/4096 shifted_linear scores to keep log R finite
warning: clamping 1/4096 shifted_linear scores to keep log R finite
warning: clamping 1/4096 shifted_linear scores to keep log R finite
warning: clamping 1/4096 shifted_linear scores to keep log R finite
warning: clamping 1/4096 shifted_linear scores to keep log R finite
warning: clamping 2/4096 shifted_linear scores to keep log R finite
warning: clamping 2/4096 shifted_linear scores to keep log R finite
warning: clamping 1/4096 shifted_linear scores to keep log R finite
warning: clamping 1/4096 shifted_linear scores to keep log R finite
warning: clamping 1/4096 shifted_linear scores to keep log R finite
warning: clamping 1/4096 shifted_linear scores to keep log R finite
step=00750 loss=-0.0016 reverse_nll=0.0000 ESS=0.992 batch_outcomes=4096 batch_topologies=4096 seen=3076096
warning: clamping 1/4096 shifted_linear scores to keep log R finite
warning: clamping 1/4096 shifted_linear scores to keep log R finite
warning: clamping 1/4096 shifted_linear scores to keep log R finite
warning: clamping 1/4096 shifted_linear scores to keep log R finite
warning: clamping 1/4096 shifted_linear scores to keep log R finite
warning: clamping 1/4096 shifted_linear scores to keep log R finite
warning: clamping 1/4096 shifted_linear scores to keep log R finite
warning: clamping 1/4096 shifted_linear scores to keep log R finite
warning: clamping 1/4096 shifted_linear scores to keep log R finite
warning: clamping 1/4096 shifted_linear scores to keep log R finite
warning: clamping 1/4096 shifted_linear scores to keep log R finite
warning: clamping 1/4096 shifted_linear scores to keep log R finite
warning: clamping 1/4096 shifted_linear scores to keep log R finite
warning: clamping 1/4096 shifted_linear scores to keep log R finite
warning: clamping 1/4096 shifted_linear scores to keep log R finite
warning: clamping 1/4096 shifted_linear scores to keep log R finite
warning: clamping 1/4096 shifted_linear scores to keep log R finite
warning: clamping 1/4096 shifted_linear scores to keep log R finite
warning: clamping 1/4096 shifted_linear scores to keep log R finite
warning: clamping 1/4096 shifted_linear scores to keep log R finite
warning: clamping 1/4096 shifted_linear scores to keep log R finite
warning: clamping 1/4096 shifted_linear scores to keep log R finite
warning: clamping 1/4096 shifted_linear scores to keep log R finite
warning: clamping 1/4096 shifted_linear scores to keep log R finite
warning: clamping 2/4096 shifted_linear scores to keep log R finite
warning: clamping 2/4096 shifted_linear scores to keep log R finite
step=00775 loss=0.0002 reverse_nll=0.0000 ESS=0.991 batch_outcomes=4096 batch_topologies=4096 seen=3178496
warning: clamping 1/4096 shifted_linear scores to keep log R finite
warning: clamping 1/4096 shifted_linear scores to keep log R finite
warning: clamping 1/4096 shifted_linear scores to keep log R finite
warning: clamping 1/4096 shifted_linear scores to keep log R finite
warning: clamping 1/4096 shifted_linear scores to keep log R finite
warning: clamping 1/4096 shifted_linear scores to keep log R finite
warning: clamping 1/4096 shifted_linear scores to keep log R finite
warning: clamping 1/4096 shifted_linear scores to keep log R finite
warning: clamping 1/4096 shifted_linear scores to keep log R finite
warning: clamping 1/4096 shifted_linear scores to keep log R finite
warning: clamping 1/4096 shifted_linear scores to keep log R finite
warning: clamping 1/4096 shifted_linear scores to keep log R finite
warning: clamping 2/4096 shifted_linear scores to keep log R finite
warning: clamping 2/4096 shifted_linear scores to keep log R finite
warning: clamping 2/4096 shifted_linear scores to keep log R finite
warning: clamping 2/4096 shifted_linear scores to keep log R finite
step=00800 loss=0.0004 reverse_nll=0.0000 ESS=0.992 batch_outcomes=4096 batch_topologies=4095 seen=3280896
warning: clamping 1/4096 shifted_linear scores to keep log R finite
warning: clamping 1/4096 shifted_linear scores to keep log R finite
warning: clamping 1/4096 shifted_linear scores to keep log R finite
warning: clamping 1/4096 shifted_linear scores to keep log R finite
warning: clamping 2/4096 shifted_linear scores to keep log R finite
warning: clamping 2/4096 shifted_linear scores to keep log R finite
warning: clamping 1/4096 shifted_linear scores to keep log R finite
warning: clamping 1/4096 shifted_linear scores to keep log R finite
warning: clamping 1/4096 shifted_linear scores to keep log R finite
warning: clamping 1/4096 shifted_linear scores to keep log R finite
warning: clamping 1/4096 shifted_linear scores to keep log R finite
warning: clamping 1/4096 shifted_linear scores to keep log R finite
warning: clamping 2/4096 shifted_linear scores to keep log R finite
warning: clamping 2/4096 shifted_linear scores to keep log R finite
warning: clamping 2/4096 shifted_linear scores to keep log R finite
warning: clamping 2/4096 shifted_linear scores to keep log R finite
warning: clamping 2/4096 shifted_linear scores to keep log R finite
warning: clamping 2/4096 shifted_linear scores to keep log R finite
warning: clamping 2/4096 shifted_linear scores to keep log R finite
warning: clamping 2/4096 shifted_linear scores to keep log R finite
step=00825 loss=0.0012 reverse_nll=0.0000 ESS=0.992 batch_outcomes=4096 batch_topologies=4096 seen=3383296
warning: clamping 1/4096 shifted_linear scores to keep log R finite
warning: clamping 1/4096 shifted_linear scores to keep log R finite
warning: clamping 1/4096 shifted_linear scores to keep log R finite
warning: clamping 1/4096 shifted_linear scores to keep log R finite
warning: clamping 1/4096 shifted_linear scores to keep log R finite
warning: clamping 1/4096 shifted_linear scores to keep log R finite
warning: clamping 1/4096 shifted_linear scores to keep log R finite
warning: clamping 1/4096 shifted_linear scores to keep log R finite
warning: clamping 1/4096 shifted_linear scores to keep log R finite
warning: clamping 1/4096 shifted_linear scores to keep log R finite
warning: clamping 1/4096 shifted_linear scores to keep log R finite
warning: clamping 1/4096 shifted_linear scores to keep log R finite
warning: clamping 1/4096 shifted_linear scores to keep log R finite
warning: clamping 1/4096 shifted_linear scores to keep log R finite
step=00850 loss=-0.0002 reverse_nll=0.0000 ESS=0.993 batch_outcomes=4096 batch_topologies=4096 seen=3485696
warning: clamping 1/4096 shifted_linear scores to keep log R finite
warning: clamping 1/4096 shifted_linear scores to keep log R finite
warning: clamping 2/4096 shifted_linear scores to keep log R finite
warning: clamping 2/4096 shifted_linear scores to keep log R finite
warning: clamping 1/4096 shifted_linear scores to keep log R finite
warning: clamping 1/4096 shifted_linear scores to keep log R finite
warning: clamping 1/4096 shifted_linear scores to keep log R finite
warning: clamping 1/4096 shifted_linear scores to keep log R finite
warning: clamping 2/4096 shifted_linear scores to keep log R finite
warning: clamping 2/4096 shifted_linear scores to keep log R finite
warning: clamping 1/4096 shifted_linear scores to keep log R finite
warning: clamping 1/4096 shifted_linear scores to keep log R finite
warning: clamping 1/4096 shifted_linear scores to keep log R finite
warning: clamping 1/4096 shifted_linear scores to keep log R finite
warning: clamping 1/4096 shifted_linear scores to keep log R finite
warning: clamping 1/4096 shifted_linear scores to keep log R finite
step=00875 loss=-0.0008 reverse_nll=0.0000 ESS=0.992 batch_outcomes=4096 batch_topologies=4096 seen=3588096
warning: clamping 2/4096 shifted_linear scores to keep log R finite
warning: clamping 2/4096 shifted_linear scores to keep log R finite
warning: clamping 1/4096 shifted_linear scores to keep log R finite
warning: clamping 1/4096 shifted_linear scores to keep log R finite
warning: clamping 3/4096 shifted_linear scores to keep log R finite
warning: clamping 3/4096 shifted_linear scores to keep log R finite
warning: clamping 1/4096 shifted_linear scores to keep log R finite
warning: clamping 1/4096 shifted_linear scores to keep log R finite
warning: clamping 1/4096 shifted_linear scores to keep log R finite
warning: clamping 1/4096 shifted_linear scores to keep log R finite
warning: clamping 1/4096 shifted_linear scores to keep log R finite
warning: clamping 1/4096 shifted_linear scores to keep log R finite
warning: clamping 1/4096 shifted_linear scores to keep log R finite
warning: clamping 1/4096 shifted_linear scores to keep log R finite
step=00900 loss=0.0036 reverse_nll=0.0000 ESS=0.992 batch_outcomes=4096 batch_topologies=4096 seen=3690496
warning: clamping 1/4096 shifted_linear scores to keep log R finite
warning: clamping 1/4096 shifted_linear scores to keep log R finite
warning: clamping 1/4096 shifted_linear scores to keep log R finite
warning: clamping 1/4096 shifted_linear scores to keep log R finite
warning: clamping 1/4096 shifted_linear scores to keep log R finite
warning: clamping 1/4096 shifted_linear scores to keep log R finite
warning: clamping 1/4096 shifted_linear scores to keep log R finite
warning: clamping 1/4096 shifted_linear scores to keep log R finite
warning: clamping 1/4096 shifted_linear scores to keep log R finite
warning: clamping 1/4096 shifted_linear scores to keep log R finite
warning: clamping 2/4096 shifted_linear scores to keep log R finite
warning: clamping 2/4096 shifted_linear scores to keep log R finite
warning: clamping 1/4096 shifted_linear scores to keep log R finite
warning: clamping 1/4096 shifted_linear scores to keep log R finite
warning: clamping 1/4096 shifted_linear scores to keep log R finite
warning: clamping 1/4096 shifted_linear scores to keep log R finite
step=00925 loss=0.0005 reverse_nll=0.0000 ESS=0.992 batch_outcomes=4096 batch_topologies=4096 seen=3792896
warning: clamping 1/4096 shifted_linear scores to keep log R finite
warning: clamping 1/4096 shifted_linear scores to keep log R finite
warning: clamping 1/4096 shifted_linear scores to keep log R finite
warning: clamping 1/4096 shifted_linear scores to keep log R finite
warning: clamping 1/4096 shifted_linear scores to keep log R finite
warning: clamping 1/4096 shifted_linear scores to keep log R finite
warning: clamping 1/4096 shifted_linear scores to keep log R finite
warning: clamping 1/4096 shifted_linear scores to keep log R finite
warning: clamping 1/4096 shifted_linear scores to keep log R finite
warning: clamping 1/4096 shifted_linear scores to keep log R finite
warning: clamping 1/4096 shifted_linear scores to keep log R finite
warning: clamping 1/4096 shifted_linear scores to keep log R finite
warning: clamping 3/4096 shifted_linear scores to keep log R finite
warning: clamping 3/4096 shifted_linear scores to keep log R finite
warning: clamping 1/4096 shifted_linear scores to keep log R finite
warning: clamping 1/4096 shifted_linear scores to keep log R finite
warning: clamping 1/4096 shifted_linear scores to keep log R finite
warning: clamping 1/4096 shifted_linear scores to keep log R finite
step=00950 loss=-0.0003 reverse_nll=0.0000 ESS=0.992 batch_outcomes=4096 batch_topologies=4096 seen=3895296
warning: clamping 1/4096 shifted_linear scores to keep log R finite
warning: clamping 1/4096 shifted_linear scores to keep log R finite
warning: clamping 1/4096 shifted_linear scores to keep log R finite
warning: clamping 1/4096 shifted_linear scores to keep log R finite
warning: clamping 1/4096 shifted_linear scores to keep log R finite
warning: clamping 1/4096 shifted_linear scores to keep log R finite
warning: clamping 2/4096 shifted_linear scores to keep log R finite
warning: clamping 2/4096 shifted_linear scores to keep log R finite
warning: clamping 1/4096 shifted_linear scores to keep log R finite
warning: clamping 1/4096 shifted_linear scores to keep log R finite
warning: clamping 1/4096 shifted_linear scores to keep log R finite
warning: clamping 1/4096 shifted_linear scores to keep log R finite
warning: clamping 2/4096 shifted_linear scores to keep log R finite
warning: clamping 2/4096 shifted_linear scores to keep log R finite
warning: clamping 1/4096 shifted_linear scores to keep log R finite
warning: clamping 1/4096 shifted_linear scores to keep log R finite
warning: clamping 1/4096 shifted_linear scores to keep log R finite
warning: clamping 1/4096 shifted_linear scores to keep log R finite
warning: clamping 1/4096 shifted_linear scores to keep log R finite
warning: clamping 1/4096 shifted_linear scores to keep log R finite
warning: clamping 1/4096 shifted_linear scores to keep log R finite
warning: clamping 1/4096 shifted_linear scores to keep log R finite
warning: clamping 1/4096 shifted_linear scores to keep log R finite
warning: clamping 1/4096 shifted_linear scores to keep log R finite
warning: clamping 1/4096 shifted_linear scores to keep log R finite
warning: clamping 1/4096 shifted_linear scores to keep log R finite
step=00975 loss=0.0006 reverse_nll=0.0000 ESS=0.992 batch_outcomes=4096 batch_topologies=4096 seen=3997696
warning: clamping 2/4096 shifted_linear scores to keep log R finite
warning: clamping 2/4096 shifted_linear scores to keep log R finite
warning: clamping 1/4096 shifted_linear scores to keep log R finite
warning: clamping 1/4096 shifted_linear scores to keep log R finite
warning: clamping 1/4096 shifted_linear scores to keep log R finite
warning: clamping 1/4096 shifted_linear scores to keep log R finite
warning: clamping 1/4096 shifted_linear scores to keep log R finite
warning: clamping 1/4096 shifted_linear scores to keep log R finite
warning: clamping 1/4096 shifted_linear scores to keep log R finite
warning: clamping 1/4096 shifted_linear scores to keep log R finite
warning: clamping 1/4096 shifted_linear scores to keep log R finite
warning: clamping 1/4096 shifted_linear scores to keep log R finite
warning: clamping 1/4096 shifted_linear scores to keep log R finite
warning: clamping 1/4096 shifted_linear scores to keep log R finite
warning: clamping 1/4096 shifted_linear scores to keep log R finite
warning: clamping 1/4096 shifted_linear scores to keep log R finite
step=01000 loss=-0.0001 reverse_nll=0.0000 ESS=0.992 batch_outcomes=4096 batch_topologies=4096 seen=4100096
warning: clamping 2/4096 shifted_linear scores to keep log R finite
warning: clamping 2/4096 shifted_linear scores to keep log R finite
warning: clamping 2/4096 shifted_linear scores to keep log R finite
warning: clamping 2/4096 shifted_linear scores to keep log R finite
warning: clamping 1/4096 shifted_linear scores to keep log R finite
warning: clamping 1/4096 shifted_linear scores to keep log R finite
warning: clamping 1/4096 shifted_linear scores to keep log R finite
warning: clamping 1/4096 shifted_linear scores to keep log R finite
warning: clamping 2/4096 shifted_linear scores to keep log R finite
warning: clamping 2/4096 shifted_linear scores to keep log R finite
warning: clamping 1/4096 shifted_linear scores to keep log R finite
warning: clamping 1/4096 shifted_linear scores to keep log R finite
warning: clamping 1/4096 shifted_linear scores to keep log R finite
warning: clamping 1/4096 shifted_linear scores to keep log R finite
step=01025 loss=0.0004 reverse_nll=0.0000 ESS=0.992 batch_outcomes=4096 batch_topologies=4096 seen=4202496
warning: clamping 1/4096 shifted_linear scores to keep log R finite
warning: clamping 1/4096 shifted_linear scores to keep log R finite
warning: clamping 1/4096 shifted_linear scores to keep log R finite
warning: clamping 1/4096 shifted_linear scores to keep log R finite
warning: clamping 1/4096 shifted_linear scores to keep log R finite
warning: clamping 1/4096 shifted_linear scores to keep log R finite
warning: clamping 1/4096 shifted_linear scores to keep log R finite
warning: clamping 1/4096 shifted_linear scores to keep log R finite
warning: clamping 1/4096 shifted_linear scores to keep log R finite
warning: clamping 1/4096 shifted_linear scores to keep log R finite
warning: clamping 1/4096 shifted_linear scores to keep log R finite
warning: clamping 1/4096 shifted_linear scores to keep log R finite
warning: clamping 1/4096 shifted_linear scores to keep log R finite
warning: clamping 1/4096 shifted_linear scores to keep log R finite
warning: clamping 1/4096 shifted_linear scores to keep log R finite
warning: clamping 1/4096 shifted_linear scores to keep log R finite
step=01050 loss=0.0007 reverse_nll=0.0000 ESS=0.993 batch_outcomes=4096 batch_topologies=4096 seen=4304896
warning: clamping 1/4096 shifted_linear scores to keep log R finite
warning: clamping 1/4096 shifted_linear scores to keep log R finite
warning: clamping 2/4096 shifted_linear scores to keep log R finite
warning: clamping 2/4096 shifted_linear scores to keep log R finite
warning: clamping 1/4096 shifted_linear scores to keep log R finite
warning: clamping 1/4096 shifted_linear scores to keep log R finite
warning: clamping 2/4096 shifted_linear scores to keep log R finite
warning: clamping 2/4096 shifted_linear scores to keep log R finite
warning: clamping 1/4096 shifted_linear scores to keep log R finite
warning: clamping 1/4096 shifted_linear scores to keep log R finite
warning: clamping 2/4096 shifted_linear scores to keep log R finite
warning: clamping 2/4096 shifted_linear scores to keep log R finite
warning: clamping 2/4096 shifted_linear scores to keep log R finite
warning: clamping 2/4096 shifted_linear scores to keep log R finite
warning: clamping 1/4096 shifted_linear scores to keep log R finite
warning: clamping 1/4096 shifted_linear scores to keep log R finite
warning: clamping 1/4096 shifted_linear scores to keep log R finite
warning: clamping 1/4096 shifted_linear scores to keep log R finite
warning: clamping 2/4096 shifted_linear scores to keep log R finite
warning: clamping 2/4096 shifted_linear scores to keep log R finite
warning: clamping 1/4096 shifted_linear scores to keep log R finite
warning: clamping 1/4096 shifted_linear scores to keep log R finite
warning: clamping 1/4096 shifted_linear scores to keep log R finite
warning: clamping 1/4096 shifted_linear scores to keep log R finite
warning: clamping 2/4096 shifted_linear scores to keep log R finite
warning: clamping 2/4096 shifted_linear scores to keep log R finite
warning: clamping 1/4096 shifted_linear scores to keep log R finite
warning: clamping 1/4096 shifted_linear scores to keep log R finite
step=01075 loss=-0.0010 reverse_nll=0.0000 ESS=0.993 batch_outcomes=4096 batch_topologies=4096 seen=4407296
warning: clamping 1/4096 shifted_linear scores to keep log R finite
warning: clamping 1/4096 shifted_linear scores to keep log R finite
warning: clamping 1/4096 shifted_linear scores to keep log R finite
warning: clamping 1/4096 shifted_linear scores to keep log R finite
warning: clamping 2/4096 shifted_linear scores to keep log R finite
warning: clamping 2/4096 shifted_linear scores to keep log R finite
warning: clamping 1/4096 shifted_linear scores to keep log R finite
warning: clamping 1/4096 shifted_linear scores to keep log R finite
warning: clamping 1/4096 shifted_linear scores to keep log R finite
warning: clamping 1/4096 shifted_linear scores to keep log R finite
warning: clamping 1/4096 shifted_linear scores to keep log R finite
warning: clamping 1/4096 shifted_linear scores to keep log R finite
warning: clamping 1/4096 shifted_linear scores to keep log R finite
warning: clamping 1/4096 shifted_linear scores to keep log R finite
warning: clamping 3/4096 shifted_linear scores to keep log R finite
warning: clamping 3/4096 shifted_linear scores to keep log R finite
warning: clamping 1/4096 shifted_linear scores to keep log R finite
warning: clamping 1/4096 shifted_linear scores to keep log R finite
warning: clamping 1/4096 shifted_linear scores to keep log R finite
warning: clamping 1/4096 shifted_linear scores to keep log R finite
warning: clamping 1/4096 shifted_linear scores to keep log R finite
warning: clamping 1/4096 shifted_linear scores to keep log R finite
step=01100 loss=0.0023 reverse_nll=0.0000 ESS=0.992 batch_outcomes=4096 batch_topologies=4096 seen=4509696
warning: clamping 1/4096 shifted_linear scores to keep log R finite
warning: clamping 1/4096 shifted_linear scores to keep log R finite
warning: clamping 2/4096 shifted_linear scores to keep log R finite
warning: clamping 2/4096 shifted_linear scores to keep log R finite
warning: clamping 1/4096 shifted_linear scores to keep log R finite
warning: clamping 1/4096 shifted_linear scores to keep log R finite
warning: clamping 1/4096 shifted_linear scores to keep log R finite
warning: clamping 1/4096 shifted_linear scores to keep log R finite
warning: clamping 1/4096 shifted_linear scores to keep log R finite
warning: clamping 1/4096 shifted_linear scores to keep log R finite
warning: clamping 2/4096 shifted_linear scores to keep log R finite
warning: clamping 2/4096 shifted_linear scores to keep log R finite
step=01125 loss=-0.0010 reverse_nll=0.0000 ESS=0.992 batch_outcomes=4096 batch_topologies=4096 seen=4612096
warning: clamping 2/4096 shifted_linear scores to keep log R finite
warning: clamping 2/4096 shifted_linear scores to keep log R finite
warning: clamping 1/4096 shifted_linear scores to keep log R finite
warning: clamping 1/4096 shifted_linear scores to keep log R finite
warning: clamping 1/4096 shifted_linear scores to keep log R finite
warning: clamping 1/4096 shifted_linear scores to keep log R finite
warning: clamping 1/4096 shifted_linear scores to keep log R finite
warning: clamping 1/4096 shifted_linear scores to keep log R finite
warning: clamping 2/4096 shifted_linear scores to keep log R finite
warning: clamping 2/4096 shifted_linear scores to keep log R finite
warning: clamping 1/4096 shifted_linear scores to keep log R finite
warning: clamping 1/4096 shifted_linear scores to keep log R finite
warning: clamping 2/4096 shifted_linear scores to keep log R finite
warning: clamping 2/4096 shifted_linear scores to keep log R finite
warning: clamping 1/4096 shifted_linear scores to keep log R finite
warning: clamping 1/4096 shifted_linear scores to keep log R finite
warning: clamping 1/4096 shifted_linear scores to keep log R finite
warning: clamping 1/4096 shifted_linear scores to keep log R finite
warning: clamping 1/4096 shifted_linear scores to keep log R finite
warning: clamping 1/4096 shifted_linear scores to keep log R finite
warning: clamping 1/4096 shifted_linear scores to keep log R finite
warning: clamping 1/4096 shifted_linear scores to keep log R finite
warning: clamping 1/4096 shifted_linear scores to keep log R finite
warning: clamping 1/4096 shifted_linear scores to keep log R finite
step=01150 loss=0.0006 reverse_nll=0.0000 ESS=0.993 batch_outcomes=4096 batch_topologies=4095 seen=4714496
warning: clamping 1/4096 shifted_linear scores to keep log R finite
warning: clamping 1/4096 shifted_linear scores to keep log R finite
warning: clamping 1/4096 shifted_linear scores to keep log R finite
warning: clamping 1/4096 shifted_linear scores to keep log R finite
warning: clamping 1/4096 shifted_linear scores to keep log R finite
warning: clamping 1/4096 shifted_linear scores to keep log R finite
warning: clamping 1/4096 shifted_linear scores to keep log R finite
warning: clamping 1/4096 shifted_linear scores to keep log R finite
warning: clamping 1/4096 shifted_linear scores to keep log R finite
warning: clamping 1/4096 shifted_linear scores to keep log R finite
warning: clamping 1/4096 shifted_linear scores to keep log R finite
warning: clamping 1/4096 shifted_linear scores to keep log R finite
warning: clamping 1/4096 shifted_linear scores to keep log R finite
warning: clamping 1/4096 shifted_linear scores to keep log R finite
warning: clamping 1/4096 shifted_linear scores to keep log R finite
warning: clamping 1/4096 shifted_linear scores to keep log R finite
warning: clamping 1/4096 shifted_linear scores to keep log R finite
warning: clamping 1/4096 shifted_linear scores to keep log R finite
warning: clamping 1/4096 shifted_linear scores to keep log R finite
warning: clamping 1/4096 shifted_linear scores to keep log R finite
warning: clamping 1/4096 shifted_linear scores to keep log R finite
warning: clamping 1/4096 shifted_linear scores to keep log R finite
warning: clamping 1/4096 shifted_linear scores to keep log R finite
warning: clamping 1/4096 shifted_linear scores to keep log R finite
step=01175 loss=-0.0006 reverse_nll=0.0000 ESS=0.993 batch_outcomes=4096 batch_topologies=4096 seen=4816896
warning: clamping 3/4096 shifted_linear scores to keep log R finite
warning: clamping 3/4096 shifted_linear scores to keep log R finite
warning: clamping 1/4096 shifted_linear scores to keep log R finite
warning: clamping 1/4096 shifted_linear scores to keep log R finite
warning: clamping 1/4096 shifted_linear scores to keep log R finite
warning: clamping 1/4096 shifted_linear scores to keep log R finite
warning: clamping 2/4096 shifted_linear scores to keep log R finite
warning: clamping 2/4096 shifted_linear scores to keep log R finite
warning: clamping 2/4096 shifted_linear scores to keep log R finite
warning: clamping 2/4096 shifted_linear scores to keep log R finite
warning: clamping 1/4096 shifted_linear scores to keep log R finite
warning: clamping 1/4096 shifted_linear scores to keep log R finite
warning: clamping 2/4096 shifted_linear scores to keep log R finite
warning: clamping 2/4096 shifted_linear scores to keep log R finite
warning: clamping 1/4096 shifted_linear scores to keep log R finite
warning: clamping 1/4096 shifted_linear scores to keep log R finite
step=01200 loss=0.0011 reverse_nll=0.0000 ESS=0.993 batch_outcomes=4096 batch_topologies=4096 seen=4919296
warning: clamping 1/4096 shifted_linear scores to keep log R finite
warning: clamping 1/4096 shifted_linear scores to keep log R finite
warning: clamping 1/4096 shifted_linear scores to keep log R finite
warning: clamping 1/4096 shifted_linear scores to keep log R finite
warning: clamping 1/4096 shifted_linear scores to keep log R finite
warning: clamping 1/4096 shifted_linear scores to keep log R finite
warning: clamping 2/4096 shifted_linear scores to keep log R finite
warning: clamping 2/4096 shifted_linear scores to keep log R finite
warning: clamping 1/4096 shifted_linear scores to keep log R finite
warning: clamping 1/4096 shifted_linear scores to keep log R finite
warning: clamping 1/4096 shifted_linear scores to keep log R finite
warning: clamping 1/4096 shifted_linear scores to keep log R finite
warning: clamping 1/4096 shifted_linear scores to keep log R finite
warning: clamping 1/4096 shifted_linear scores to keep log R finite
warning: clamping 1/4096 shifted_linear scores to keep log R finite
warning: clamping 1/4096 shifted_linear scores to keep log R finite
warning: clamping 1/4096 shifted_linear scores to keep log R finite
warning: clamping 1/4096 shifted_linear scores to keep log R finite
warning: clamping 1/4096 shifted_linear scores to keep log R finite
warning: clamping 1/4096 shifted_linear scores to keep log R finite
step=01225 loss=0.0002 reverse_nll=0.0000 ESS=0.993 batch_outcomes=4096 batch_topologies=4096 seen=5021696
warning: clamping 1/4096 shifted_linear scores to keep log R finite
warning: clamping 1/4096 shifted_linear scores to keep log R finite
warning: clamping 1/4096 shifted_linear scores to keep log R finite
warning: clamping 1/4096 shifted_linear scores to keep log R finite
warning: clamping 1/4096 shifted_linear scores to keep log R finite
warning: clamping 1/4096 shifted_linear scores to keep log R finite
warning: clamping 1/4096 shifted_linear scores to keep log R finite
warning: clamping 1/4096 shifted_linear scores to keep log R finite
warning: clamping 3/4096 shifted_linear scores to keep log R finite
warning: clamping 3/4096 shifted_linear scores to keep log R finite
warning: clamping 1/4096 shifted_linear scores to keep log R finite
warning: clamping 1/4096 shifted_linear scores to keep log R finite
warning: clamping 1/4096 shifted_linear scores to keep log R finite
warning: clamping 1/4096 shifted_linear scores to keep log R finite
warning: clamping 2/4096 shifted_linear scores to keep log R finite
warning: clamping 2/4096 shifted_linear scores to keep log R finite
warning: clamping 1/4096 shifted_linear scores to keep log R finite
warning: clamping 1/4096 shifted_linear scores to keep log R finite
warning: clamping 1/4096 shifted_linear scores to keep log R finite
warning: clamping 1/4096 shifted_linear scores to keep log R finite
warning: clamping 1/4096 shifted_linear scores to keep log R finite
warning: clamping 1/4096 shifted_linear scores to keep log R finite
warning: clamping 1/4096 shifted_linear scores to keep log R finite
warning: clamping 1/4096 shifted_linear scores to keep log R finite
warning: clamping 1/4096 shifted_linear scores to keep log R finite
warning: clamping 1/4096 shifted_linear scores to keep log R finite
warning: clamping 1/4096 shifted_linear scores to keep log R finite
warning: clamping 1/4096 shifted_linear scores to keep log R finite
step=01250 loss=0.0017 reverse_nll=0.0000 ESS=0.993 batch_outcomes=4096 batch_topologies=4096 seen=5124096
warning: clamping 2/4096 shifted_linear scores to keep log R finite
warning: clamping 2/4096 shifted_linear scores to keep log R finite
warning: clamping 2/4096 shifted_linear scores to keep log R finite
warning: clamping 2/4096 shifted_linear scores to keep log R finite
warning: clamping 1/4096 shifted_linear scores to keep log R finite
warning: clamping 1/4096 shifted_linear scores to keep log R finite
warning: clamping 1/4096 shifted_linear scores to keep log R finite
warning: clamping 1/4096 shifted_linear scores to keep log R finite
warning: clamping 1/4096 shifted_linear scores to keep log R finite
warning: clamping 1/4096 shifted_linear scores to keep log R finite
warning: clamping 2/4096 shifted_linear scores to keep log R finite
warning: clamping 2/4096 shifted_linear scores to keep log R finite
warning: clamping 1/4096 shifted_linear scores to keep log R finite
warning: clamping 1/4096 shifted_linear scores to keep log R finite
warning: clamping 1/4096 shifted_linear scores to keep log R finite
warning: clamping 1/4096 shifted_linear scores to keep log R finite
warning: clamping 1/4096 shifted_linear scores to keep log R finite
warning: clamping 1/4096 shifted_linear scores to keep log R finite
step=01275 loss=0.0022 reverse_nll=0.0000 ESS=0.993 batch_outcomes=4096 batch_topologies=4096 seen=5226496
warning: clamping 1/4096 shifted_linear scores to keep log R finite
warning: clamping 1/4096 shifted_linear scores to keep log R finite
warning: clamping 1/4096 shifted_linear scores to keep log R finite
warning: clamping 1/4096 shifted_linear scores to keep log R finite
warning: clamping 1/4096 shifted_linear scores to keep log R finite
warning: clamping 1/4096 shifted_linear scores to keep log R finite
warning: clamping 1/4096 shifted_linear scores to keep log R finite
warning: clamping 1/4096 shifted_linear scores to keep log R finite
warning: clamping 1/4096 shifted_linear scores to keep log R finite
warning: clamping 1/4096 shifted_linear scores to keep log R finite
warning: clamping 1/4096 shifted_linear scores to keep log R finite
warning: clamping 1/4096 shifted_linear scores to keep log R finite
warning: clamping 1/4096 shifted_linear scores to keep log R finite
warning: clamping 1/4096 shifted_linear scores to keep log R finite
warning: clamping 1/4096 shifted_linear scores to keep log R finite
warning: clamping 1/4096 shifted_linear scores to keep log R finite
warning: clamping 1/4096 shifted_linear scores to keep log R finite
warning: clamping 1/4096 shifted_linear scores to keep log R finite
step=01300 loss=-0.0001 reverse_nll=0.0000 ESS=0.991 batch_outcomes=4096 batch_topologies=4096 seen=5328896
warning: clamping 1/4096 shifted_linear scores to keep log R finite
warning: clamping 1/4096 shifted_linear scores to keep log R finite
warning: clamping 1/4096 shifted_linear scores to keep log R finite
warning: clamping 1/4096 shifted_linear scores to keep log R finite
warning: clamping 1/4096 shifted_linear scores to keep log R finite
warning: clamping 1/4096 shifted_linear scores to keep log R finite
warning: clamping 1/4096 shifted_linear scores to keep log R finite
warning: clamping 1/4096 shifted_linear scores to keep log R finite
warning: clamping 1/4096 shifted_linear scores to keep log R finite
warning: clamping 1/4096 shifted_linear scores to keep log R finite
warning: clamping 1/4096 shifted_linear scores to keep log R finite
warning: clamping 1/4096 shifted_linear scores to keep log R finite
warning: clamping 2/4096 shifted_linear scores to keep log R finite
warning: clamping 2/4096 shifted_linear scores to keep log R finite
warning: clamping 1/4096 shifted_linear scores to keep log R finite
warning: clamping 1/4096 shifted_linear scores to keep log R finite
warning: clamping 1/4096 shifted_linear scores to keep log R finite
warning: clamping 1/4096 shifted_linear scores to keep log R finite
step=01325 loss=-0.0016 reverse_nll=0.0000 ESS=0.993 batch_outcomes=4096 batch_topologies=4096 seen=5431296
warning: clamping 1/4096 shifted_linear scores to keep log R finite
warning: clamping 1/4096 shifted_linear scores to keep log R finite
warning: clamping 1/4096 shifted_linear scores to keep log R finite
warning: clamping 1/4096 shifted_linear scores to keep log R finite
warning: clamping 3/4096 shifted_linear scores to keep log R finite
warning: clamping 3/4096 shifted_linear scores to keep log R finite
warning: clamping 1/4096 shifted_linear scores to keep log R finite
warning: clamping 1/4096 shifted_linear scores to keep log R finite
warning: clamping 2/4096 shifted_linear scores to keep log R finite
warning: clamping 2/4096 shifted_linear scores to keep log R finite
warning: clamping 1/4096 shifted_linear scores to keep log R finite
warning: clamping 1/4096 shifted_linear scores to keep log R finite
warning: clamping 1/4096 shifted_linear scores to keep log R finite
warning: clamping 1/4096 shifted_linear scores to keep log R finite
warning: clamping 1/4096 shifted_linear scores to keep log R finite
warning: clamping 1/4096 shifted_linear scores to keep log R finite
step=01350 loss=-0.0005 reverse_nll=0.0000 ESS=0.993 batch_outcomes=4096 batch_topologies=4095 seen=5533696
warning: clamping 2/4096 shifted_linear scores to keep log R finite
warning: clamping 2/4096 shifted_linear scores to keep log R finite
warning: clamping 2/4096 shifted_linear scores to keep log R finite
warning: clamping 2/4096 shifted_linear scores to keep log R finite
warning: clamping 1/4096 shifted_linear scores to keep log R finite
warning: clamping 1/4096 shifted_linear scores to keep log R finite
warning: clamping 1/4096 shifted_linear scores to keep log R finite
warning: clamping 1/4096 shifted_linear scores to keep log R finite
warning: clamping 1/4096 shifted_linear scores to keep log R finite
warning: clamping 1/4096 shifted_linear scores to keep log R finite
warning: clamping 2/4096 shifted_linear scores to keep log R finite
warning: clamping 2/4096 shifted_linear scores to keep log R finite
warning: clamping 1/4096 shifted_linear scores to keep log R finite
warning: clamping 1/4096 shifted_linear scores to keep log R finite
warning: clamping 3/4096 shifted_linear scores to keep log R finite
warning: clamping 3/4096 shifted_linear scores to keep log R finite
warning: clamping 1/4096 shifted_linear scores to keep log R finite
warning: clamping 1/4096 shifted_linear scores to keep log R finite
warning: clamping 1/4096 shifted_linear scores to keep log R finite
warning: clamping 1/4096 shifted_linear scores to keep log R finite
step=01375 loss=0.0011 reverse_nll=0.0000 ESS=0.992 batch_outcomes=4096 batch_topologies=4096 seen=5636096
warning: clamping 1/4096 shifted_linear scores to keep log R finite
warning: clamping 1/4096 shifted_linear scores to keep log R finite
warning: clamping 1/4096 shifted_linear scores to keep log R finite
warning: clamping 1/4096 shifted_linear scores to keep log R finite
warning: clamping 1/4096 shifted_linear scores to keep log R finite
warning: clamping 1/4096 shifted_linear scores to keep log R finite
warning: clamping 1/4096 shifted_linear scores to keep log R finite
warning: clamping 1/4096 shifted_linear scores to keep log R finite
warning: clamping 1/4096 shifted_linear scores to keep log R finite
warning: clamping 1/4096 shifted_linear scores to keep log R finite
warning: clamping 1/4096 shifted_linear scores to keep log R finite
warning: clamping 1/4096 shifted_linear scores to keep log R finite
step=01400 loss=0.0010 reverse_nll=0.0000 ESS=0.994 batch_outcomes=4096 batch_topologies=4096 seen=5738496
warning: clamping 1/4096 shifted_linear scores to keep log R finite
warning: clamping 1/4096 shifted_linear scores to keep log R finite
warning: clamping 1/4096 shifted_linear scores to keep log R finite
warning: clamping 1/4096 shifted_linear scores to keep log R finite
warning: clamping 1/4096 shifted_linear scores to keep log R finite
warning: clamping 1/4096 shifted_linear scores to keep log R finite
warning: clamping 2/4096 shifted_linear scores to keep log R finite
warning: clamping 2/4096 shifted_linear scores to keep log R finite
warning: clamping 1/4096 shifted_linear scores to keep log R finite
warning: clamping 1/4096 shifted_linear scores to keep log R finite
warning: clamping 1/4096 shifted_linear scores to keep log R finite
warning: clamping 1/4096 shifted_linear scores to keep log R finite
step=01425 loss=0.0003 reverse_nll=0.0000 ESS=0.994 batch_outcomes=4096 batch_topologies=4096 seen=5840896
warning: clamping 1/4096 shifted_linear scores to keep log R finite
warning: clamping 1/4096 shifted_linear scores to keep log R finite
warning: clamping 1/4096 shifted_linear scores to keep log R finite
warning: clamping 1/4096 shifted_linear scores to keep log R finite
warning: clamping 1/4096 shifted_linear scores to keep log R finite
warning: clamping 1/4096 shifted_linear scores to keep log R finite
warning: clamping 1/4096 shifted_linear scores to keep log R finite
warning: clamping 1/4096 shifted_linear scores to keep log R finite
warning: clamping 2/4096 shifted_linear scores to keep log R finite
warning: clamping 2/4096 shifted_linear scores to keep log R finite
warning: clamping 2/4096 shifted_linear scores to keep log R finite
warning: clamping 2/4096 shifted_linear scores to keep log R finite
warning: clamping 1/4096 shifted_linear scores to keep log R finite
warning: clamping 1/4096 shifted_linear scores to keep log R finite
warning: clamping 1/4096 shifted_linear scores to keep log R finite
warning: clamping 1/4096 shifted_linear scores to keep log R finite
step=01450 loss=0.0023 reverse_nll=0.0000 ESS=0.993 batch_outcomes=4096 batch_topologies=4096 seen=5943296
warning: clamping 1/4096 shifted_linear scores to keep log R finite
warning: clamping 1/4096 shifted_linear scores to keep log R finite
warning: clamping 1/4096 shifted_linear scores to keep log R finite
warning: clamping 1/4096 shifted_linear scores to keep log R finite
warning: clamping 1/4096 shifted_linear scores to keep log R finite
warning: clamping 1/4096 shifted_linear scores to keep log R finite
warning: clamping 1/4096 shifted_linear scores to keep log R finite
warning: clamping 1/4096 shifted_linear scores to keep log R finite
warning: clamping 1/4096 shifted_linear scores to keep log R finite
warning: clamping 1/4096 shifted_linear scores to keep log R finite
warning: clamping 2/4096 shifted_linear scores to keep log R finite
warning: clamping 2/4096 shifted_linear scores to keep log R finite
warning: clamping 1/4096 shifted_linear scores to keep log R finite
warning: clamping 1/4096 shifted_linear scores to keep log R finite
step=01475 loss=0.0002 reverse_nll=0.0000 ESS=0.994 batch_outcomes=4096 batch_topologies=4095 seen=6045696
warning: clamping 1/4096 shifted_linear scores to keep log R finite
warning: clamping 1/4096 shifted_linear scores to keep log R finite
warning: clamping 1/4096 shifted_linear scores to keep log R finite
warning: clamping 1/4096 shifted_linear scores to keep log R finite
warning: clamping 1/4096 shifted_linear scores to keep log R finite
warning: clamping 1/4096 shifted_linear scores to keep log R finite
warning: clamping 1/4096 shifted_linear scores to keep log R finite
warning: clamping 1/4096 shifted_linear scores to keep log R finite
warning: clamping 2/4096 shifted_linear scores to keep log R finite
warning: clamping 2/4096 shifted_linear scores to keep log R finite
warning: clamping 2/4096 shifted_linear scores to keep log R finite
warning: clamping 2/4096 shifted_linear scores to keep log R finite
warning: clamping 1/4096 shifted_linear scores to keep log R finite
warning: clamping 1/4096 shifted_linear scores to keep log R finite
step=01500 loss=0.0012 reverse_nll=0.0000 ESS=0.993 batch_outcomes=4096 batch_topologies=4096 seen=6148096
warning: clamping 3/4096 shifted_linear scores to keep log R finite
warning: clamping 3/4096 shifted_linear scores to keep log R finite
warning: clamping 1/4096 shifted_linear scores to keep log R finite
warning: clamping 1/4096 shifted_linear scores to keep log R finite
warning: clamping 1/4096 shifted_linear scores to keep log R finite
warning: clamping 1/4096 shifted_linear scores to keep log R finite
warning: clamping 1/4096 shifted_linear scores to keep log R finite
warning: clamping 1/4096 shifted_linear scores to keep log R finite
warning: clamping 1/4096 shifted_linear scores to keep log R finite
warning: clamping 1/4096 shifted_linear scores to keep log R finite
warning: clamping 1/4096 shifted_linear scores to keep log R finite
warning: clamping 1/4096 shifted_linear scores to keep log R finite
warning: clamping 1/4096 shifted_linear scores to keep log R finite
warning: clamping 1/4096 shifted_linear scores to keep log R finite
step=01525 loss=0.0001 reverse_nll=0.0000 ESS=0.993 batch_outcomes=4096 batch_topologies=4095 seen=6250496
warning: clamping 1/4096 shifted_linear scores to keep log R finite
warning: clamping 1/4096 shifted_linear scores to keep log R finite
warning: clamping 2/4096 shifted_linear scores to keep log R finite
warning: clamping 2/4096 shifted_linear scores to keep log R finite
warning: clamping 1/4096 shifted_linear scores to keep log R finite
warning: clamping 1/4096 shifted_linear scores to keep log R finite
warning: clamping 1/4096 shifted_linear scores to keep log R finite
warning: clamping 1/4096 shifted_linear scores to keep log R finite
warning: clamping 1/4096 shifted_linear scores to keep log R finite
warning: clamping 1/4096 shifted_linear scores to keep log R finite
warning: clamping 1/4096 shifted_linear scores to keep log R finite
warning: clamping 1/4096 shifted_linear scores to keep log R finite
warning: clamping 1/4096 shifted_linear scores to keep log R finite
warning: clamping 1/4096 shifted_linear scores to keep log R finite
warning: clamping 1/4096 shifted_linear scores to keep log R finite
warning: clamping 1/4096 shifted_linear scores to keep log R finite
step=01550 loss=0.0014 reverse_nll=0.0000 ESS=0.993 batch_outcomes=4096 batch_topologies=4096 seen=6352896
warning: clamping 1/4096 shifted_linear scores to keep log R finite
warning: clamping 1/4096 shifted_linear scores to keep log R finite
warning: clamping 1/4096 shifted_linear scores to keep log R finite
warning: clamping 1/4096 shifted_linear scores to keep log R finite
warning: clamping 1/4096 shifted_linear scores to keep log R finite
warning: clamping 1/4096 shifted_linear scores to keep log R finite
warning: clamping 1/4096 shifted_linear scores to keep log R finite
warning: clamping 1/4096 shifted_linear scores to keep log R finite
warning: clamping 1/4096 shifted_linear scores to keep log R finite
warning: clamping 1/4096 shifted_linear scores to keep log R finite
warning: clamping 1/4096 shifted_linear scores to keep log R finite
warning: clamping 1/4096 shifted_linear scores to keep log R finite
warning: clamping 2/4096 shifted_linear scores to keep log R finite
warning: clamping 2/4096 shifted_linear scores to keep log R finite
warning: clamping 1/4096 shifted_linear scores to keep log R finite
warning: clamping 1/4096 shifted_linear scores to keep log R finite
step=01575 loss=0.0001 reverse_nll=0.0000 ESS=0.994 batch_outcomes=4096 batch_topologies=4096 seen=6455296
warning: clamping 1/4096 shifted_linear scores to keep log R finite
warning: clamping 1/4096 shifted_linear scores to keep log R finite
warning: clamping 1/4096 shifted_linear scores to keep log R finite
warning: clamping 1/4096 shifted_linear scores to keep log R finite
warning: clamping 1/4096 shifted_linear scores to keep log R finite
warning: clamping 1/4096 shifted_linear scores to keep log R finite
warning: clamping 1/4096 shifted_linear scores to keep log R finite
warning: clamping 1/4096 shifted_linear scores to keep log R finite
warning: clamping 1/4096 shifted_linear scores to keep log R finite
warning: clamping 1/4096 shifted_linear scores to keep log R finite
warning: clamping 2/4096 shifted_linear scores to keep log R finite
warning: clamping 2/4096 shifted_linear scores to keep log R finite
warning: clamping 1/4096 shifted_linear scores to keep log R finite
warning: clamping 1/4096 shifted_linear scores to keep log R finite
warning: clamping 1/4096 shifted_linear scores to keep log R finite
warning: clamping 1/4096 shifted_linear scores to keep log R finite
warning: clamping 1/4096 shifted_linear scores to keep log R finite
warning: clamping 1/4096 shifted_linear scores to keep log R finite
step=01600 loss=-0.0004 reverse_nll=0.0000 ESS=0.993 batch_outcomes=4096 batch_topologies=4096 seen=6557696
warning: clamping 1/4096 shifted_linear scores to keep log R finite
warning: clamping 1/4096 shifted_linear scores to keep log R finite
warning: clamping 1/4096 shifted_linear scores to keep log R finite
warning: clamping 1/4096 shifted_linear scores to keep log R finite
warning: clamping 1/4096 shifted_linear scores to keep log R finite
warning: clamping 1/4096 shifted_linear scores to keep log R finite
warning: clamping 1/4096 shifted_linear scores to keep log R finite
warning: clamping 1/4096 shifted_linear scores to keep log R finite
warning: clamping 1/4096 shifted_linear scores to keep log R finite
warning: clamping 1/4096 shifted_linear scores to keep log R finite
warning: clamping 2/4096 shifted_linear scores to keep log R finite
warning: clamping 2/4096 shifted_linear scores to keep log R finite
warning: clamping 2/4096 shifted_linear scores to keep log R finite
warning: clamping 2/4096 shifted_linear scores to keep log R finite
step=01625 loss=-0.0009 reverse_nll=0.0000 ESS=0.993 batch_outcomes=4096 batch_topologies=4096 seen=6660096
warning: clamping 1/4096 shifted_linear scores to keep log R finite
warning: clamping 1/4096 shifted_linear scores to keep log R finite
warning: clamping 1/4096 shifted_linear scores to keep log R finite
warning: clamping 1/4096 shifted_linear scores to keep log R finite
warning: clamping 1/4096 shifted_linear scores to keep log R finite
warning: clamping 1/4096 shifted_linear scores to keep log R finite
warning: clamping 1/4096 shifted_linear scores to keep log R finite
warning: clamping 1/4096 shifted_linear scores to keep log R finite
warning: clamping 1/4096 shifted_linear scores to keep log R finite
warning: clamping 1/4096 shifted_linear scores to keep log R finite
warning: clamping 2/4096 shifted_linear scores to keep log R finite
warning: clamping 2/4096 shifted_linear scores to keep log R finite
warning: clamping 1/4096 shifted_linear scores to keep log R finite
warning: clamping 1/4096 shifted_linear scores to keep log R finite
warning: clamping 1/4096 shifted_linear scores to keep log R finite
warning: clamping 1/4096 shifted_linear scores to keep log R finite
step=01650 loss=-0.0002 reverse_nll=0.0000 ESS=0.994 batch_outcomes=4096 batch_topologies=4096 seen=6762496
warning: clamping 2/4096 shifted_linear scores to keep log R finite
warning: clamping 2/4096 shifted_linear scores to keep log R finite
warning: clamping 1/4096 shifted_linear scores to keep log R finite
warning: clamping 1/4096 shifted_linear scores to keep log R finite
warning: clamping 1/4096 shifted_linear scores to keep log R finite
warning: clamping 1/4096 shifted_linear scores to keep log R finite
warning: clamping 1/4096 shifted_linear scores to keep log R finite
warning: clamping 1/4096 shifted_linear scores to keep log R finite
warning: clamping 1/4096 shifted_linear scores to keep log R finite
warning: clamping 1/4096 shifted_linear scores to keep log R finite
warning: clamping 1/4096 shifted_linear scores to keep log R finite
warning: clamping 1/4096 shifted_linear scores to keep log R finite
warning: clamping 1/4096 shifted_linear scores to keep log R finite
warning: clamping 1/4096 shifted_linear scores to keep log R finite
warning: clamping 1/4096 shifted_linear scores to keep log R finite
warning: clamping 1/4096 shifted_linear scores to keep log R finite
warning: clamping 1/4096 shifted_linear scores to keep log R finite
warning: clamping 1/4096 shifted_linear scores to keep log R finite
warning: clamping 1/4096 shifted_linear scores to keep log R finite
warning: clamping 1/4096 shifted_linear scores to keep log R finite
warning: clamping 1/4096 shifted_linear scores to keep log R finite
warning: clamping 1/4096 shifted_linear scores to keep log R finite
step=01675 loss=0.0005 reverse_nll=0.0000 ESS=0.994 batch_outcomes=4096 batch_topologies=4096 seen=6864896
warning: clamping 1/4096 shifted_linear scores to keep log R finite
warning: clamping 1/4096 shifted_linear scores to keep log R finite
warning: clamping 1/4096 shifted_linear scores to keep log R finite
warning: clamping 1/4096 shifted_linear scores to keep log R finite
warning: clamping 2/4096 shifted_linear scores to keep log R finite
warning: clamping 2/4096 shifted_linear scores to keep log R finite
warning: clamping 1/4096 shifted_linear scores to keep log R finite
warning: clamping 1/4096 shifted_linear scores to keep log R finite
warning: clamping 1/4096 shifted_linear scores to keep log R finite
warning: clamping 1/4096 shifted_linear scores to keep log R finite
warning: clamping 2/4096 shifted_linear scores to keep log R finite
warning: clamping 2/4096 shifted_linear scores to keep log R finite
warning: clamping 1/4096 shifted_linear scores to keep log R finite
warning: clamping 1/4096 shifted_linear scores to keep log R finite
warning: clamping 1/4096 shifted_linear scores to keep log R finite
warning: clamping 1/4096 shifted_linear scores to keep log R finite
step=01700 loss=-0.0009 reverse_nll=0.0000 ESS=0.994 batch_outcomes=4096 batch_topologies=4096 seen=6967296
warning: clamping 1/4096 shifted_linear scores to keep log R finite
warning: clamping 1/4096 shifted_linear scores to keep log R finite
warning: clamping 1/4096 shifted_linear scores to keep log R finite
warning: clamping 1/4096 shifted_linear scores to keep log R finite
warning: clamping 1/4096 shifted_linear scores to keep log R finite
warning: clamping 1/4096 shifted_linear scores to keep log R finite
warning: clamping 2/4096 shifted_linear scores to keep log R finite
warning: clamping 2/4096 shifted_linear scores to keep log R finite
warning: clamping 1/4096 shifted_linear scores to keep log R finite
warning: clamping 1/4096 shifted_linear scores to keep log R finite
warning: clamping 1/4096 shifted_linear scores to keep log R finite
warning: clamping 1/4096 shifted_linear scores to keep log R finite
warning: clamping 2/4096 shifted_linear scores to keep log R finite
warning: clamping 2/4096 shifted_linear scores to keep log R finite
warning: clamping 1/4096 shifted_linear scores to keep log R finite
warning: clamping 1/4096 shifted_linear scores to keep log R finite
warning: clamping 1/4096 shifted_linear scores to keep log R finite
warning: clamping 1/4096 shifted_linear scores to keep log R finite
step=01725 loss=0.0012 reverse_nll=0.0000 ESS=0.993 batch_outcomes=4096 batch_topologies=4096 seen=7069696
warning: clamping 1/4096 shifted_linear scores to keep log R finite
warning: clamping 1/4096 shifted_linear scores to keep log R finite
warning: clamping 1/4096 shifted_linear scores to keep log R finite
warning: clamping 1/4096 shifted_linear scores to keep log R finite
warning: clamping 1/4096 shifted_linear scores to keep log R finite
warning: clamping 1/4096 shifted_linear scores to keep log R finite
warning: clamping 2/4096 shifted_linear scores to keep log R finite
warning: clamping 2/4096 shifted_linear scores to keep log R finite
warning: clamping 1/4096 shifted_linear scores to keep log R finite
warning: clamping 1/4096 shifted_linear scores to keep log R finite
warning: clamping 1/4096 shifted_linear scores to keep log R finite
warning: clamping 1/4096 shifted_linear scores to keep log R finite
warning: clamping 1/4096 shifted_linear scores to keep log R finite
warning: clamping 1/4096 shifted_linear scores to keep log R finite
warning: clamping 1/4096 shifted_linear scores to keep log R finite
warning: clamping 1/4096 shifted_linear scores to keep log R finite
warning: clamping 2/4096 shifted_linear scores to keep log R finite
warning: clamping 2/4096 shifted_linear scores to keep log R finite
warning: clamping 1/4096 shifted_linear scores to keep log R finite
warning: clamping 1/4096 shifted_linear scores to keep log R finite
warning: clamping 1/4096 shifted_linear scores to keep log R finite
warning: clamping 1/4096 shifted_linear scores to keep log R finite
warning: clamping 1/4096 shifted_linear scores to keep log R finite
warning: clamping 1/4096 shifted_linear scores to keep log R finite
step=01750 loss=-0.0015 reverse_nll=0.0000 ESS=0.993 batch_outcomes=4096 batch_topologies=4096 seen=7172096
warning: clamping 2/4096 shifted_linear scores to keep log R finite
warning: clamping 2/4096 shifted_linear scores to keep log R finite
warning: clamping 2/4096 shifted_linear scores to keep log R finite
warning: clamping 2/4096 shifted_linear scores to keep log R finite
warning: clamping 2/4096 shifted_linear scores to keep log R finite
warning: clamping 2/4096 shifted_linear scores to keep log R finite
warning: clamping 2/4096 shifted_linear scores to keep log R finite
warning: clamping 2/4096 shifted_linear scores to keep log R finite
warning: clamping 1/4096 shifted_linear scores to keep log R finite
warning: clamping 1/4096 shifted_linear scores to keep log R finite
warning: clamping 2/4096 shifted_linear scores to keep log R finite
warning: clamping 2/4096 shifted_linear scores to keep log R finite
warning: clamping 1/4096 shifted_linear scores to keep log R finite
warning: clamping 1/4096 shifted_linear scores to keep log R finite
warning: clamping 1/4096 shifted_linear scores to keep log R finite
warning: clamping 1/4096 shifted_linear scores to keep log R finite
warning: clamping 2/4096 shifted_linear scores to keep log R finite
warning: clamping 2/4096 shifted_linear scores to keep log R finite
step=01775 loss=0.0018 reverse_nll=0.0000 ESS=0.994 batch_outcomes=4096 batch_topologies=4096 seen=7274496
warning: clamping 1/4096 shifted_linear scores to keep log R finite
warning: clamping 1/4096 shifted_linear scores to keep log R finite
warning: clamping 1/4096 shifted_linear scores to keep log R finite
warning: clamping 1/4096 shifted_linear scores to keep log R finite
warning: clamping 1/4096 shifted_linear scores to keep log R finite
warning: clamping 1/4096 shifted_linear scores to keep log R finite
warning: clamping 1/4096 shifted_linear scores to keep log R finite
warning: clamping 1/4096 shifted_linear scores to keep log R finite
warning: clamping 1/4096 shifted_linear scores to keep log R finite
warning: clamping 1/4096 shifted_linear scores to keep log R finite
step=01800 loss=0.0014 reverse_nll=0.0000 ESS=0.993 batch_outcomes=4096 batch_topologies=4096 seen=7376896
warning: clamping 1/4096 shifted_linear scores to keep log R finite
warning: clamping 1/4096 shifted_linear scores to keep log R finite
warning: clamping 1/4096 shifted_linear scores to keep log R finite
warning: clamping 1/4096 shifted_linear scores to keep log R finite
warning: clamping 1/4096 shifted_linear scores to keep log R finite
warning: clamping 1/4096 shifted_linear scores to keep log R finite
warning: clamping 2/4096 shifted_linear scores to keep log R finite
warning: clamping 2/4096 shifted_linear scores to keep log R finite
warning: clamping 1/4096 shifted_linear scores to keep log R finite
warning: clamping 1/4096 shifted_linear scores to keep log R finite
warning: clamping 1/4096 shifted_linear scores to keep log R finite
warning: clamping 1/4096 shifted_linear scores to keep log R finite
warning: clamping 1/4096 shifted_linear scores to keep log R finite
warning: clamping 1/4096 shifted_linear scores to keep log R finite
warning: clamping 1/4096 shifted_linear scores to keep log R finite
warning: clamping 1/4096 shifted_linear scores to keep log R finite
step=01825 loss=0.0002 reverse_nll=0.0000 ESS=0.994 batch_outcomes=4096 batch_topologies=4096 seen=7479296
warning: clamping 1/4096 shifted_linear scores to keep log R finite
warning: clamping 1/4096 shifted_linear scores to keep log R finite
warning: clamping 1/4096 shifted_linear scores to keep log R finite
warning: clamping 1/4096 shifted_linear scores to keep log R finite
warning: clamping 1/4096 shifted_linear scores to keep log R finite
warning: clamping 1/4096 shifted_linear scores to keep log R finite
warning: clamping 1/4096 shifted_linear scores to keep log R finite
warning: clamping 1/4096 shifted_linear scores to keep log R finite
warning: clamping 1/4096 shifted_linear scores to keep log R finite
warning: clamping 1/4096 shifted_linear scores to keep log R finite
warning: clamping 1/4096 shifted_linear scores to keep log R finite
warning: clamping 1/4096 shifted_linear scores to keep log R finite
warning: clamping 1/4096 shifted_linear scores to keep log R finite
warning: clamping 1/4096 shifted_linear scores to keep log R finite
warning: clamping 1/4096 shifted_linear scores to keep log R finite
warning: clamping 1/4096 shifted_linear scores to keep log R finite
step=01850 loss=0.0008 reverse_nll=0.0000 ESS=0.993 batch_outcomes=4096 batch_topologies=4096 seen=7581696
warning: clamping 1/4096 shifted_linear scores to keep log R finite
warning: clamping 1/4096 shifted_linear scores to keep log R finite
warning: clamping 1/4096 shifted_linear scores to keep log R finite
warning: clamping 1/4096 shifted_linear scores to keep log R finite
warning: clamping 1/4096 shifted_linear scores to keep log R finite
warning: clamping 1/4096 shifted_linear scores to keep log R finite
warning: clamping 1/4096 shifted_linear scores to keep log R finite
warning: clamping 1/4096 shifted_linear scores to keep log R finite
warning: clamping 1/4096 shifted_linear scores to keep log R finite
warning: clamping 1/4096 shifted_linear scores to keep log R finite
warning: clamping 2/4096 shifted_linear scores to keep log R finite
warning: clamping 2/4096 shifted_linear scores to keep log R finite
warning: clamping 1/4096 shifted_linear scores to keep log R finite
warning: clamping 1/4096 shifted_linear scores to keep log R finite
warning: clamping 1/4096 shifted_linear scores to keep log R finite
warning: clamping 1/4096 shifted_linear scores to keep log R finite
step=01875 loss=-0.0002 reverse_nll=0.0000 ESS=0.994 batch_outcomes=4096 batch_topologies=4095 seen=7684096
warning: clamping 1/4096 shifted_linear scores to keep log R finite
warning: clamping 1/4096 shifted_linear scores to keep log R finite
warning: clamping 1/4096 shifted_linear scores to keep log R finite
warning: clamping 1/4096 shifted_linear scores to keep log R finite
warning: clamping 1/4096 shifted_linear scores to keep log R finite
warning: clamping 1/4096 shifted_linear scores to keep log R finite
warning: clamping 3/4096 shifted_linear scores to keep log R finite
warning: clamping 3/4096 shifted_linear scores to keep log R finite
warning: clamping 1/4096 shifted_linear scores to keep log R finite
warning: clamping 1/4096 shifted_linear scores to keep log R finite
warning: clamping 1/4096 shifted_linear scores to keep log R finite
warning: clamping 1/4096 shifted_linear scores to keep log R finite
warning: clamping 1/4096 shifted_linear scores to keep log R finite
warning: clamping 1/4096 shifted_linear scores to keep log R finite
warning: clamping 1/4096 shifted_linear scores to keep log R finite
warning: clamping 1/4096 shifted_linear scores to keep log R finite
warning: clamping 1/4096 shifted_linear scores to keep log R finite
warning: clamping 1/4096 shifted_linear scores to keep log R finite
warning: clamping 3/4096 shifted_linear scores to keep log R finite
warning: clamping 3/4096 shifted_linear scores to keep log R finite
warning: clamping 1/4096 shifted_linear scores to keep log R finite
warning: clamping 1/4096 shifted_linear scores to keep log R finite
warning: clamping 1/4096 shifted_linear scores to keep log R finite
warning: clamping 1/4096 shifted_linear scores to keep log R finite
step=01900 loss=-0.0007 reverse_nll=0.0000 ESS=0.994 batch_outcomes=4096 batch_topologies=4094 seen=7786496
warning: clamping 2/4096 shifted_linear scores to keep log R finite
warning: clamping 2/4096 shifted_linear scores to keep log R finite
warning: clamping 1/4096 shifted_linear scores to keep log R finite
warning: clamping 1/4096 shifted_linear scores to keep log R finite
warning: clamping 1/4096 shifted_linear scores to keep log R finite
warning: clamping 1/4096 shifted_linear scores to keep log R finite
warning: clamping 1/4096 shifted_linear scores to keep log R finite
warning: clamping 1/4096 shifted_linear scores to keep log R finite
warning: clamping 1/4096 shifted_linear scores to keep log R finite
warning: clamping 1/4096 shifted_linear scores to keep log R finite
warning: clamping 2/4096 shifted_linear scores to keep log R finite
warning: clamping 2/4096 shifted_linear scores to keep log R finite
warning: clamping 1/4096 shifted_linear scores to keep log R finite
warning: clamping 1/4096 shifted_linear scores to keep log R finite
warning: clamping 1/4096 shifted_linear scores to keep log R finite
warning: clamping 1/4096 shifted_linear scores to keep log R finite
warning: clamping 1/4096 shifted_linear scores to keep log R finite
warning: clamping 1/4096 shifted_linear scores to keep log R finite
warning: clamping 1/4096 shifted_linear scores to keep log R finite
warning: clamping 1/4096 shifted_linear scores to keep log R finite
step=01925 loss=0.0026 reverse_nll=0.0000 ESS=0.993 batch_outcomes=4096 batch_topologies=4096 seen=7888896
warning: clamping 1/4096 shifted_linear scores to keep log R finite
warning: clamping 1/4096 shifted_linear scores to keep log R finite
warning: clamping 1/4096 shifted_linear scores to keep log R finite
warning: clamping 1/4096 shifted_linear scores to keep log R finite
warning: clamping 1/4096 shifted_linear scores to keep log R finite
warning: clamping 1/4096 shifted_linear scores to keep log R finite
warning: clamping 1/4096 shifted_linear scores to keep log R finite
warning: clamping 1/4096 shifted_linear scores to keep log R finite
warning: clamping 1/4096 shifted_linear scores to keep log R finite
warning: clamping 1/4096 shifted_linear scores to keep log R finite
warning: clamping 1/4096 shifted_linear scores to keep log R finite
warning: clamping 1/4096 shifted_linear scores to keep log R finite
step=01950 loss=0.0014 reverse_nll=0.0000 ESS=0.994 batch_outcomes=4096 batch_topologies=4095 seen=7991296
warning: clamping 1/4096 shifted_linear scores to keep log R finite
warning: clamping 1/4096 shifted_linear scores to keep log R finite
warning: clamping 1/4096 shifted_linear scores to keep log R finite
warning: clamping 1/4096 shifted_linear scores to keep log R finite
warning: clamping 1/4096 shifted_linear scores to keep log R finite
warning: clamping 1/4096 shifted_linear scores to keep log R finite
warning: clamping 1/4096 shifted_linear scores to keep log R finite
warning: clamping 1/4096 shifted_linear scores to keep log R finite
warning: clamping 1/4096 shifted_linear scores to keep log R finite
warning: clamping 1/4096 shifted_linear scores to keep log R finite
step=01975 loss=-0.0013 reverse_nll=0.0000 ESS=0.994 batch_outcomes=4096 batch_topologies=4096 seen=8093696
warning: clamping 1/4096 shifted_linear scores to keep log R finite
warning: clamping 1/4096 shifted_linear scores to keep log R finite
warning: clamping 2/4096 shifted_linear scores to keep log R finite
warning: clamping 2/4096 shifted_linear scores to keep log R finite
warning: clamping 1/4096 shifted_linear scores to keep log R finite
warning: clamping 1/4096 shifted_linear scores to keep log R finite
warning: clamping 3/4096 shifted_linear scores to keep log R finite
warning: clamping 3/4096 shifted_linear scores to keep log R finite
warning: clamping 1/4096 shifted_linear scores to keep log R finite
warning: clamping 1/4096 shifted_linear scores to keep log R finite
warning: clamping 1/4096 shifted_linear scores to keep log R finite
warning: clamping 1/4096 shifted_linear scores to keep log R finite
warning: clamping 1/4096 shifted_linear scores to keep log R finite
warning: clamping 1/4096 shifted_linear scores to keep log R finite
warning: clamping 1/4096 shifted_linear scores to keep log R finite
warning: clamping 1/4096 shifted_linear scores to keep log R finite
warning: clamping 1/4096 shifted_linear scores to keep log R finite
warning: clamping 1/4096 shifted_linear scores to keep log R finite
step=02000 loss=-0.0005 reverse_nll=0.0000 ESS=0.993 batch_outcomes=4096 batch_topologies=4096 seen=8196096
warning: clamping 1/4096 shifted_linear scores to keep log R finite
warning: clamping 1/4096 shifted_linear scores to keep log R finite
warning: clamping 1/4096 shifted_linear scores to keep log R finite
warning: clamping 1/4096 shifted_linear scores to keep log R finite
warning: clamping 1/4096 shifted_linear scores to keep log R finite
warning: clamping 1/4096 shifted_linear scores to keep log R finite
warning: clamping 1/4096 shifted_linear scores to keep log R finite
warning: clamping 1/4096 shifted_linear scores to keep log R finite
warning: clamping 1/4096 shifted_linear scores to keep log R finite
warning: clamping 1/4096 shifted_linear scores to keep log R finite
warning: clamping 1/4096 shifted_linear scores to keep log R finite
warning: clamping 1/4096 shifted_linear scores to keep log R finite
warning: clamping 1/4096 shifted_linear scores to keep log R finite
warning: clamping 1/4096 shifted_linear scores to keep log R finite
warning: clamping 1/4096 shifted_linear scores to keep log R finite
warning: clamping 1/4096 shifted_linear scores to keep log R finite
warning: clamping 1/4096 shifted_linear scores to keep log R finite
warning: clamping 1/4096 shifted_linear scores to keep log R finite
warning: clamping 1/4096 shifted_linear scores to keep log R finite
warning: clamping 1/4096 shifted_linear scores to keep log R finite
step=02025 loss=-0.0012 reverse_nll=0.0000 ESS=0.994 batch_outcomes=4096 batch_topologies=4094 seen=8298496
warning: clamping 1/4096 shifted_linear scores to keep log R finite
warning: clamping 1/4096 shifted_linear scores to keep log R finite
warning: clamping 1/4096 shifted_linear scores to keep log R finite
warning: clamping 1/4096 shifted_linear scores to keep log R finite
warning: clamping 1/4096 shifted_linear scores to keep log R finite
warning: clamping 1/4096 shifted_linear scores to keep log R finite
warning: clamping 1/4096 shifted_linear scores to keep log R finite
warning: clamping 1/4096 shifted_linear scores to keep log R finite
warning: clamping 1/4096 shifted_linear scores to keep log R finite
warning: clamping 1/4096 shifted_linear scores to keep log R finite
warning: clamping 2/4096 shifted_linear scores to keep log R finite
warning: clamping 2/4096 shifted_linear scores to keep log R finite
warning: clamping 1/4096 shifted_linear scores to keep log R finite
warning: clamping 1/4096 shifted_linear scores to keep log R finite
warning: clamping 1/4096 shifted_linear scores to keep log R finite
warning: clamping 1/4096 shifted_linear scores to keep log R finite
warning: clamping 2/4096 shifted_linear scores to keep log R finite
warning: clamping 2/4096 shifted_linear scores to keep log R finite
step=02050 loss=0.0017 reverse_nll=0.0000 ESS=0.993 batch_outcomes=4096 batch_topologies=4096 seen=8400895
warning: clamping 1/4096 shifted_linear scores to keep log R finite
warning: clamping 1/4096 shifted_linear scores to keep log R finite
warning: clamping 1/4096 shifted_linear scores to keep log R finite
warning: clamping 1/4096 shifted_linear scores to keep log R finite
warning: clamping 1/4096 shifted_linear scores to keep log R finite
warning: clamping 1/4096 shifted_linear scores to keep log R finite
warning: clamping 1/4096 shifted_linear scores to keep log R finite
warning: clamping 1/4096 shifted_linear scores to keep log R finite
warning: clamping 1/4096 shifted_linear scores to keep log R finite
warning: clamping 1/4096 shifted_linear scores to keep log R finite
warning: clamping 1/4096 shifted_linear scores to keep log R finite
warning: clamping 1/4096 shifted_linear scores to keep log R finite
warning: clamping 1/4096 shifted_linear scores to keep log R finite
warning: clamping 1/4096 shifted_linear scores to keep log R finite
warning: clamping 1/4096 shifted_linear scores to keep log R finite
warning: clamping 1/4096 shifted_linear scores to keep log R finite
warning: clamping 1/4096 shifted_linear scores to keep log R finite
warning: clamping 1/4096 shifted_linear scores to keep log R finite
warning: clamping 2/4096 shifted_linear scores to keep log R finite
warning: clamping 2/4096 shifted_linear scores to keep log R finite
warning: clamping 1/4096 shifted_linear scores to keep log R finite
warning: clamping 1/4096 shifted_linear scores to keep log R finite
warning: clamping 1/4096 shifted_linear scores to keep log R finite
warning: clamping 1/4096 shifted_linear scores to keep log R finite
step=02075 loss=-0.0014 reverse_nll=0.0000 ESS=0.993 batch_outcomes=4096 batch_topologies=4095 seen=8503295
warning: clamping 1/4096 shifted_linear scores to keep log R finite
warning: clamping 1/4096 shifted_linear scores to keep log R finite
warning: clamping 2/4096 shifted_linear scores to keep log R finite
warning: clamping 2/4096 shifted_linear scores to keep log R finite
warning: clamping 1/4096 shifted_linear scores to keep log R finite
warning: clamping 1/4096 shifted_linear scores to keep log R finite
warning: clamping 1/4096 shifted_linear scores to keep log R finite
warning: clamping 1/4096 shifted_linear scores to keep log R finite
warning: clamping 1/4096 shifted_linear scores to keep log R finite
warning: clamping 1/4096 shifted_linear scores to keep log R finite
warning: clamping 1/4096 shifted_linear scores to keep log R finite
warning: clamping 1/4096 shifted_linear scores to keep log R finite
warning: clamping 2/4096 shifted_linear scores to keep log R finite
warning: clamping 2/4096 shifted_linear scores to keep log R finite
warning: clamping 1/4096 shifted_linear scores to keep log R finite
warning: clamping 1/4096 shifted_linear scores to keep log R finite
step=02100 loss=0.0000 reverse_nll=0.0000 ESS=0.995 batch_outcomes=4096 batch_topologies=4096 seen=8605695
warning: clamping 2/4096 shifted_linear scores to keep log R finite
warning: clamping 2/4096 shifted_linear scores to keep log R finite
warning: clamping 1/4096 shifted_linear scores to keep log R finite
warning: clamping 1/4096 shifted_linear scores to keep log R finite
warning: clamping 2/4096 shifted_linear scores to keep log R finite
warning: clamping 2/4096 shifted_linear scores to keep log R finite
warning: clamping 1/4096 shifted_linear scores to keep log R finite
warning: clamping 1/4096 shifted_linear scores to keep log R finite
warning: clamping 1/4096 shifted_linear scores to keep log R finite
warning: clamping 1/4096 shifted_linear scores to keep log R finite
warning: clamping 2/4096 shifted_linear scores to keep log R finite
warning: clamping 2/4096 shifted_linear scores to keep log R finite
warning: clamping 1/4096 shifted_linear scores to keep log R finite
warning: clamping 1/4096 shifted_linear scores to keep log R finite
warning: clamping 1/4096 shifted_linear scores to keep log R finite
warning: clamping 1/4096 shifted_linear scores to keep log R finite
warning: clamping 1/4096 shifted_linear scores to keep log R finite
warning: clamping 1/4096 shifted_linear scores to keep log R finite
step=02125 loss=0.0005 reverse_nll=0.0000 ESS=0.994 batch_outcomes=4096 batch_topologies=4096 seen=8708095
warning: clamping 1/4096 shifted_linear scores to keep log R finite
warning: clamping 1/4096 shifted_linear scores to keep log R finite
warning: clamping 1/4096 shifted_linear scores to keep log R finite
warning: clamping 1/4096 shifted_linear scores to keep log R finite
warning: clamping 2/4096 shifted_linear scores to keep log R finite
warning: clamping 2/4096 shifted_linear scores to keep log R finite
warning: clamping 1/4096 shifted_linear scores to keep log R finite
warning: clamping 1/4096 shifted_linear scores to keep log R finite
warning: clamping 1/4096 shifted_linear scores to keep log R finite
warning: clamping 1/4096 shifted_linear scores to keep log R finite
warning: clamping 1/4096 shifted_linear scores to keep log R finite
warning: clamping 1/4096 shifted_linear scores to keep log R finite
warning: clamping 3/4096 shifted_linear scores to keep log R finite
warning: clamping 3/4096 shifted_linear scores to keep log R finite
step=02150 loss=-0.0002 reverse_nll=0.0000 ESS=0.993 batch_outcomes=4096 batch_topologies=4096 seen=8810495
warning: clamping 1/4096 shifted_linear scores to keep log R finite
warning: clamping 1/4096 shifted_linear scores to keep log R finite
warning: clamping 1/4096 shifted_linear scores to keep log R finite
warning: clamping 1/4096 shifted_linear scores to keep log R finite
warning: clamping 1/4096 shifted_linear scores to keep log R finite
warning: clamping 1/4096 shifted_linear scores to keep log R finite
warning: clamping 1/4096 shifted_linear scores to keep log R finite
warning: clamping 1/4096 shifted_linear scores to keep log R finite
warning: clamping 1/4096 shifted_linear scores to keep log R finite
warning: clamping 1/4096 shifted_linear scores to keep log R finite
warning: clamping 1/4096 shifted_linear scores to keep log R finite
warning: clamping 1/4096 shifted_linear scores to keep log R finite
warning: clamping 2/4096 shifted_linear scores to keep log R finite
warning: clamping 2/4096 shifted_linear scores to keep log R finite
warning: clamping 1/4096 shifted_linear scores to keep log R finite
warning: clamping 1/4096 shifted_linear scores to keep log R finite
warning: clamping 1/4096 shifted_linear scores to keep log R finite
warning: clamping 1/4096 shifted_linear scores to keep log R finite
step=02175 loss=0.0018 reverse_nll=0.0000 ESS=0.994 batch_outcomes=4096 batch_topologies=4096 seen=8912895
warning: clamping 1/4096 shifted_linear scores to keep log R finite
warning: clamping 1/4096 shifted_linear scores to keep log R finite
warning: clamping 1/4096 shifted_linear scores to keep log R finite
warning: clamping 1/4096 shifted_linear scores to keep log R finite
warning: clamping 1/4096 shifted_linear scores to keep log R finite
warning: clamping 1/4096 shifted_linear scores to keep log R finite
warning: clamping 1/4096 shifted_linear scores to keep log R finite
warning: clamping 1/4096 shifted_linear scores to keep log R finite
warning: clamping 1/4096 shifted_linear scores to keep log R finite
warning: clamping 1/4096 shifted_linear scores to keep log R finite
warning: clamping 1/4096 shifted_linear scores to keep log R finite
warning: clamping 1/4096 shifted_linear scores to keep log R finite
warning: clamping 1/4096 shifted_linear scores to keep log R finite
warning: clamping 1/4096 shifted_linear scores to keep log R finite
warning: clamping 2/4096 shifted_linear scores to keep log R finite
warning: clamping 2/4096 shifted_linear scores to keep log R finite
step=02200 loss=0.0011 reverse_nll=0.0000 ESS=0.994 batch_outcomes=4096 batch_topologies=4096 seen=9015295
warning: clamping 1/4096 shifted_linear scores to keep log R finite
warning: clamping 1/4096 shifted_linear scores to keep log R finite
warning: clamping 2/4096 shifted_linear scores to keep log R finite
warning: clamping 2/4096 shifted_linear scores to keep log R finite
warning: clamping 1/4096 shifted_linear scores to keep log R finite
warning: clamping 1/4096 shifted_linear scores to keep log R finite
warning: clamping 1/4096 shifted_linear scores to keep log R finite
warning: clamping 1/4096 shifted_linear scores to keep log R finite
warning: clamping 1/4096 shifted_linear scores to keep log R finite
warning: clamping 1/4096 shifted_linear scores to keep log R finite
warning: clamping 1/4096 shifted_linear scores to keep log R finite
warning: clamping 1/4096 shifted_linear scores to keep log R finite
warning: clamping 1/4096 shifted_linear scores to keep log R finite
warning: clamping 1/4096 shifted_linear scores to keep log R finite
step=02225 loss=-0.0004 reverse_nll=0.0000 ESS=0.994 batch_outcomes=4096 batch_topologies=4096 seen=9117695
warning: clamping 1/4096 shifted_linear scores to keep log R finite
warning: clamping 1/4096 shifted_linear scores to keep log R finite
warning: clamping 1/4096 shifted_linear scores to keep log R finite
warning: clamping 1/4096 shifted_linear scores to keep log R finite
warning: clamping 1/4096 shifted_linear scores to keep log R finite
warning: clamping 1/4096 shifted_linear scores to keep log R finite
warning: clamping 1/4096 shifted_linear scores to keep log R finite
warning: clamping 1/4096 shifted_linear scores to keep log R finite
warning: clamping 1/4096 shifted_linear scores to keep log R finite
warning: clamping 1/4096 shifted_linear scores to keep log R finite
warning: clamping 2/4096 shifted_linear scores to keep log R finite
warning: clamping 2/4096 shifted_linear scores to keep log R finite
warning: clamping 1/4096 shifted_linear scores to keep log R finite
warning: clamping 1/4096 shifted_linear scores to keep log R finite
warning: clamping 2/4096 shifted_linear scores to keep log R finite
warning: clamping 2/4096 shifted_linear scores to keep log R finite
warning: clamping 1/4096 shifted_linear scores to keep log R finite
warning: clamping 1/4096 shifted_linear scores to keep log R finite
step=02250 loss=0.0012 reverse_nll=0.0000 ESS=0.994 batch_outcomes=4096 batch_topologies=4096 seen=9220095
warning: clamping 1/4096 shifted_linear scores to keep log R finite
warning: clamping 1/4096 shifted_linear scores to keep log R finite
warning: clamping 1/4096 shifted_linear scores to keep log R finite
warning: clamping 1/4096 shifted_linear scores to keep log R finite
warning: clamping 1/4096 shifted_linear scores to keep log R finite
warning: clamping 1/4096 shifted_linear scores to keep log R finite
warning: clamping 1/4096 shifted_linear scores to keep log R finite
warning: clamping 1/4096 shifted_linear scores to keep log R finite
warning: clamping 1/4096 shifted_linear scores to keep log R finite
warning: clamping 1/4096 shifted_linear scores to keep log R finite
warning: clamping 1/4096 shifted_linear scores to keep log R finite
warning: clamping 1/4096 shifted_linear scores to keep log R finite
warning: clamping 2/4096 shifted_linear scores to keep log R finite
warning: clamping 2/4096 shifted_linear scores to keep log R finite
warning: clamping 2/4096 shifted_linear scores to keep log R finite
warning: clamping 2/4096 shifted_linear scores to keep log R finite
step=02275 loss=0.0013 reverse_nll=0.0000 ESS=0.993 batch_outcomes=4096 batch_topologies=4096 seen=9322494
warning: clamping 1/4096 shifted_linear scores to keep log R finite
warning: clamping 1/4096 shifted_linear scores to keep log R finite
warning: clamping 1/4096 shifted_linear scores to keep log R finite
warning: clamping 1/4096 shifted_linear scores to keep log R finite
warning: clamping 1/4096 shifted_linear scores to keep log R finite
warning: clamping 1/4096 shifted_linear scores to keep log R finite
warning: clamping 1/4096 shifted_linear scores to keep log R finite
warning: clamping 1/4096 shifted_linear scores to keep log R finite
warning: clamping 1/4096 shifted_linear scores to keep log R finite
warning: clamping 1/4096 shifted_linear scores to keep log R finite
warning: clamping 1/4096 shifted_linear scores to keep log R finite
warning: clamping 1/4096 shifted_linear scores to keep log R finite
warning: clamping 1/4096 shifted_linear scores to keep log R finite
warning: clamping 1/4096 shifted_linear scores to keep log R finite
warning: clamping 1/4096 shifted_linear scores to keep log R finite
warning: clamping 1/4096 shifted_linear scores to keep log R finite
step=02300 loss=-0.0006 reverse_nll=0.0000 ESS=0.994 batch_outcomes=4096 batch_topologies=4096 seen=9424894
warning: clamping 1/4096 shifted_linear scores to keep log R finite
warning: clamping 1/4096 shifted_linear scores to keep log R finite
warning: clamping 1/4096 shifted_linear scores to keep log R finite
warning: clamping 1/4096 shifted_linear scores to keep log R finite
warning: clamping 1/4096 shifted_linear scores to keep log R finite
warning: clamping 1/4096 shifted_linear scores to keep log R finite
warning: clamping 2/4096 shifted_linear scores to keep log R finite
warning: clamping 2/4096 shifted_linear scores to keep log R finite
warning: clamping 1/4096 shifted_linear scores to keep log R finite
warning: clamping 1/4096 shifted_linear scores to keep log R finite
warning: clamping 2/4096 shifted_linear scores to keep log R finite
warning: clamping 2/4096 shifted_linear scores to keep log R finite
warning: clamping 1/4096 shifted_linear scores to keep log R finite
warning: clamping 1/4096 shifted_linear scores to keep log R finite
step=02325 loss=-0.0024 reverse_nll=0.0000 ESS=0.994 batch_outcomes=4096 batch_topologies=4096 seen=9527294
warning: clamping 2/4096 shifted_linear scores to keep log R finite
warning: clamping 2/4096 shifted_linear scores to keep log R finite
warning: clamping 1/4096 shifted_linear scores to keep log R finite
warning: clamping 1/4096 shifted_linear scores to keep log R finite
warning: clamping 1/4096 shifted_linear scores to keep log R finite
warning: clamping 1/4096 shifted_linear scores to keep log R finite
warning: clamping 1/4096 shifted_linear scores to keep log R finite
warning: clamping 1/4096 shifted_linear scores to keep log R finite
warning: clamping 1/4096 shifted_linear scores to keep log R finite
warning: clamping 1/4096 shifted_linear scores to keep log R finite
warning: clamping 1/4096 shifted_linear scores to keep log R finite
warning: clamping 1/4096 shifted_linear scores to keep log R finite
warning: clamping 1/4096 shifted_linear scores to keep log R finite
warning: clamping 1/4096 shifted_linear scores to keep log R finite
warning: clamping 1/4096 shifted_linear scores to keep log R finite
warning: clamping 1/4096 shifted_linear scores to keep log R finite
step=02350 loss=-0.0016 reverse_nll=0.0000 ESS=0.993 batch_outcomes=4096 batch_topologies=4096 seen=9629694
warning: clamping 1/4096 shifted_linear scores to keep log R finite
warning: clamping 1/4096 shifted_linear scores to keep log R finite
warning: clamping 1/4096 shifted_linear scores to keep log R finite
warning: clamping 1/4096 shifted_linear scores to keep log R finite
warning: clamping 1/4096 shifted_linear scores to keep log R finite
warning: clamping 1/4096 shifted_linear scores to keep log R finite
warning: clamping 1/4096 shifted_linear scores to keep log R finite
warning: clamping 1/4096 shifted_linear scores to keep log R finite
warning: clamping 2/4096 shifted_linear scores to keep log R finite
warning: clamping 2/4096 shifted_linear scores to keep log R finite
warning: clamping 1/4096 shifted_linear scores to keep log R finite
warning: clamping 1/4096 shifted_linear scores to keep log R finite
warning: clamping 1/4096 shifted_linear scores to keep log R finite
warning: clamping 1/4096 shifted_linear scores to keep log R finite
step=02375 loss=-0.0003 reverse_nll=0.0000 ESS=0.995 batch_outcomes=4096 batch_topologies=4096 seen=9732094
warning: clamping 1/4096 shifted_linear scores to keep log R finite
warning: clamping 1/4096 shifted_linear scores to keep log R finite
warning: clamping 1/4096 shifted_linear scores to keep log R finite
warning: clamping 1/4096 shifted_linear scores to keep log R finite
warning: clamping 2/4096 shifted_linear scores to keep log R finite
warning: clamping 2/4096 shifted_linear scores to keep log R finite
warning: clamping 1/4096 shifted_linear scores to keep log R finite
warning: clamping 1/4096 shifted_linear scores to keep log R finite
warning: clamping 2/4096 shifted_linear scores to keep log R finite
warning: clamping 2/4096 shifted_linear scores to keep log R finite
warning: clamping 1/4096 shifted_linear scores to keep log R finite
warning: clamping 1/4096 shifted_linear scores to keep log R finite
warning: clamping 1/4096 shifted_linear scores to keep log R finite
warning: clamping 1/4096 shifted_linear scores to keep log R finite
warning: clamping 2/4096 shifted_linear scores to keep log R finite
warning: clamping 2/4096 shifted_linear scores to keep log R finite
step=02400 loss=-0.0008 reverse_nll=0.0000 ESS=0.994 batch_outcomes=4096 batch_topologies=4096 seen=9834494
warning: clamping 1/4096 shifted_linear scores to keep log R finite
warning: clamping 1/4096 shifted_linear scores to keep log R finite
warning: clamping 1/4096 shifted_linear scores to keep log R finite
warning: clamping 1/4096 shifted_linear scores to keep log R finite
warning: clamping 1/4096 shifted_linear scores to keep log R finite
warning: clamping 1/4096 shifted_linear scores to keep log R finite
warning: clamping 1/4096 shifted_linear scores to keep log R finite
warning: clamping 1/4096 shifted_linear scores to keep log R finite
warning: clamping 1/4096 shifted_linear scores to keep log R finite
warning: clamping 1/4096 shifted_linear scores to keep log R finite
warning: clamping 1/4096 shifted_linear scores to keep log R finite
warning: clamping 1/4096 shifted_linear scores to keep log R finite
warning: clamping 1/4096 shifted_linear scores to keep log R finite
warning: clamping 1/4096 shifted_linear scores to keep log R finite
warning: clamping 2/4096 shifted_linear scores to keep log R finite
warning: clamping 2/4096 shifted_linear scores to keep log R finite
step=02425 loss=0.0009 reverse_nll=0.0000 ESS=0.993 batch_outcomes=4096 batch_topologies=4096 seen=9936893
warning: clamping 1/4096 shifted_linear scores to keep log R finite
warning: clamping 1/4096 shifted_linear scores to keep log R finite
warning: clamping 1/4096 shifted_linear scores to keep log R finite
warning: clamping 1/4096 shifted_linear scores to keep log R finite
warning: clamping 1/4096 shifted_linear scores to keep log R finite
warning: clamping 1/4096 shifted_linear scores to keep log R finite
warning: clamping 1/4096 shifted_linear scores to keep log R finite
warning: clamping 1/4096 shifted_linear scores to keep log R finite
warning: clamping 1/4096 shifted_linear scores to keep log R finite
warning: clamping 1/4096 shifted_linear scores to keep log R finite
warning: clamping 1/4096 shifted_linear scores to keep log R finite
warning: clamping 1/4096 shifted_linear scores to keep log R finite
warning: clamping 1/4096 shifted_linear scores to keep log R finite
warning: clamping 1/4096 shifted_linear scores to keep log R finite
warning: clamping 2/4096 shifted_linear scores to keep log R finite
warning: clamping 2/4096 shifted_linear scores to keep log R finite
warning: clamping 1/4096 shifted_linear scores to keep log R finite
warning: clamping 1/4096 shifted_linear scores to keep log R finite
warning: clamping 1/4096 shifted_linear scores to keep log R finite
warning: clamping 1/4096 shifted_linear scores to keep log R finite
step=02450 loss=-0.0004 reverse_nll=0.0000 ESS=0.993 batch_outcomes=4096 batch_topologies=4096 seen=10039293
warning: clamping 1/4096 shifted_linear scores to keep log R finite
warning: clamping 1/4096 shifted_linear scores to keep log R finite
warning: clamping 1/4096 shifted_linear scores to keep log R finite
warning: clamping 1/4096 shifted_linear scores to keep log R finite
warning: clamping 1/4096 shifted_linear scores to keep log R finite
warning: clamping 1/4096 shifted_linear scores to keep log R finite
warning: clamping 1/4096 shifted_linear scores to keep log R finite
warning: clamping 1/4096 shifted_linear scores to keep log R finite
warning: clamping 1/4096 shifted_linear scores to keep log R finite
warning: clamping 1/4096 shifted_linear scores to keep log R finite
warning: clamping 1/4096 shifted_linear scores to keep log R finite
warning: clamping 1/4096 shifted_linear scores to keep log R finite
warning: clamping 1/4096 shifted_linear scores to keep log R finite
warning: clamping 1/4096 shifted_linear scores to keep log R finite
step=02475 loss=0.0001 reverse_nll=0.0000 ESS=0.994 batch_outcomes=4096 batch_topologies=4095 seen=10141692
warning: clamping 2/4096 shifted_linear scores to keep log R finite
warning: clamping 2/4096 shifted_linear scores to keep log R finite
warning: clamping 1/4096 shifted_linear scores to keep log R finite
warning: clamping 1/4096 shifted_linear scores to keep log R finite
warning: clamping 1/4096 shifted_linear scores to keep log R finite
warning: clamping 1/4096 shifted_linear scores to keep log R finite
warning: clamping 2/4096 shifted_linear scores to keep log R finite
warning: clamping 2/4096 shifted_linear scores to keep log R finite
warning: clamping 1/4096 shifted_linear scores to keep log R finite
warning: clamping 1/4096 shifted_linear scores to keep log R finite
warning: clamping 1/4096 shifted_linear scores to keep log R finite
warning: clamping 1/4096 shifted_linear scores to keep log R finite
warning: clamping 1/4096 shifted_linear scores to keep log R finite
warning: clamping 1/4096 shifted_linear scores to keep log R finite
warning: clamping 1/4096 shifted_linear scores to keep log R finite
warning: clamping 1/4096 shifted_linear scores to keep log R finite
step=02500 loss=-0.0009 reverse_nll=0.0000 ESS=0.994 batch_outcomes=4096 batch_topologies=4096 seen=10244092
warning: clamping 1/4096 shifted_linear scores to keep log R finite
warning: clamping 1/4096 shifted_linear scores to keep log R finite
warning: clamping 1/4096 shifted_linear scores to keep log R finite
warning: clamping 1/4096 shifted_linear scores to keep log R finite
warning: clamping 1/4096 shifted_linear scores to keep log R finite
warning: clamping 1/4096 shifted_linear scores to keep log R finite
warning: clamping 1/4096 shifted_linear scores to keep log R finite
warning: clamping 1/4096 shifted_linear scores to keep log R finite
warning: clamping 1/4096 shifted_linear scores to keep log R finite
warning: clamping 1/4096 shifted_linear scores to keep log R finite
warning: clamping 1/4096 shifted_linear scores to keep log R finite
warning: clamping 1/4096 shifted_linear scores to keep log R finite
warning: clamping 1/4096 shifted_linear scores to keep log R finite
warning: clamping 1/4096 shifted_linear scores to keep log R finite
warning: clamping 1/4096 shifted_linear scores to keep log R finite
warning: clamping 1/4096 shifted_linear scores to keep log R finite
warning: clamping 1/4096 shifted_linear scores to keep log R finite
warning: clamping 1/4096 shifted_linear scores to keep log R finite
warning: clamping 1/4096 shifted_linear scores to keep log R finite
warning: clamping 1/4096 shifted_linear scores to keep log R finite
step=02525 loss=-0.0004 reverse_nll=0.0000 ESS=0.994 batch_outcomes=4096 batch_topologies=4096 seen=10346492
warning: clamping 1/4096 shifted_linear scores to keep log R finite
warning: clamping 1/4096 shifted_linear scores to keep log R finite
warning: clamping 1/4096 shifted_linear scores to keep log R finite
warning: clamping 1/4096 shifted_linear scores to keep log R finite
warning: clamping 1/4096 shifted_linear scores to keep log R finite
warning: clamping 1/4096 shifted_linear scores to keep log R finite
warning: clamping 1/4096 shifted_linear scores to keep log R finite
warning: clamping 1/4096 shifted_linear scores to keep log R finite
warning: clamping 1/4096 shifted_linear scores to keep log R finite
warning: clamping 1/4096 shifted_linear scores to keep log R finite
warning: clamping 1/4096 shifted_linear scores to keep log R finite
warning: clamping 1/4096 shifted_linear scores to keep log R finite
warning: clamping 1/4096 shifted_linear scores to keep log R finite
warning: clamping 1/4096 shifted_linear scores to keep log R finite
warning: clamping 1/4096 shifted_linear scores to keep log R finite
warning: clamping 1/4096 shifted_linear scores to keep log R finite
warning: clamping 1/4096 shifted_linear scores to keep log R finite
warning: clamping 1/4096 shifted_linear scores to keep log R finite
warning: clamping 1/4096 shifted_linear scores to keep log R finite
warning: clamping 1/4096 shifted_linear scores to keep log R finite
step=02550 loss=0.0019 reverse_nll=0.0000 ESS=0.994 batch_outcomes=4096 batch_topologies=4095 seen=10448892
warning: clamping 1/4096 shifted_linear scores to keep log R finite
warning: clamping 1/4096 shifted_linear scores to keep log R finite
warning: clamping 1/4096 shifted_linear scores to keep log R finite
warning: clamping 1/4096 shifted_linear scores to keep log R finite
warning: clamping 2/4096 shifted_linear scores to keep log R finite
warning: clamping 2/4096 shifted_linear scores to keep log R finite
step=02575 loss=-0.0021 reverse_nll=0.0000 ESS=0.994 batch_outcomes=4096 batch_topologies=4096 seen=10551292
warning: clamping 1/4096 shifted_linear scores to keep log R finite
warning: clamping 1/4096 shifted_linear scores to keep log R finite
warning: clamping 2/4096 shifted_linear scores to keep log R finite
warning: clamping 2/4096 shifted_linear scores to keep log R finite
warning: clamping 1/4096 shifted_linear scores to keep log R finite
warning: clamping 1/4096 shifted_linear scores to keep log R finite
warning: clamping 2/4096 shifted_linear scores to keep log R finite
warning: clamping 2/4096 shifted_linear scores to keep log R finite
warning: clamping 1/4096 shifted_linear scores to keep log R finite
warning: clamping 1/4096 shifted_linear scores to keep log R finite
warning: clamping 1/4096 shifted_linear scores to keep log R finite
warning: clamping 1/4096 shifted_linear scores to keep log R finite
warning: clamping 1/4096 shifted_linear scores to keep log R finite
warning: clamping 1/4096 shifted_linear scores to keep log R finite
step=02600 loss=-0.0002 reverse_nll=0.0000 ESS=0.994 batch_outcomes=4096 batch_topologies=4096 seen=10653692
warning: clamping 1/4096 shifted_linear scores to keep log R finite
warning: clamping 1/4096 shifted_linear scores to keep log R finite
warning: clamping 3/4096 shifted_linear scores to keep log R finite
warning: clamping 3/4096 shifted_linear scores to keep log R finite
warning: clamping 1/4096 shifted_linear scores to keep log R finite
warning: clamping 1/4096 shifted_linear scores to keep log R finite
warning: clamping 1/4096 shifted_linear scores to keep log R finite
warning: clamping 1/4096 shifted_linear scores to keep log R finite
warning: clamping 1/4096 shifted_linear scores to keep log R finite
warning: clamping 1/4096 shifted_linear scores to keep log R finite
warning: clamping 1/4096 shifted_linear scores to keep log R finite
warning: clamping 1/4096 shifted_linear scores to keep log R finite
warning: clamping 1/4096 shifted_linear scores to keep log R finite
warning: clamping 1/4096 shifted_linear scores to keep log R finite
step=02625 loss=0.0001 reverse_nll=0.0000 ESS=0.994 batch_outcomes=4096 batch_topologies=4094 seen=10756091
warning: clamping 1/4096 shifted_linear scores to keep log R finite
warning: clamping 1/4096 shifted_linear scores to keep log R finite
warning: clamping 1/4096 shifted_linear scores to keep log R finite
warning: clamping 1/4096 shifted_linear scores to keep log R finite
warning: clamping 1/4096 shifted_linear scores to keep log R finite
warning: clamping 1/4096 shifted_linear scores to keep log R finite
warning: clamping 2/4096 shifted_linear scores to keep log R finite
warning: clamping 2/4096 shifted_linear scores to keep log R finite
warning: clamping 1/4096 shifted_linear scores to keep log R finite
warning: clamping 1/4096 shifted_linear scores to keep log R finite
warning: clamping 1/4096 shifted_linear scores to keep log R finite
warning: clamping 1/4096 shifted_linear scores to keep log R finite
warning: clamping 1/4096 shifted_linear scores to keep log R finite
warning: clamping 1/4096 shifted_linear scores to keep log R finite
warning: clamping 1/4096 shifted_linear scores to keep log R finite
warning: clamping 1/4096 shifted_linear scores to keep log R finite
step=02650 loss=0.0011 reverse_nll=0.0000 ESS=0.994 batch_outcomes=4096 batch_topologies=4096 seen=10858491
warning: clamping 1/4096 shifted_linear scores to keep log R finite
warning: clamping 1/4096 shifted_linear scores to keep log R finite
warning: clamping 2/4096 shifted_linear scores to keep log R finite
warning: clamping 2/4096 shifted_linear scores to keep log R finite
warning: clamping 1/4096 shifted_linear scores to keep log R finite
warning: clamping 1/4096 shifted_linear scores to keep log R finite
warning: clamping 1/4096 shifted_linear scores to keep log R finite
warning: clamping 1/4096 shifted_linear scores to keep log R finite
warning: clamping 1/4096 shifted_linear scores to keep log R finite
warning: clamping 1/4096 shifted_linear scores to keep log R finite
warning: clamping 1/4096 shifted_linear scores to keep log R finite
warning: clamping 1/4096 shifted_linear scores to keep log R finite
warning: clamping 2/4096 shifted_linear scores to keep log R finite
warning: clamping 2/4096 shifted_linear scores to keep log R finite
warning: clamping 1/4096 shifted_linear scores to keep log R finite
warning: clamping 1/4096 shifted_linear scores to keep log R finite
warning: clamping 1/4096 shifted_linear scores to keep log R finite
warning: clamping 1/4096 shifted_linear scores to keep log R finite
step=02675 loss=-0.0001 reverse_nll=0.0000 ESS=0.994 batch_outcomes=4096 batch_topologies=4096 seen=10960891
warning: clamping 1/4096 shifted_linear scores to keep log R finite
warning: clamping 1/4096 shifted_linear scores to keep log R finite
warning: clamping 1/4096 shifted_linear scores to keep log R finite
warning: clamping 1/4096 shifted_linear scores to keep log R finite
warning: clamping 1/4096 shifted_linear scores to keep log R finite
warning: clamping 1/4096 shifted_linear scores to keep log R finite
warning: clamping 1/4096 shifted_linear scores to keep log R finite
warning: clamping 1/4096 shifted_linear scores to keep log R finite
warning: clamping 3/4096 shifted_linear scores to keep log R finite
warning: clamping 3/4096 shifted_linear scores to keep log R finite
step=02700 loss=0.0009 reverse_nll=0.0000 ESS=0.994 batch_outcomes=4096 batch_topologies=4096 seen=11063291
warning: clamping 1/4096 shifted_linear scores to keep log R finite
warning: clamping 1/4096 shifted_linear scores to keep log R finite
warning: clamping 1/4096 shifted_linear scores to keep log R finite
warning: clamping 1/4096 shifted_linear scores to keep log R finite
warning: clamping 1/4096 shifted_linear scores to keep log R finite
warning: clamping 1/4096 shifted_linear scores to keep log R finite
warning: clamping 1/4096 shifted_linear scores to keep log R finite
warning: clamping 1/4096 shifted_linear scores to keep log R finite
warning: clamping 1/4096 shifted_linear scores to keep log R finite
warning: clamping 1/4096 shifted_linear scores to keep log R finite
warning: clamping 1/4096 shifted_linear scores to keep log R finite
warning: clamping 1/4096 shifted_linear scores to keep log R finite
warning: clamping 1/4096 shifted_linear scores to keep log R finite
warning: clamping 1/4096 shifted_linear scores to keep log R finite
warning: clamping 2/4096 shifted_linear scores to keep log R finite
warning: clamping 2/4096 shifted_linear scores to keep log R finite
warning: clamping 1/4096 shifted_linear scores to keep log R finite
warning: clamping 1/4096 shifted_linear scores to keep log R finite
warning: clamping 1/4096 shifted_linear scores to keep log R finite
warning: clamping 1/4096 shifted_linear scores to keep log R finite
warning: clamping 1/4096 shifted_linear scores to keep log R finite
warning: clamping 1/4096 shifted_linear scores to keep log R finite
warning: clamping 1/4096 shifted_linear scores to keep log R finite
warning: clamping 1/4096 shifted_linear scores to keep log R finite
step=02725 loss=-0.0017 reverse_nll=0.0000 ESS=0.994 batch_outcomes=4096 batch_topologies=4096 seen=11165691
warning: clamping 1/4096 shifted_linear scores to keep log R finite
warning: clamping 1/4096 shifted_linear scores to keep log R finite
warning: clamping 1/4096 shifted_linear scores to keep log R finite
warning: clamping 1/4096 shifted_linear scores to keep log R finite
warning: clamping 1/4096 shifted_linear scores to keep log R finite
warning: clamping 1/4096 shifted_linear scores to keep log R finite
warning: clamping 1/4096 shifted_linear scores to keep log R finite
warning: clamping 1/4096 shifted_linear scores to keep log R finite
warning: clamping 1/4096 shifted_linear scores to keep log R finite
warning: clamping 1/4096 shifted_linear scores to keep log R finite
warning: clamping 1/4096 shifted_linear scores to keep log R finite
warning: clamping 1/4096 shifted_linear scores to keep log R finite
warning: clamping 1/4096 shifted_linear scores to keep log R finite
warning: clamping 1/4096 shifted_linear scores to keep log R finite
step=02750 loss=-0.0000 reverse_nll=0.0000 ESS=0.995 batch_outcomes=4096 batch_topologies=4095 seen=11268090
warning: clamping 1/4096 shifted_linear scores to keep log R finite
warning: clamping 1/4096 shifted_linear scores to keep log R finite
warning: clamping 1/4096 shifted_linear scores to keep log R finite
warning: clamping 1/4096 shifted_linear scores to keep log R finite
warning: clamping 1/4096 shifted_linear scores to keep log R finite
warning: clamping 1/4096 shifted_linear scores to keep log R finite
warning: clamping 1/4096 shifted_linear scores to keep log R finite
warning: clamping 1/4096 shifted_linear scores to keep log R finite
warning: clamping 1/4096 shifted_linear scores to keep log R finite
warning: clamping 1/4096 shifted_linear scores to keep log R finite
warning: clamping 1/4096 shifted_linear scores to keep log R finite
warning: clamping 1/4096 shifted_linear scores to keep log R finite
warning: clamping 1/4096 shifted_linear scores to keep log R finite
warning: clamping 1/4096 shifted_linear scores to keep log R finite
warning: clamping 1/4096 shifted_linear scores to keep log R finite
warning: clamping 1/4096 shifted_linear scores to keep log R finite
warning: clamping 1/4096 shifted_linear scores to keep log R finite
warning: clamping 1/4096 shifted_linear scores to keep log R finite
warning: clamping 1/4096 shifted_linear scores to keep log R finite
warning: clamping 1/4096 shifted_linear scores to keep log R finite
warning: clamping 1/4096 shifted_linear scores to keep log R finite
warning: clamping 1/4096 shifted_linear scores to keep log R finite
warning: clamping 1/4096 shifted_linear scores to keep log R finite
warning: clamping 1/4096 shifted_linear scores to keep log R finite
step=02775 loss=-0.0005 reverse_nll=0.0000 ESS=0.994 batch_outcomes=4096 batch_topologies=4095 seen=11370490
warning: clamping 2/4096 shifted_linear scores to keep log R finite
warning: clamping 2/4096 shifted_linear scores to keep log R finite
warning: clamping 1/4096 shifted_linear scores to keep log R finite
warning: clamping 1/4096 shifted_linear scores to keep log R finite
warning: clamping 1/4096 shifted_linear scores to keep log R finite
warning: clamping 1/4096 shifted_linear scores to keep log R finite
warning: clamping 1/4096 shifted_linear scores to keep log R finite
warning: clamping 1/4096 shifted_linear scores to keep log R finite
warning: clamping 2/4096 shifted_linear scores to keep log R finite
warning: clamping 2/4096 shifted_linear scores to keep log R finite
warning: clamping 1/4096 shifted_linear scores to keep log R finite
warning: clamping 1/4096 shifted_linear scores to keep log R finite
warning: clamping 1/4096 shifted_linear scores to keep log R finite
warning: clamping 1/4096 shifted_linear scores to keep log R finite
warning: clamping 1/4096 shifted_linear scores to keep log R finite
warning: clamping 1/4096 shifted_linear scores to keep log R finite
warning: clamping 1/4096 shifted_linear scores to keep log R finite
warning: clamping 1/4096 shifted_linear scores to keep log R finite
warning: clamping 2/4096 shifted_linear scores to keep log R finite
warning: clamping 2/4096 shifted_linear scores to keep log R finite
warning: clamping 1/4096 shifted_linear scores to keep log R finite
warning: clamping 1/4096 shifted_linear scores to keep log R finite
step=02800 loss=0.0009 reverse_nll=0.0000 ESS=0.995 batch_outcomes=4096 batch_topologies=4096 seen=11472890
warning: clamping 1/4096 shifted_linear scores to keep log R finite
warning: clamping 1/4096 shifted_linear scores to keep log R finite
warning: clamping 1/4096 shifted_linear scores to keep log R finite
warning: clamping 1/4096 shifted_linear scores to keep log R finite
warning: clamping 2/4096 shifted_linear scores to keep log R finite
warning: clamping 2/4096 shifted_linear scores to keep log R finite
warning: clamping 1/4096 shifted_linear scores to keep log R finite
warning: clamping 1/4096 shifted_linear scores to keep log R finite
warning: clamping 1/4096 shifted_linear scores to keep log R finite
warning: clamping 1/4096 shifted_linear scores to keep log R finite
warning: clamping 1/4096 shifted_linear scores to keep log R finite
warning: clamping 1/4096 shifted_linear scores to keep log R finite
warning: clamping 3/4096 shifted_linear scores to keep log R finite
warning: clamping 3/4096 shifted_linear scores to keep log R finite
warning: clamping 1/4096 shifted_linear scores to keep log R finite
warning: clamping 1/4096 shifted_linear scores to keep log R finite
warning: clamping 1/4096 shifted_linear scores to keep log R finite
warning: clamping 1/4096 shifted_linear scores to keep log R finite
warning: clamping 1/4096 shifted_linear scores to keep log R finite
warning: clamping 1/4096 shifted_linear scores to keep log R finite
step=02825 loss=0.0004 reverse_nll=0.0000 ESS=0.994 batch_outcomes=4096 batch_topologies=4096 seen=11575289
warning: clamping 1/4096 shifted_linear scores to keep log R finite
warning: clamping 1/4096 shifted_linear scores to keep log R finite
warning: clamping 1/4096 shifted_linear scores to keep log R finite
warning: clamping 1/4096 shifted_linear scores to keep log R finite
warning: clamping 1/4096 shifted_linear scores to keep log R finite
warning: clamping 1/4096 shifted_linear scores to keep log R finite
warning: clamping 1/4096 shifted_linear scores to keep log R finite
warning: clamping 1/4096 shifted_linear scores to keep log R finite
warning: clamping 1/4096 shifted_linear scores to keep log R finite
warning: clamping 1/4096 shifted_linear scores to keep log R finite
warning: clamping 1/4096 shifted_linear scores to keep log R finite
warning: clamping 1/4096 shifted_linear scores to keep log R finite
warning: clamping 1/4096 shifted_linear scores to keep log R finite
warning: clamping 1/4096 shifted_linear scores to keep log R finite
warning: clamping 1/4096 shifted_linear scores to keep log R finite
warning: clamping 1/4096 shifted_linear scores to keep log R finite
warning: clamping 1/4096 shifted_linear scores to keep log R finite
warning: clamping 1/4096 shifted_linear scores to keep log R finite
warning: clamping 1/4096 shifted_linear scores to keep log R finite
warning: clamping 1/4096 shifted_linear scores to keep log R finite
step=02850 loss=0.0012 reverse_nll=0.0000 ESS=0.994 batch_outcomes=4096 batch_topologies=4096 seen=11677689
warning: clamping 2/4096 shifted_linear scores to keep log R finite
warning: clamping 2/4096 shifted_linear scores to keep log R finite
warning: clamping 1/4096 shifted_linear scores to keep log R finite
warning: clamping 1/4096 shifted_linear scores to keep log R finite
warning: clamping 2/4096 shifted_linear scores to keep log R finite
warning: clamping 2/4096 shifted_linear scores to keep log R finite
warning: clamping 1/4096 shifted_linear scores to keep log R finite
warning: clamping 1/4096 shifted_linear scores to keep log R finite
warning: clamping 1/4096 shifted_linear scores to keep log R finite
warning: clamping 1/4096 shifted_linear scores to keep log R finite
warning: clamping 1/4096 shifted_linear scores to keep log R finite
warning: clamping 1/4096 shifted_linear scores to keep log R finite
warning: clamping 1/4096 shifted_linear scores to keep log R finite
warning: clamping 1/4096 shifted_linear scores to keep log R finite
warning: clamping 1/4096 shifted_linear scores to keep log R finite
warning: clamping 1/4096 shifted_linear scores to keep log R finite
step=02875 loss=-0.0000 reverse_nll=0.0000 ESS=0.994 batch_outcomes=4096 batch_topologies=4096 seen=11780089
warning: clamping 1/4096 shifted_linear scores to keep log R finite
warning: clamping 1/4096 shifted_linear scores to keep log R finite
warning: clamping 2/4096 shifted_linear scores to keep log R finite
warning: clamping 2/4096 shifted_linear scores to keep log R finite
warning: clamping 2/4096 shifted_linear scores to keep log R finite
warning: clamping 2/4096 shifted_linear scores to keep log R finite
warning: clamping 1/4096 shifted_linear scores to keep log R finite
warning: clamping 1/4096 shifted_linear scores to keep log R finite
warning: clamping 1/4096 shifted_linear scores to keep log R finite
warning: clamping 1/4096 shifted_linear scores to keep log R finite
warning: clamping 1/4096 shifted_linear scores to keep log R finite
warning: clamping 1/4096 shifted_linear scores to keep log R finite
warning: clamping 1/4096 shifted_linear scores to keep log R finite
warning: clamping 1/4096 shifted_linear scores to keep log R finite
warning: clamping 1/4096 shifted_linear scores to keep log R finite
warning: clamping 1/4096 shifted_linear scores to keep log R finite
warning: clamping 2/4096 shifted_linear scores to keep log R finite
warning: clamping 2/4096 shifted_linear scores to keep log R finite
step=02900 loss=0.0006 reverse_nll=0.0000 ESS=0.994 batch_outcomes=4096 batch_topologies=4096 seen=11882489
warning: clamping 1/4096 shifted_linear scores to keep log R finite
warning: clamping 1/4096 shifted_linear scores to keep log R finite
warning: clamping 1/4096 shifted_linear scores to keep log R finite
warning: clamping 1/4096 shifted_linear scores to keep log R finite
warning: clamping 1/4096 shifted_linear scores to keep log R finite
warning: clamping 1/4096 shifted_linear scores to keep log R finite
warning: clamping 1/4096 shifted_linear scores to keep log R finite
warning: clamping 1/4096 shifted_linear scores to keep log R finite
warning: clamping 1/4096 shifted_linear scores to keep log R finite
warning: clamping 1/4096 shifted_linear scores to keep log R finite
warning: clamping 1/4096 shifted_linear scores to keep log R finite
warning: clamping 1/4096 shifted_linear scores to keep log R finite
warning: clamping 1/4096 shifted_linear scores to keep log R finite
warning: clamping 1/4096 shifted_linear scores to keep log R finite
warning: clamping 1/4096 shifted_linear scores to keep log R finite
warning: clamping 1/4096 shifted_linear scores to keep log R finite
warning: clamping 1/4096 shifted_linear scores to keep log R finite
warning: clamping 1/4096 shifted_linear scores to keep log R finite
warning: clamping 1/4096 shifted_linear scores to keep log R finite
warning: clamping 1/4096 shifted_linear scores to keep log R finite
warning: clamping 1/4096 shifted_linear scores to keep log R finite
warning: clamping 1/4096 shifted_linear scores to keep log R finite
warning: clamping 1/4096 shifted_linear scores to keep log R finite
warning: clamping 1/4096 shifted_linear scores to keep log R finite
step=02925 loss=-0.0005 reverse_nll=0.0000 ESS=0.995 batch_outcomes=4096 batch_topologies=4096 seen=11984889
warning: clamping 1/4096 shifted_linear scores to keep log R finite
warning: clamping 1/4096 shifted_linear scores to keep log R finite
warning: clamping 1/4096 shifted_linear scores to keep log R finite
warning: clamping 1/4096 shifted_linear scores to keep log R finite
warning: clamping 1/4096 shifted_linear scores to keep log R finite
warning: clamping 1/4096 shifted_linear scores to keep log R finite
warning: clamping 1/4096 shifted_linear scores to keep log R finite
warning: clamping 1/4096 shifted_linear scores to keep log R finite
warning: clamping 1/4096 shifted_linear scores to keep log R finite
warning: clamping 1/4096 shifted_linear scores to keep log R finite
warning: clamping 1/4096 shifted_linear scores to keep log R finite
warning: clamping 1/4096 shifted_linear scores to keep log R finite
warning: clamping 1/4096 shifted_linear scores to keep log R finite
warning: clamping 1/4096 shifted_linear scores to keep log R finite
step=02950 loss=-0.0000 reverse_nll=0.0000 ESS=0.994 batch_outcomes=4096 batch_topologies=4096 seen=12087289
warning: clamping 1/4096 shifted_linear scores to keep log R finite
warning: clamping 1/4096 shifted_linear scores to keep log R finite
warning: clamping 1/4096 shifted_linear scores to keep log R finite
warning: clamping 1/4096 shifted_linear scores to keep log R finite
warning: clamping 1/4096 shifted_linear scores to keep log R finite
warning: clamping 1/4096 shifted_linear scores to keep log R finite
warning: clamping 1/4096 shifted_linear scores to keep log R finite
warning: clamping 1/4096 shifted_linear scores to keep log R finite
warning: clamping 3/4096 shifted_linear scores to keep log R finite
warning: clamping 3/4096 shifted_linear scores to keep log R finite
warning: clamping 1/4096 shifted_linear scores to keep log R finite
warning: clamping 1/4096 shifted_linear scores to keep log R finite
warning: clamping 2/4096 shifted_linear scores to keep log R finite
warning: clamping 2/4096 shifted_linear scores to keep log R finite
warning: clamping 1/4096 shifted_linear scores to keep log R finite
warning: clamping 1/4096 shifted_linear scores to keep log R finite
warning: clamping 1/4096 shifted_linear scores to keep log R finite
warning: clamping 1/4096 shifted_linear scores to keep log R finite
warning: clamping 1/4096 shifted_linear scores to keep log R finite
warning: clamping 1/4096 shifted_linear scores to keep log R finite
step=02975 loss=-0.0023 reverse_nll=0.0000 ESS=0.994 batch_outcomes=4096 batch_topologies=4095 seen=12189689
warning: clamping 1/4096 shifted_linear scores to keep log R finite
warning: clamping 1/4096 shifted_linear scores to keep log R finite
warning: clamping 1/4096 shifted_linear scores to keep log R finite
warning: clamping 1/4096 shifted_linear scores to keep log R finite
warning: clamping 2/4096 shifted_linear scores to keep log R finite
warning: clamping 2/4096 shifted_linear scores to keep log R finite
warning: clamping 2/4096 shifted_linear scores to keep log R finite
warning: clamping 2/4096 shifted_linear scores to keep log R finite
warning: clamping 1/4096 shifted_linear scores to keep log R finite
warning: clamping 1/4096 shifted_linear scores to keep log R finite
warning: clamping 1/4096 shifted_linear scores to keep log R finite
warning: clamping 1/4096 shifted_linear scores to keep log R finite
warning: clamping 1/4096 shifted_linear scores to keep log R finite
warning: clamping 1/4096 shifted_linear scores to keep log R finite
warning: clamping 1/4096 shifted_linear scores to keep log R finite
warning: clamping 1/4096 shifted_linear scores to keep log R finite
warning: clamping 1/4096 shifted_linear scores to keep log R finite
warning: clamping 1/4096 shifted_linear scores to keep log R finite
step=03000 loss=-0.0001 reverse_nll=0.0000 ESS=0.994 batch_outcomes=4096 batch_topologies=4096 seen=12292089
warning: clamping 1/4096 shifted_linear scores to keep log R finite
warning: clamping 1/4096 shifted_linear scores to keep log R finite
warning: clamping 1/4096 shifted_linear scores to keep log R finite
warning: clamping 1/4096 shifted_linear scores to keep log R finite
warning: clamping 1/4096 shifted_linear scores to keep log R finite
warning: clamping 1/4096 shifted_linear scores to keep log R finite
warning: clamping 2/4096 shifted_linear scores to keep log R finite
warning: clamping 2/4096 shifted_linear scores to keep log R finite
warning: clamping 2/4096 shifted_linear scores to keep log R finite
warning: clamping 2/4096 shifted_linear scores to keep log R finite
warning: clamping 1/4096 shifted_linear scores to keep log R finite
warning: clamping 1/4096 shifted_linear scores to keep log R finite
step=03025 loss=0.0011 reverse_nll=0.0000 ESS=0.994 batch_outcomes=4096 batch_topologies=4095 seen=12394489
warning: clamping 1/4096 shifted_linear scores to keep log R finite
warning: clamping 1/4096 shifted_linear scores to keep log R finite
warning: clamping 1/4096 shifted_linear scores to keep log R finite
warning: clamping 1/4096 shifted_linear scores to keep log R finite
warning: clamping 1/4096 shifted_linear scores to keep log R finite
warning: clamping 1/4096 shifted_linear scores to keep log R finite
warning: clamping 1/4096 shifted_linear scores to keep log R finite
warning: clamping 1/4096 shifted_linear scores to keep log R finite
warning: clamping 1/4096 shifted_linear scores to keep log R finite
warning: clamping 1/4096 shifted_linear scores to keep log R finite
warning: clamping 2/4096 shifted_linear scores to keep log R finite
warning: clamping 2/4096 shifted_linear scores to keep log R finite
step=03050 loss=-0.0021 reverse_nll=0.0000 ESS=0.995 batch_outcomes=4096 batch_topologies=4096 seen=12496888
warning: clamping 1/4096 shifted_linear scores to keep log R finite
warning: clamping 1/4096 shifted_linear scores to keep log R finite
warning: clamping 3/4096 shifted_linear scores to keep log R finite
warning: clamping 3/4096 shifted_linear scores to keep log R finite
warning: clamping 1/4096 shifted_linear scores to keep log R finite
warning: clamping 1/4096 shifted_linear scores to keep log R finite
warning: clamping 1/4096 shifted_linear scores to keep log R finite
warning: clamping 1/4096 shifted_linear scores to keep log R finite
warning: clamping 1/4096 shifted_linear scores to keep log R finite
warning: clamping 1/4096 shifted_linear scores to keep log R finite
step=03075 loss=-0.0026 reverse_nll=0.0000 ESS=0.994 batch_outcomes=4096 batch_topologies=4096 seen=12599288
warning: clamping 1/4096 shifted_linear scores to keep log R finite
warning: clamping 1/4096 shifted_linear scores to keep log R finite
warning: clamping 1/4096 shifted_linear scores to keep log R finite
warning: clamping 1/4096 shifted_linear scores to keep log R finite
warning: clamping 2/4096 shifted_linear scores to keep log R finite
warning: clamping 2/4096 shifted_linear scores to keep log R finite
step=03100 loss=0.0012 reverse_nll=0.0000 ESS=0.994 batch_outcomes=4096 batch_topologies=4095 seen=12701688
warning: clamping 1/4096 shifted_linear scores to keep log R finite
warning: clamping 1/4096 shifted_linear scores to keep log R finite
warning: clamping 1/4096 shifted_linear scores to keep log R finite
warning: clamping 1/4096 shifted_linear scores to keep log R finite
warning: clamping 1/4096 shifted_linear scores to keep log R finite
warning: clamping 1/4096 shifted_linear scores to keep log R finite
warning: clamping 1/4096 shifted_linear scores to keep log R finite
warning: clamping 1/4096 shifted_linear scores to keep log R finite
warning: clamping 1/4096 shifted_linear scores to keep log R finite
warning: clamping 1/4096 shifted_linear scores to keep log R finite
warning: clamping 1/4096 shifted_linear scores to keep log R finite
warning: clamping 1/4096 shifted_linear scores to keep log R finite
warning: clamping 1/4096 shifted_linear scores to keep log R finite
warning: clamping 1/4096 shifted_linear scores to keep log R finite
warning: clamping 2/4096 shifted_linear scores to keep log R finite
warning: clamping 2/4096 shifted_linear scores to keep log R finite
warning: clamping 1/4096 shifted_linear scores to keep log R finite
warning: clamping 1/4096 shifted_linear scores to keep log R finite
warning: clamping 1/4096 shifted_linear scores to keep log R finite
warning: clamping 1/4096 shifted_linear scores to keep log R finite
step=03125 loss=-0.0001 reverse_nll=0.0000 ESS=0.995 batch_outcomes=4096 batch_topologies=4095 seen=12804088
warning: clamping 1/4096 shifted_linear scores to keep log R finite
warning: clamping 1/4096 shifted_linear scores to keep log R finite
warning: clamping 1/4096 shifted_linear scores to keep log R finite
warning: clamping 1/4096 shifted_linear scores to keep log R finite
warning: clamping 1/4096 shifted_linear scores to keep log R finite
warning: clamping 1/4096 shifted_linear scores to keep log R finite
warning: clamping 1/4096 shifted_linear scores to keep log R finite
warning: clamping 1/4096 shifted_linear scores to keep log R finite
warning: clamping 1/4096 shifted_linear scores to keep log R finite
warning: clamping 1/4096 shifted_linear scores to keep log R finite
warning: clamping 1/4096 shifted_linear scores to keep log R finite
warning: clamping 1/4096 shifted_linear scores to keep log R finite
warning: clamping 1/4096 shifted_linear scores to keep log R finite
warning: clamping 1/4096 shifted_linear scores to keep log R finite
warning: clamping 1/4096 shifted_linear scores to keep log R finite
warning: clamping 1/4096 shifted_linear scores to keep log R finite
warning: clamping 2/4096 shifted_linear scores to keep log R finite
warning: clamping 2/4096 shifted_linear scores to keep log R finite
step=03150 loss=-0.0006 reverse_nll=0.0000 ESS=0.994 batch_outcomes=4096 batch_topologies=4096 seen=12906487
warning: clamping 2/4096 shifted_linear scores to keep log R finite
warning: clamping 2/4096 shifted_linear scores to keep log R finite
warning: clamping 1/4096 shifted_linear scores to keep log R finite
warning: clamping 1/4096 shifted_linear scores to keep log R finite
warning: clamping 1/4096 shifted_linear scores to keep log R finite
warning: clamping 1/4096 shifted_linear scores to keep log R finite
warning: clamping 1/4096 shifted_linear scores to keep log R finite
warning: clamping 1/4096 shifted_linear scores to keep log R finite
warning: clamping 1/4096 shifted_linear scores to keep log R finite
warning: clamping 1/4096 shifted_linear scores to keep log R finite
warning: clamping 1/4096 shifted_linear scores to keep log R finite
warning: clamping 1/4096 shifted_linear scores to keep log R finite
warning: clamping 1/4096 shifted_linear scores to keep log R finite
warning: clamping 1/4096 shifted_linear scores to keep log R finite
warning: clamping 2/4096 shifted_linear scores to keep log R finite
warning: clamping 2/4096 shifted_linear scores to keep log R finite
warning: clamping 1/4096 shifted_linear scores to keep log R finite
warning: clamping 1/4096 shifted_linear scores to keep log R finite
warning: clamping 1/4096 shifted_linear scores to keep log R finite
warning: clamping 1/4096 shifted_linear scores to keep log R finite
step=03175 loss=-0.0018 reverse_nll=0.0000 ESS=0.995 batch_outcomes=4096 batch_topologies=4096 seen=13008887
warning: clamping 1/4096 shifted_linear scores to keep log R finite
warning: clamping 1/4096 shifted_linear scores to keep log R finite
warning: clamping 1/4096 shifted_linear scores to keep log R finite
warning: clamping 1/4096 shifted_linear scores to keep log R finite
warning: clamping 1/4096 shifted_linear scores to keep log R finite
warning: clamping 1/4096 shifted_linear scores to keep log R finite
warning: clamping 1/4096 shifted_linear scores to keep log R finite
warning: clamping 1/4096 shifted_linear scores to keep log R finite
warning: clamping 1/4096 shifted_linear scores to keep log R finite
warning: clamping 1/4096 shifted_linear scores to keep log R finite
warning: clamping 3/4096 shifted_linear scores to keep log R finite
warning: clamping 3/4096 shifted_linear scores to keep log R finite
warning: clamping 1/4096 shifted_linear scores to keep log R finite
warning: clamping 1/4096 shifted_linear scores to keep log R finite
warning: clamping 1/4096 shifted_linear scores to keep log R finite
warning: clamping 1/4096 shifted_linear scores to keep log R finite
step=03200 loss=0.0010 reverse_nll=0.0000 ESS=0.994 batch_outcomes=4096 batch_topologies=4096 seen=13111286
warning: clamping 1/4096 shifted_linear scores to keep log R finite
warning: clamping 1/4096 shifted_linear scores to keep log R finite
warning: clamping 1/4096 shifted_linear scores to keep log R finite
warning: clamping 1/4096 shifted_linear scores to keep log R finite
warning: clamping 1/4096 shifted_linear scores to keep log R finite
warning: clamping 1/4096 shifted_linear scores to keep log R finite
warning: clamping 1/4096 shifted_linear scores to keep log R finite
warning: clamping 1/4096 shifted_linear scores to keep log R finite
warning: clamping 1/4096 shifted_linear scores to keep log R finite
warning: clamping 1/4096 shifted_linear scores to keep log R finite
warning: clamping 1/4096 shifted_linear scores to keep log R finite
warning: clamping 1/4096 shifted_linear scores to keep log R finite
step=03225 loss=-0.0002 reverse_nll=0.0000 ESS=0.994 batch_outcomes=4096 batch_topologies=4096 seen=13213686
warning: clamping 1/4096 shifted_linear scores to keep log R finite
warning: clamping 1/4096 shifted_linear scores to keep log R finite
warning: clamping 1/4096 shifted_linear scores to keep log R finite
warning: clamping 1/4096 shifted_linear scores to keep log R finite
step=03250 loss=-0.0038 reverse_nll=0.0000 ESS=0.995 batch_outcomes=4096 batch_topologies=4096 seen=13316085
warning: clamping 2/4096 shifted_linear scores to keep log R finite
warning: clamping 2/4096 shifted_linear scores to keep log R finite
warning: clamping 1/4096 shifted_linear scores to keep log R finite
warning: clamping 1/4096 shifted_linear scores to keep log R finite
warning: clamping 1/4096 shifted_linear scores to keep log R finite
warning: clamping 1/4096 shifted_linear scores to keep log R finite
warning: clamping 1/4096 shifted_linear scores to keep log R finite
warning: clamping 1/4096 shifted_linear scores to keep log R finite
warning: clamping 1/4096 shifted_linear scores to keep log R finite
warning: clamping 1/4096 shifted_linear scores to keep log R finite
warning: clamping 1/4096 shifted_linear scores to keep log R finite
warning: clamping 1/4096 shifted_linear scores to keep log R finite
step=03275 loss=-0.0017 reverse_nll=0.0000 ESS=0.994 batch_outcomes=4096 batch_topologies=4095 seen=13418485
warning: clamping 1/4096 shifted_linear scores to keep log R finite
warning: clamping 1/4096 shifted_linear scores to keep log R finite
warning: clamping 1/4096 shifted_linear scores to keep log R finite
warning: clamping 1/4096 shifted_linear scores to keep log R finite
warning: clamping 1/4096 shifted_linear scores to keep log R finite
warning: clamping 1/4096 shifted_linear scores to keep log R finite
warning: clamping 1/4096 shifted_linear scores to keep log R finite
warning: clamping 1/4096 shifted_linear scores to keep log R finite
warning: clamping 1/4096 shifted_linear scores to keep log R finite
warning: clamping 1/4096 shifted_linear scores to keep log R finite
step=03300 loss=0.0008 reverse_nll=0.0000 ESS=0.994 batch_outcomes=4096 batch_topologies=4096 seen=13520884
warning: clamping 1/4096 shifted_linear scores to keep log R finite
warning: clamping 1/4096 shifted_linear scores to keep log R finite
warning: clamping 2/4096 shifted_linear scores to keep log R finite
warning: clamping 2/4096 shifted_linear scores to keep log R finite
warning: clamping 1/4096 shifted_linear scores to keep log R finite
warning: clamping 1/4096 shifted_linear scores to keep log R finite
warning: clamping 1/4096 shifted_linear scores to keep log R finite
warning: clamping 1/4096 shifted_linear scores to keep log R finite
warning: clamping 1/4096 shifted_linear scores to keep log R finite
warning: clamping 1/4096 shifted_linear scores to keep log R finite
step=03325 loss=0.0032 reverse_nll=0.0000 ESS=0.993 batch_outcomes=4096 batch_topologies=4094 seen=13623284
warning: clamping 1/4096 shifted_linear scores to keep log R finite
warning: clamping 1/4096 shifted_linear scores to keep log R finite
warning: clamping 1/4096 shifted_linear scores to keep log R finite
warning: clamping 1/4096 shifted_linear scores to keep log R finite
warning: clamping 1/4096 shifted_linear scores to keep log R finite
warning: clamping 1/4096 shifted_linear scores to keep log R finite
warning: clamping 2/4096 shifted_linear scores to keep log R finite
warning: clamping 2/4096 shifted_linear scores to keep log R finite
step=03350 loss=0.0015 reverse_nll=0.0000 ESS=0.994 batch_outcomes=4096 batch_topologies=4096 seen=13725684
warning: clamping 1/4096 shifted_linear scores to keep log R finite
warning: clamping 1/4096 shifted_linear scores to keep log R finite
warning: clamping 1/4096 shifted_linear scores to keep log R finite
warning: clamping 1/4096 shifted_linear scores to keep log R finite
warning: clamping 1/4096 shifted_linear scores to keep log R finite
warning: clamping 1/4096 shifted_linear scores to keep log R finite
warning: clamping 1/4096 shifted_linear scores to keep log R finite
warning: clamping 1/4096 shifted_linear scores to keep log R finite
warning: clamping 1/4096 shifted_linear scores to keep log R finite
warning: clamping 1/4096 shifted_linear scores to keep log R finite
warning: clamping 1/4096 shifted_linear scores to keep log R finite
warning: clamping 1/4096 shifted_linear scores to keep log R finite
warning: clamping 1/4096 shifted_linear scores to keep log R finite
warning: clamping 1/4096 shifted_linear scores to keep log R finite
warning: clamping 1/4096 shifted_linear scores to keep log R finite
warning: clamping 1/4096 shifted_linear scores to keep log R finite
warning: clamping 1/4096 shifted_linear scores to keep log R finite
warning: clamping 1/4096 shifted_linear scores to keep log R finite
warning: clamping 1/4096 shifted_linear scores to keep log R finite
warning: clamping 1/4096 shifted_linear scores to keep log R finite
warning: clamping 1/4096 shifted_linear scores to keep log R finite
warning: clamping 1/4096 shifted_linear scores to keep log R finite
warning: clamping 1/4096 shifted_linear scores to keep log R finite
warning: clamping 1/4096 shifted_linear scores to keep log R finite
step=03375 loss=-0.0023 reverse_nll=0.0000 ESS=0.994 batch_outcomes=4096 batch_topologies=4096 seen=13828084
warning: clamping 1/4096 shifted_linear scores to keep log R finite
warning: clamping 1/4096 shifted_linear scores to keep log R finite
warning: clamping 1/4096 shifted_linear scores to keep log R finite
warning: clamping 1/4096 shifted_linear scores to keep log R finite
warning: clamping 1/4096 shifted_linear scores to keep log R finite
warning: clamping 1/4096 shifted_linear scores to keep log R finite
warning: clamping 1/4096 shifted_linear scores to keep log R finite
warning: clamping 1/4096 shifted_linear scores to keep log R finite
step=03400 loss=0.0022 reverse_nll=0.0000 ESS=0.994 batch_outcomes=4096 batch_topologies=4096 seen=13930484
warning: clamping 1/4096 shifted_linear scores to keep log R finite
warning: clamping 1/4096 shifted_linear scores to keep log R finite
warning: clamping 1/4096 shifted_linear scores to keep log R finite
warning: clamping 1/4096 shifted_linear scores to keep log R finite
warning: clamping 1/4096 shifted_linear scores to keep log R finite
warning: clamping 1/4096 shifted_linear scores to keep log R finite
warning: clamping 1/4096 shifted_linear scores to keep log R finite
warning: clamping 1/4096 shifted_linear scores to keep log R finite
warning: clamping 2/4096 shifted_linear scores to keep log R finite
warning: clamping 2/4096 shifted_linear scores to keep log R finite
warning: clamping 1/4096 shifted_linear scores to keep log R finite
warning: clamping 1/4096 shifted_linear scores to keep log R finite
step=03425 loss=0.0004 reverse_nll=0.0000 ESS=0.994 batch_outcomes=4096 batch_topologies=4095 seen=14032884
warning: clamping 1/4096 shifted_linear scores to keep log R finite
warning: clamping 1/4096 shifted_linear scores to keep log R finite
warning: clamping 1/4096 shifted_linear scores to keep log R finite
warning: clamping 1/4096 shifted_linear scores to keep log R finite
warning: clamping 1/4096 shifted_linear scores to keep log R finite
warning: clamping 1/4096 shifted_linear scores to keep log R finite
warning: clamping 1/4096 shifted_linear scores to keep log R finite
warning: clamping 1/4096 shifted_linear scores to keep log R finite
warning: clamping 1/4096 shifted_linear scores to keep log R finite
warning: clamping 1/4096 shifted_linear scores to keep log R finite
warning: clamping 1/4096 shifted_linear scores to keep log R finite
warning: clamping 1/4096 shifted_linear scores to keep log R finite
warning: clamping 1/4096 shifted_linear scores to keep log R finite
warning: clamping 1/4096 shifted_linear scores to keep log R finite
warning: clamping 1/4096 shifted_linear scores to keep log R finite
warning: clamping 1/4096 shifted_linear scores to keep log R finite
warning: clamping 1/4096 shifted_linear scores to keep log R finite
warning: clamping 1/4096 shifted_linear scores to keep log R finite
warning: clamping 1/4096 shifted_linear scores to keep log R finite
warning: clamping 1/4096 shifted_linear scores to keep log R finite
warning: clamping 2/4096 shifted_linear scores to keep log R finite
warning: clamping 2/4096 shifted_linear scores to keep log R finite
warning: clamping 1/4096 shifted_linear scores to keep log R finite
warning: clamping 1/4096 shifted_linear scores to keep log R finite
warning: clamping 1/4096 shifted_linear scores to keep log R finite
warning: clamping 1/4096 shifted_linear scores to keep log R finite
warning: clamping 1/4096 shifted_linear scores to keep log R finite
warning: clamping 1/4096 shifted_linear scores to keep log R finite
step=03450 loss=-0.0001 reverse_nll=0.0000 ESS=0.994 batch_outcomes=4096 batch_topologies=4096 seen=14135283
warning: clamping 1/4096 shifted_linear scores to keep log R finite
warning: clamping 1/4096 shifted_linear scores to keep log R finite
warning: clamping 1/4096 shifted_linear scores to keep log R finite
warning: clamping 1/4096 shifted_linear scores to keep log R finite
warning: clamping 1/4096 shifted_linear scores to keep log R finite
warning: clamping 1/4096 shifted_linear scores to keep log R finite
warning: clamping 1/4096 shifted_linear scores to keep log R finite
warning: clamping 1/4096 shifted_linear scores to keep log R finite
warning: clamping 1/4096 shifted_linear scores to keep log R finite
warning: clamping 1/4096 shifted_linear scores to keep log R finite
warning: clamping 1/4096 shifted_linear scores to keep log R finite
warning: clamping 1/4096 shifted_linear scores to keep log R finite
warning: clamping 1/4096 shifted_linear scores to keep log R finite
warning: clamping 1/4096 shifted_linear scores to keep log R finite
step=03475 loss=-0.0003 reverse_nll=0.0000 ESS=0.995 batch_outcomes=4096 batch_topologies=4096 seen=14237683
warning: clamping 3/4096 shifted_linear scores to keep log R finite
warning: clamping 3/4096 shifted_linear scores to keep log R finite
warning: clamping 1/4096 shifted_linear scores to keep log R finite
warning: clamping 1/4096 shifted_linear scores to keep log R finite
warning: clamping 1/4096 shifted_linear scores to keep log R finite
warning: clamping 1/4096 shifted_linear scores to keep log R finite
warning: clamping 1/4096 shifted_linear scores to keep log R finite
warning: clamping 1/4096 shifted_linear scores to keep log R finite
warning: clamping 2/4096 shifted_linear scores to keep log R finite
warning: clamping 2/4096 shifted_linear scores to keep log R finite
warning: clamping 1/4096 shifted_linear scores to keep log R finite
warning: clamping 1/4096 shifted_linear scores to keep log R finite
step=03500 loss=-0.0004 reverse_nll=0.0000 ESS=0.994 batch_outcomes=4096 batch_topologies=4096 seen=14340083
warning: clamping 2/4096 shifted_linear scores to keep log R finite
warning: clamping 2/4096 shifted_linear scores to keep log R finite
warning: clamping 1/4096 shifted_linear scores to keep log R finite
warning: clamping 1/4096 shifted_linear scores to keep log R finite
warning: clamping 1/4096 shifted_linear scores to keep log R finite
warning: clamping 1/4096 shifted_linear scores to keep log R finite
warning: clamping 1/4096 shifted_linear scores to keep log R finite
warning: clamping 1/4096 shifted_linear scores to keep log R finite
warning: clamping 1/4096 shifted_linear scores to keep log R finite
warning: clamping 1/4096 shifted_linear scores to keep log R finite
step=03525 loss=0.0010 reverse_nll=0.0000 ESS=0.994 batch_outcomes=4096 batch_topologies=4096 seen=14442483
warning: clamping 1/4096 shifted_linear scores to keep log R finite
warning: clamping 1/4096 shifted_linear scores to keep log R finite
warning: clamping 1/4096 shifted_linear scores to keep log R finite
warning: clamping 1/4096 shifted_linear scores to keep log R finite
warning: clamping 2/4096 shifted_linear scores to keep log R finite
warning: clamping 2/4096 shifted_linear scores to keep log R finite
warning: clamping 1/4096 shifted_linear scores to keep log R finite
warning: clamping 1/4096 shifted_linear scores to keep log R finite
warning: clamping 1/4096 shifted_linear scores to keep log R finite
warning: clamping 1/4096 shifted_linear scores to keep log R finite
warning: clamping 1/4096 shifted_linear scores to keep log R finite
warning: clamping 1/4096 shifted_linear scores to keep log R finite
warning: clamping 1/4096 shifted_linear scores to keep log R finite
warning: clamping 1/4096 shifted_linear scores to keep log R finite
warning: clamping 1/4096 shifted_linear scores to keep log R finite
warning: clamping 1/4096 shifted_linear scores to keep log R finite
warning: clamping 2/4096 shifted_linear scores to keep log R finite
warning: clamping 2/4096 shifted_linear scores to keep log R finite
warning: clamping 1/4096 shifted_linear scores to keep log R finite
warning: clamping 1/4096 shifted_linear scores to keep log R finite
step=03550 loss=0.0003 reverse_nll=0.0000 ESS=0.995 batch_outcomes=4096 batch_topologies=4096 seen=14544883
warning: clamping 1/4096 shifted_linear scores to keep log R finite
warning: clamping 1/4096 shifted_linear scores to keep log R finite
warning: clamping 1/4096 shifted_linear scores to keep log R finite
warning: clamping 1/4096 shifted_linear scores to keep log R finite
warning: clamping 2/4096 shifted_linear scores to keep log R finite
warning: clamping 2/4096 shifted_linear scores to keep log R finite
warning: clamping 1/4096 shifted_linear scores to keep log R finite
warning: clamping 1/4096 shifted_linear scores to keep log R finite
warning: clamping 3/4096 shifted_linear scores to keep log R finite
warning: clamping 3/4096 shifted_linear scores to keep log R finite
warning: clamping 1/4096 shifted_linear scores to keep log R finite
warning: clamping 1/4096 shifted_linear scores to keep log R finite
step=03575 loss=-0.0010 reverse_nll=0.0000 ESS=0.995 batch_outcomes=4096 batch_topologies=4096 seen=14647283
warning: clamping 1/4096 shifted_linear scores to keep log R finite
warning: clamping 1/4096 shifted_linear scores to keep log R finite
warning: clamping 1/4096 shifted_linear scores to keep log R finite
warning: clamping 1/4096 shifted_linear scores to keep log R finite
warning: clamping 1/4096 shifted_linear scores to keep log R finite
warning: clamping 1/4096 shifted_linear scores to keep log R finite
warning: clamping 1/4096 shifted_linear scores to keep log R finite
warning: clamping 1/4096 shifted_linear scores to keep log R finite
warning: clamping 1/4096 shifted_linear scores to keep log R finite
warning: clamping 1/4096 shifted_linear scores to keep log R finite
warning: clamping 2/4096 shifted_linear scores to keep log R finite
warning: clamping 2/4096 shifted_linear scores to keep log R finite
warning: clamping 1/4096 shifted_linear scores to keep log R finite
warning: clamping 1/4096 shifted_linear scores to keep log R finite
warning: clamping 1/4096 shifted_linear scores to keep log R finite
warning: clamping 1/4096 shifted_linear scores to keep log R finite
step=03600 loss=-0.0001 reverse_nll=0.0000 ESS=0.994 batch_outcomes=4096 batch_topologies=4096 seen=14749683
warning: clamping 1/4096 shifted_linear scores to keep log R finite
warning: clamping 1/4096 shifted_linear scores to keep log R finite
warning: clamping 2/4096 shifted_linear scores to keep log R finite
warning: clamping 2/4096 shifted_linear scores to keep log R finite
warning: clamping 1/4096 shifted_linear scores to keep log R finite
warning: clamping 1/4096 shifted_linear scores to keep log R finite
warning: clamping 1/4096 shifted_linear scores to keep log R finite
warning: clamping 1/4096 shifted_linear scores to keep log R finite
warning: clamping 1/4096 shifted_linear scores to keep log R finite
warning: clamping 1/4096 shifted_linear scores to keep log R finite
warning: clamping 1/4096 shifted_linear scores to keep log R finite
warning: clamping 1/4096 shifted_linear scores to keep log R finite
warning: clamping 1/4096 shifted_linear scores to keep log R finite
warning: clamping 1/4096 shifted_linear scores to keep log R finite
warning: clamping 1/4096 shifted_linear scores to keep log R finite
warning: clamping 1/4096 shifted_linear scores to keep log R finite
step=03625 loss=-0.0002 reverse_nll=0.0000 ESS=0.994 batch_outcomes=4096 batch_topologies=4096 seen=14852082
warning: clamping 1/4096 shifted_linear scores to keep log R finite
warning: clamping 1/4096 shifted_linear scores to keep log R finite
warning: clamping 1/4096 shifted_linear scores to keep log R finite
warning: clamping 1/4096 shifted_linear scores to keep log R finite
warning: clamping 1/4096 shifted_linear scores to keep log R finite
warning: clamping 1/4096 shifted_linear scores to keep log R finite
warning: clamping 1/4096 shifted_linear scores to keep log R finite
warning: clamping 1/4096 shifted_linear scores to keep log R finite
warning: clamping 1/4096 shifted_linear scores to keep log R finite
warning: clamping 1/4096 shifted_linear scores to keep log R finite
step=03650 loss=0.0002 reverse_nll=0.0000 ESS=0.995 batch_outcomes=4096 batch_topologies=4095 seen=14954482
warning: clamping 1/4096 shifted_linear scores to keep log R finite
warning: clamping 1/4096 shifted_linear scores to keep log R finite
warning: clamping 1/4096 shifted_linear scores to keep log R finite
warning: clamping 1/4096 shifted_linear scores to keep log R finite
warning: clamping 2/4096 shifted_linear scores to keep log R finite
warning: clamping 2/4096 shifted_linear scores to keep log R finite
warning: clamping 1/4096 shifted_linear scores to keep log R finite
warning: clamping 1/4096 shifted_linear scores to keep log R finite
warning: clamping 1/4096 shifted_linear scores to keep log R finite
warning: clamping 1/4096 shifted_linear scores to keep log R finite
warning: clamping 2/4096 shifted_linear scores to keep log R finite
warning: clamping 2/4096 shifted_linear scores to keep log R finite
warning: clamping 1/4096 shifted_linear scores to keep log R finite
warning: clamping 1/4096 shifted_linear scores to keep log R finite
step=03675 loss=0.0019 reverse_nll=0.0000 ESS=0.994 batch_outcomes=4096 batch_topologies=4096 seen=15056882
warning: clamping 1/4096 shifted_linear scores to keep log R finite
warning: clamping 1/4096 shifted_linear scores to keep log R finite
warning: clamping 1/4096 shifted_linear scores to keep log R finite
warning: clamping 1/4096 shifted_linear scores to keep log R finite
warning: clamping 2/4096 shifted_linear scores to keep log R finite
warning: clamping 2/4096 shifted_linear scores to keep log R finite
warning: clamping 1/4096 shifted_linear scores to keep log R finite
warning: clamping 1/4096 shifted_linear scores to keep log R finite
warning: clamping 1/4096 shifted_linear scores to keep log R finite
warning: clamping 1/4096 shifted_linear scores to keep log R finite
step=03700 loss=-0.0009 reverse_nll=0.0000 ESS=0.995 batch_outcomes=4096 batch_topologies=4095 seen=15159282
warning: clamping 1/4096 shifted_linear scores to keep log R finite
warning: clamping 1/4096 shifted_linear scores to keep log R finite
warning: clamping 1/4096 shifted_linear scores to keep log R finite
warning: clamping 1/4096 shifted_linear scores to keep log R finite
warning: clamping 1/4096 shifted_linear scores to keep log R finite
warning: clamping 1/4096 shifted_linear scores to keep log R finite
warning: clamping 1/4096 shifted_linear scores to keep log R finite
warning: clamping 1/4096 shifted_linear scores to keep log R finite
step=03725 loss=0.0015 reverse_nll=0.0000 ESS=0.994 batch_outcomes=4096 batch_topologies=4096 seen=15261682
warning: clamping 2/4096 shifted_linear scores to keep log R finite
warning: clamping 2/4096 shifted_linear scores to keep log R finite
warning: clamping 2/4096 shifted_linear scores to keep log R finite
warning: clamping 2/4096 shifted_linear scores to keep log R finite
warning: clamping 2/4096 shifted_linear scores to keep log R finite
warning: clamping 2/4096 shifted_linear scores to keep log R finite
warning: clamping 1/4096 shifted_linear scores to keep log R finite
warning: clamping 1/4096 shifted_linear scores to keep log R finite
warning: clamping 1/4096 shifted_linear scores to keep log R finite
warning: clamping 1/4096 shifted_linear scores to keep log R finite
step=03750 loss=0.0005 reverse_nll=0.0000 ESS=0.995 batch_outcomes=4096 batch_topologies=4096 seen=15364082
warning: clamping 1/4096 shifted_linear scores to keep log R finite
warning: clamping 1/4096 shifted_linear scores to keep log R finite
warning: clamping 1/4096 shifted_linear scores to keep log R finite
warning: clamping 1/4096 shifted_linear scores to keep log R finite
warning: clamping 1/4096 shifted_linear scores to keep log R finite
warning: clamping 1/4096 shifted_linear scores to keep log R finite
warning: clamping 2/4096 shifted_linear scores to keep log R finite
warning: clamping 2/4096 shifted_linear scores to keep log R finite
warning: clamping 1/4096 shifted_linear scores to keep log R finite
warning: clamping 1/4096 shifted_linear scores to keep log R finite
warning: clamping 1/4096 shifted_linear scores to keep log R finite
warning: clamping 1/4096 shifted_linear scores to keep log R finite
warning: clamping 1/4096 shifted_linear scores to keep log R finite
warning: clamping 1/4096 shifted_linear scores to keep log R finite
step=03775 loss=0.0024 reverse_nll=0.0000 ESS=0.994 batch_outcomes=4096 batch_topologies=4096 seen=15466482
warning: clamping 1/4096 shifted_linear scores to keep log R finite
warning: clamping 1/4096 shifted_linear scores to keep log R finite
warning: clamping 1/4096 shifted_linear scores to keep log R finite
warning: clamping 1/4096 shifted_linear scores to keep log R finite
warning: clamping 1/4096 shifted_linear scores to keep log R finite
warning: clamping 1/4096 shifted_linear scores to keep log R finite
warning: clamping 1/4096 shifted_linear scores to keep log R finite
warning: clamping 1/4096 shifted_linear scores to keep log R finite
warning: clamping 1/4096 shifted_linear scores to keep log R finite
warning: clamping 1/4096 shifted_linear scores to keep log R finite
warning: clamping 2/4096 shifted_linear scores to keep log R finite
warning: clamping 2/4096 shifted_linear scores to keep log R finite
warning: clamping 1/4096 shifted_linear scores to keep log R finite
warning: clamping 1/4096 shifted_linear scores to keep log R finite
warning: clamping 1/4096 shifted_linear scores to keep log R finite
warning: clamping 1/4096 shifted_linear scores to keep log R finite
warning: clamping 1/4096 shifted_linear scores to keep log R finite
warning: clamping 1/4096 shifted_linear scores to keep log R finite
step=03800 loss=0.0008 reverse_nll=0.0000 ESS=0.994 batch_outcomes=4096 batch_topologies=4096 seen=15568882
warning: clamping 1/4096 shifted_linear scores to keep log R finite
warning: clamping 1/4096 shifted_linear scores to keep log R finite
warning: clamping 1/4096 shifted_linear scores to keep log R finite
warning: clamping 1/4096 shifted_linear scores to keep log R finite
warning: clamping 2/4096 shifted_linear scores to keep log R finite
warning: clamping 2/4096 shifted_linear scores to keep log R finite
warning: clamping 1/4096 shifted_linear scores to keep log R finite
warning: clamping 1/4096 shifted_linear scores to keep log R finite
warning: clamping 1/4096 shifted_linear scores to keep log R finite
warning: clamping 1/4096 shifted_linear scores to keep log R finite
warning: clamping 1/4096 shifted_linear scores to keep log R finite
warning: clamping 1/4096 shifted_linear scores to keep log R finite
warning: clamping 2/4096 shifted_linear scores to keep log R finite
warning: clamping 2/4096 shifted_linear scores to keep log R finite
warning: clamping 1/4096 shifted_linear scores to keep log R finite
warning: clamping 1/4096 shifted_linear scores to keep log R finite
warning: clamping 1/4096 shifted_linear scores to keep log R finite
warning: clamping 1/4096 shifted_linear scores to keep log R finite
warning: clamping 1/4096 shifted_linear scores to keep log R finite
warning: clamping 1/4096 shifted_linear scores to keep log R finite
step=03825 loss=-0.0012 reverse_nll=0.0000 ESS=0.995 batch_outcomes=4096 batch_topologies=4096 seen=15671282
warning: clamping 1/4096 shifted_linear scores to keep log R finite
warning: clamping 1/4096 shifted_linear scores to keep log R finite
warning: clamping 1/4096 shifted_linear scores to keep log R finite
warning: clamping 1/4096 shifted_linear scores to keep log R finite
warning: clamping 1/4096 shifted_linear scores to keep log R finite
warning: clamping 1/4096 shifted_linear scores to keep log R finite
warning: clamping 1/4096 shifted_linear scores to keep log R finite
warning: clamping 1/4096 shifted_linear scores to keep log R finite
warning: clamping 1/4096 shifted_linear scores to keep log R finite
warning: clamping 1/4096 shifted_linear scores to keep log R finite
warning: clamping 1/4096 shifted_linear scores to keep log R finite
warning: clamping 1/4096 shifted_linear scores to keep log R finite
step=03850 loss=-0.0007 reverse_nll=0.0000 ESS=0.994 batch_outcomes=4096 batch_topologies=4096 seen=15773682
warning: clamping 1/4096 shifted_linear scores to keep log R finite
warning: clamping 1/4096 shifted_linear scores to keep log R finite
warning: clamping 1/4096 shifted_linear scores to keep log R finite
warning: clamping 1/4096 shifted_linear scores to keep log R finite
warning: clamping 1/4096 shifted_linear scores to keep log R finite
warning: clamping 1/4096 shifted_linear scores to keep log R finite
warning: clamping 2/4096 shifted_linear scores to keep log R finite
warning: clamping 2/4096 shifted_linear scores to keep log R finite
warning: clamping 1/4096 shifted_linear scores to keep log R finite
warning: clamping 1/4096 shifted_linear scores to keep log R finite
warning: clamping 2/4096 shifted_linear scores to keep log R finite
warning: clamping 2/4096 shifted_linear scores to keep log R finite
warning: clamping 1/4096 shifted_linear scores to keep log R finite
warning: clamping 1/4096 shifted_linear scores to keep log R finite
warning: clamping 1/4096 shifted_linear scores to keep log R finite
warning: clamping 1/4096 shifted_linear scores to keep log R finite
warning: clamping 1/4096 shifted_linear scores to keep log R finite
warning: clamping 1/4096 shifted_linear scores to keep log R finite
warning: clamping 1/4096 shifted_linear scores to keep log R finite
warning: clamping 1/4096 shifted_linear scores to keep log R finite
step=03875 loss=-0.0019 reverse_nll=0.0000 ESS=0.994 batch_outcomes=4096 batch_topologies=4096 seen=15876082
warning: clamping 1/4096 shifted_linear scores to keep log R finite
warning: clamping 1/4096 shifted_linear scores to keep log R finite
warning: clamping 2/4096 shifted_linear scores to keep log R finite
warning: clamping 2/4096 shifted_linear scores to keep log R finite
warning: clamping 1/4096 shifted_linear scores to keep log R finite
warning: clamping 1/4096 shifted_linear scores to keep log R finite
warning: clamping 1/4096 shifted_linear scores to keep log R finite
warning: clamping 1/4096 shifted_linear scores to keep log R finite
warning: clamping 1/4096 shifted_linear scores to keep log R finite
warning: clamping 1/4096 shifted_linear scores to keep log R finite
warning: clamping 1/4096 shifted_linear scores to keep log R finite
warning: clamping 1/4096 shifted_linear scores to keep log R finite
warning: clamping 1/4096 shifted_linear scores to keep log R finite
warning: clamping 1/4096 shifted_linear scores to keep log R finite
warning: clamping 1/4096 shifted_linear scores to keep log R finite
warning: clamping 1/4096 shifted_linear scores to keep log R finite
warning: clamping 1/4096 shifted_linear scores to keep log R finite
warning: clamping 1/4096 shifted_linear scores to keep log R finite
warning: clamping 1/4096 shifted_linear scores to keep log R finite
warning: clamping 1/4096 shifted_linear scores to keep log R finite
step=03900 loss=0.0005 reverse_nll=0.0000 ESS=0.994 batch_outcomes=4096 batch_topologies=4096 seen=15978482
warning: clamping 1/4096 shifted_linear scores to keep log R finite
warning: clamping 1/4096 shifted_linear scores to keep log R finite
warning: clamping 1/4096 shifted_linear scores to keep log R finite
warning: clamping 1/4096 shifted_linear scores to keep log R finite
warning: clamping 2/4096 shifted_linear scores to keep log R finite
warning: clamping 2/4096 shifted_linear scores to keep log R finite
warning: clamping 1/4096 shifted_linear scores to keep log R finite
warning: clamping 1/4096 shifted_linear scores to keep log R finite
warning: clamping 2/4096 shifted_linear scores to keep log R finite
warning: clamping 2/4096 shifted_linear scores to keep log R finite
warning: clamping 1/4096 shifted_linear scores to keep log R finite
warning: clamping 1/4096 shifted_linear scores to keep log R finite
warning: clamping 1/4096 shifted_linear scores to keep log R finite
warning: clamping 1/4096 shifted_linear scores to keep log R finite
warning: clamping 1/4096 shifted_linear scores to keep log R finite
warning: clamping 1/4096 shifted_linear scores to keep log R finite
step=03925 loss=0.0015 reverse_nll=0.0000 ESS=0.994 batch_outcomes=4096 batch_topologies=4096 seen=16080882
warning: clamping 1/4096 shifted_linear scores to keep log R finite
warning: clamping 1/4096 shifted_linear scores to keep log R finite
warning: clamping 1/4096 shifted_linear scores to keep log R finite
warning: clamping 1/4096 shifted_linear scores to keep log R finite
warning: clamping 3/4096 shifted_linear scores to keep log R finite
warning: clamping 3/4096 shifted_linear scores to keep log R finite
warning: clamping 1/4096 shifted_linear scores to keep log R finite
warning: clamping 1/4096 shifted_linear scores to keep log R finite
warning: clamping 1/4096 shifted_linear scores to keep log R finite
warning: clamping 1/4096 shifted_linear scores to keep log R finite
warning: clamping 1/4096 shifted_linear scores to keep log R finite
warning: clamping 1/4096 shifted_linear scores to keep log R finite
warning: clamping 1/4096 shifted_linear scores to keep log R finite
warning: clamping 1/4096 shifted_linear scores to keep log R finite
warning: clamping 1/4096 shifted_linear scores to keep log R finite
warning: clamping 1/4096 shifted_linear scores to keep log R finite
warning: clamping 1/4096 shifted_linear scores to keep log R finite
warning: clamping 1/4096 shifted_linear scores to keep log R finite
warning: clamping 1/4096 shifted_linear scores to keep log R finite
warning: clamping 1/4096 shifted_linear scores to keep log R finite
warning: clamping 2/4096 shifted_linear scores to keep log R finite
warning: clamping 2/4096 shifted_linear scores to keep log R finite
step=03950 loss=0.0009 reverse_nll=0.0000 ESS=0.994 batch_outcomes=4096 batch_topologies=4096 seen=16183281
warning: clamping 2/4096 shifted_linear scores to keep log R finite
warning: clamping 2/4096 shifted_linear scores to keep log R finite
warning: clamping 3/4096 shifted_linear scores to keep log R finite
warning: clamping 3/4096 shifted_linear scores to keep log R finite
warning: clamping 1/4096 shifted_linear scores to keep log R finite
warning: clamping 1/4096 shifted_linear scores to keep log R finite
warning: clamping 1/4096 shifted_linear scores to keep log R finite
warning: clamping 1/4096 shifted_linear scores to keep log R finite
warning: clamping 1/4096 shifted_linear scores to keep log R finite
warning: clamping 1/4096 shifted_linear scores to keep log R finite
warning: clamping 1/4096 shifted_linear scores to keep log R finite
warning: clamping 1/4096 shifted_linear scores to keep log R finite
warning: clamping 1/4096 shifted_linear scores to keep log R finite
warning: clamping 1/4096 shifted_linear scores to keep log R finite
step=03975 loss=-0.0002 reverse_nll=0.0000 ESS=0.994 batch_outcomes=4096 batch_topologies=4096 seen=16285681
warning: clamping 2/4096 shifted_linear scores to keep log R finite
warning: clamping 2/4096 shifted_linear scores to keep log R finite
warning: clamping 1/4096 shifted_linear scores to keep log R finite
warning: clamping 1/4096 shifted_linear scores to keep log R finite
warning: clamping 1/4096 shifted_linear scores to keep log R finite
warning: clamping 1/4096 shifted_linear scores to keep log R finite
warning: clamping 1/4096 shifted_linear scores to keep log R finite
warning: clamping 1/4096 shifted_linear scores to keep log R finite
warning: clamping 2/4096 shifted_linear scores to keep log R finite
warning: clamping 2/4096 shifted_linear scores to keep log R finite
warning: clamping 1/4096 shifted_linear scores to keep log R finite
warning: clamping 1/4096 shifted_linear scores to keep log R finite
warning: clamping 1/4096 shifted_linear scores to keep log R finite
warning: clamping 1/4096 shifted_linear scores to keep log R finite
warning: clamping 1/4096 shifted_linear scores to keep log R finite
warning: clamping 1/4096 shifted_linear scores to keep log R finite
step=04000 loss=0.0005 reverse_nll=0.0000 ESS=0.995 batch_outcomes=4096 batch_topologies=4096 seen=16388081
warning: clamping 2/4096 shifted_linear scores to keep log R finite
warning: clamping 2/4096 shifted_linear scores to keep log R finite
warning: clamping 1/4096 shifted_linear scores to keep log R finite
warning: clamping 1/4096 shifted_linear scores to keep log R finite
warning: clamping 1/4096 shifted_linear scores to keep log R finite
warning: clamping 1/4096 shifted_linear scores to keep log R finite
warning: clamping 1/4096 shifted_linear scores to keep log R finite
warning: clamping 1/4096 shifted_linear scores to keep log R finite
warning: clamping 1/4096 shifted_linear scores to keep log R finite
warning: clamping 1/4096 shifted_linear scores to keep log R finite
warning: clamping 1/4096 shifted_linear scores to keep log R finite
warning: clamping 1/4096 shifted_linear scores to keep log R finite
step=04025 loss=-0.0004 reverse_nll=0.0000 ESS=0.995 batch_outcomes=4096 batch_topologies=4096 seen=16490481
warning: clamping 1/4096 shifted_linear scores to keep log R finite
warning: clamping 1/4096 shifted_linear scores to keep log R finite
warning: clamping 1/4096 shifted_linear scores to keep log R finite
warning: clamping 1/4096 shifted_linear scores to keep log R finite
warning: clamping 1/4096 shifted_linear scores to keep log R finite
warning: clamping 1/4096 shifted_linear scores to keep log R finite
warning: clamping 1/4096 shifted_linear scores to keep log R finite
warning: clamping 1/4096 shifted_linear scores to keep log R finite
step=04050 loss=-0.0005 reverse_nll=0.0000 ESS=0.994 batch_outcomes=4096 batch_topologies=4095 seen=16592881
warning: clamping 1/4096 shifted_linear scores to keep log R finite
warning: clamping 1/4096 shifted_linear scores to keep log R finite
warning: clamping 1/4096 shifted_linear scores to keep log R finite
warning: clamping 1/4096 shifted_linear scores to keep log R finite
warning: clamping 1/4096 shifted_linear scores to keep log R finite
warning: clamping 1/4096 shifted_linear scores to keep log R finite
warning: clamping 1/4096 shifted_linear scores to keep log R finite
warning: clamping 1/4096 shifted_linear scores to keep log R finite
warning: clamping 2/4096 shifted_linear scores to keep log R finite
warning: clamping 2/4096 shifted_linear scores to keep log R finite
warning: clamping 1/4096 shifted_linear scores to keep log R finite
warning: clamping 1/4096 shifted_linear scores to keep log R finite
step=04075 loss=-0.0017 reverse_nll=0.0000 ESS=0.993 batch_outcomes=4096 batch_topologies=4096 seen=16695281
warning: clamping 1/4096 shifted_linear scores to keep log R finite
warning: clamping 1/4096 shifted_linear scores to keep log R finite
warning: clamping 1/4096 shifted_linear scores to keep log R finite
warning: clamping 1/4096 shifted_linear scores to keep log R finite
warning: clamping 1/4096 shifted_linear scores to keep log R finite
warning: clamping 1/4096 shifted_linear scores to keep log R finite
warning: clamping 1/4096 shifted_linear scores to keep log R finite
warning: clamping 1/4096 shifted_linear scores to keep log R finite
warning: clamping 1/4096 shifted_linear scores to keep log R finite
warning: clamping 1/4096 shifted_linear scores to keep log R finite
warning: clamping 1/4096 shifted_linear scores to keep log R finite
warning: clamping 1/4096 shifted_linear scores to keep log R finite
warning: clamping 1/4096 shifted_linear scores to keep log R finite
warning: clamping 1/4096 shifted_linear scores to keep log R finite
warning: clamping 2/4096 shifted_linear scores to keep log R finite
warning: clamping 2/4096 shifted_linear scores to keep log R finite
warning: clamping 1/4096 shifted_linear scores to keep log R finite
warning: clamping 1/4096 shifted_linear scores to keep log R finite
step=04100 loss=-0.0004 reverse_nll=0.0000 ESS=0.994 batch_outcomes=4096 batch_topologies=4096 seen=16797680
warning: clamping 1/4096 shifted_linear scores to keep log R finite
warning: clamping 1/4096 shifted_linear scores to keep log R finite
warning: clamping 1/4096 shifted_linear scores to keep log R finite
warning: clamping 1/4096 shifted_linear scores to keep log R finite
warning: clamping 2/4096 shifted_linear scores to keep log R finite
warning: clamping 2/4096 shifted_linear scores to keep log R finite
warning: clamping 1/4096 shifted_linear scores to keep log R finite
warning: clamping 1/4096 shifted_linear scores to keep log R finite
warning: clamping 2/4096 shifted_linear scores to keep log R finite
warning: clamping 2/4096 shifted_linear scores to keep log R finite
warning: clamping 1/4096 shifted_linear scores to keep log R finite
warning: clamping 1/4096 shifted_linear scores to keep log R finite
warning: clamping 2/4096 shifted_linear scores to keep log R finite
warning: clamping 2/4096 shifted_linear scores to keep log R finite
warning: clamping 3/4096 shifted_linear scores to keep log R finite
warning: clamping 3/4096 shifted_linear scores to keep log R finite
warning: clamping 2/4096 shifted_linear scores to keep log R finite
warning: clamping 2/4096 shifted_linear scores to keep log R finite
warning: clamping 3/4096 shifted_linear scores to keep log R finite
warning: clamping 3/4096 shifted_linear scores to keep log R finite
step=04125 loss=-0.0014 reverse_nll=0.0000 ESS=0.994 batch_outcomes=4096 batch_topologies=4096 seen=16900080
warning: clamping 1/4096 shifted_linear scores to keep log R finite
warning: clamping 1/4096 shifted_linear scores to keep log R finite
warning: clamping 1/4096 shifted_linear scores to keep log R finite
warning: clamping 1/4096 shifted_linear scores to keep log R finite
warning: clamping 1/4096 shifted_linear scores to keep log R finite
warning: clamping 1/4096 shifted_linear scores to keep log R finite
warning: clamping 1/4096 shifted_linear scores to keep log R finite
warning: clamping 1/4096 shifted_linear scores to keep log R finite
warning: clamping 1/4096 shifted_linear scores to keep log R finite
warning: clamping 1/4096 shifted_linear scores to keep log R finite
warning: clamping 1/4096 shifted_linear scores to keep log R finite
warning: clamping 1/4096 shifted_linear scores to keep log R finite
warning: clamping 1/4096 shifted_linear scores to keep log R finite
warning: clamping 1/4096 shifted_linear scores to keep log R finite
warning: clamping 2/4096 shifted_linear scores to keep log R finite
warning: clamping 2/4096 shifted_linear scores to keep log R finite
warning: clamping 1/4096 shifted_linear scores to keep log R finite
warning: clamping 1/4096 shifted_linear scores to keep log R finite
warning: clamping 2/4096 shifted_linear scores to keep log R finite
warning: clamping 2/4096 shifted_linear scores to keep log R finite
step=04150 loss=-0.0002 reverse_nll=0.0000 ESS=0.995 batch_outcomes=4096 batch_topologies=4096 seen=17002480
warning: clamping 1/4096 shifted_linear scores to keep log R finite
warning: clamping 1/4096 shifted_linear scores to keep log R finite
warning: clamping 1/4096 shifted_linear scores to keep log R finite
warning: clamping 1/4096 shifted_linear scores to keep log R finite
warning: clamping 1/4096 shifted_linear scores to keep log R finite
warning: clamping 1/4096 shifted_linear scores to keep log R finite
warning: clamping 1/4096 shifted_linear scores to keep log R finite
warning: clamping 1/4096 shifted_linear scores to keep log R finite
warning: clamping 1/4096 shifted_linear scores to keep log R finite
warning: clamping 1/4096 shifted_linear scores to keep log R finite
warning: clamping 2/4096 shifted_linear scores to keep log R finite
warning: clamping 2/4096 shifted_linear scores to keep log R finite
warning: clamping 1/4096 shifted_linear scores to keep log R finite
warning: clamping 1/4096 shifted_linear scores to keep log R finite
step=04175 loss=-0.0007 reverse_nll=0.0000 ESS=0.995 batch_outcomes=4096 batch_topologies=4096 seen=17104880
warning: clamping 2/4096 shifted_linear scores to keep log R finite
warning: clamping 2/4096 shifted_linear scores to keep log R finite
warning: clamping 3/4096 shifted_linear scores to keep log R finite
warning: clamping 3/4096 shifted_linear scores to keep log R finite
warning: clamping 2/4096 shifted_linear scores to keep log R finite
warning: clamping 2/4096 shifted_linear scores to keep log R finite
warning: clamping 1/4096 shifted_linear scores to keep log R finite
warning: clamping 1/4096 shifted_linear scores to keep log R finite
warning: clamping 1/4096 shifted_linear scores to keep log R finite
warning: clamping 1/4096 shifted_linear scores to keep log R finite
warning: clamping 2/4096 shifted_linear scores to keep log R finite
warning: clamping 2/4096 shifted_linear scores to keep log R finite
warning: clamping 1/4096 shifted_linear scores to keep log R finite
warning: clamping 1/4096 shifted_linear scores to keep log R finite
warning: clamping 1/4096 shifted_linear scores to keep log R finite
warning: clamping 1/4096 shifted_linear scores to keep log R finite
warning: clamping 1/4096 shifted_linear scores to keep log R finite
warning: clamping 1/4096 shifted_linear scores to keep log R finite
step=04200 loss=0.0003 reverse_nll=0.0000 ESS=0.995 batch_outcomes=4096 batch_topologies=4096 seen=17207280
warning: clamping 1/4096 shifted_linear scores to keep log R finite
warning: clamping 1/4096 shifted_linear scores to keep log R finite
warning: clamping 1/4096 shifted_linear scores to keep log R finite
warning: clamping 1/4096 shifted_linear scores to keep log R finite
warning: clamping 1/4096 shifted_linear scores to keep log R finite
warning: clamping 1/4096 shifted_linear scores to keep log R finite
warning: clamping 2/4096 shifted_linear scores to keep log R finite
warning: clamping 2/4096 shifted_linear scores to keep log R finite
warning: clamping 1/4096 shifted_linear scores to keep log R finite
warning: clamping 1/4096 shifted_linear scores to keep log R finite
warning: clamping 1/4096 shifted_linear scores to keep log R finite
warning: clamping 1/4096 shifted_linear scores to keep log R finite
warning: clamping 2/4096 shifted_linear scores to keep log R finite
warning: clamping 2/4096 shifted_linear scores to keep log R finite
warning: clamping 1/4096 shifted_linear scores to keep log R finite
warning: clamping 1/4096 shifted_linear scores to keep log R finite
step=04225 loss=-0.0002 reverse_nll=0.0000 ESS=0.994 batch_outcomes=4096 batch_topologies=4096 seen=17309680
warning: clamping 1/4096 shifted_linear scores to keep log R finite
warning: clamping 1/4096 shifted_linear scores to keep log R finite
warning: clamping 1/4096 shifted_linear scores to keep log R finite
warning: clamping 1/4096 shifted_linear scores to keep log R finite
warning: clamping 2/4096 shifted_linear scores to keep log R finite
warning: clamping 2/4096 shifted_linear scores to keep log R finite
warning: clamping 1/4096 shifted_linear scores to keep log R finite
warning: clamping 1/4096 shifted_linear scores to keep log R finite
warning: clamping 2/4096 shifted_linear scores to keep log R finite
warning: clamping 2/4096 shifted_linear scores to keep log R finite
warning: clamping 1/4096 shifted_linear scores to keep log R finite
warning: clamping 1/4096 shifted_linear scores to keep log R finite
warning: clamping 1/4096 shifted_linear scores to keep log R finite
warning: clamping 1/4096 shifted_linear scores to keep log R finite
warning: clamping 1/4096 shifted_linear scores to keep log R finite
warning: clamping 1/4096 shifted_linear scores to keep log R finite
warning: clamping 1/4096 shifted_linear scores to keep log R finite
warning: clamping 1/4096 shifted_linear scores to keep log R finite
warning: clamping 1/4096 shifted_linear scores to keep log R finite
warning: clamping 1/4096 shifted_linear scores to keep log R finite
warning: clamping 1/4096 shifted_linear scores to keep log R finite
warning: clamping 1/4096 shifted_linear scores to keep log R finite
step=04250 loss=0.0015 reverse_nll=0.0000 ESS=0.994 batch_outcomes=4096 batch_topologies=4096 seen=17412080
warning: clamping 1/4096 shifted_linear scores to keep log R finite
warning: clamping 1/4096 shifted_linear scores to keep log R finite
warning: clamping 2/4096 shifted_linear scores to keep log R finite
warning: clamping 2/4096 shifted_linear scores to keep log R finite
warning: clamping 1/4096 shifted_linear scores to keep log R finite
warning: clamping 1/4096 shifted_linear scores to keep log R finite
warning: clamping 1/4096 shifted_linear scores to keep log R finite
warning: clamping 1/4096 shifted_linear scores to keep log R finite
warning: clamping 1/4096 shifted_linear scores to keep log R finite
warning: clamping 1/4096 shifted_linear scores to keep log R finite
warning: clamping 1/4096 shifted_linear scores to keep log R finite
warning: clamping 1/4096 shifted_linear scores to keep log R finite
warning: clamping 1/4096 shifted_linear scores to keep log R finite
warning: clamping 1/4096 shifted_linear scores to keep log R finite
warning: clamping 1/4096 shifted_linear scores to keep log R finite
warning: clamping 1/4096 shifted_linear scores to keep log R finite
step=04275 loss=-0.0008 reverse_nll=0.0000 ESS=0.994 batch_outcomes=4096 batch_topologies=4096 seen=17514479
warning: clamping 1/4096 shifted_linear scores to keep log R finite
warning: clamping 1/4096 shifted_linear scores to keep log R finite
warning: clamping 1/4096 shifted_linear scores to keep log R finite
warning: clamping 1/4096 shifted_linear scores to keep log R finite
warning: clamping 1/4096 shifted_linear scores to keep log R finite
warning: clamping 1/4096 shifted_linear scores to keep log R finite
warning: clamping 1/4096 shifted_linear scores to keep log R finite
warning: clamping 1/4096 shifted_linear scores to keep log R finite
warning: clamping 1/4096 shifted_linear scores to keep log R finite
warning: clamping 1/4096 shifted_linear scores to keep log R finite
warning: clamping 1/4096 shifted_linear scores to keep log R finite
warning: clamping 1/4096 shifted_linear scores to keep log R finite
warning: clamping 1/4096 shifted_linear scores to keep log R finite
warning: clamping 1/4096 shifted_linear scores to keep log R finite
step=04300 loss=-0.0004 reverse_nll=0.0000 ESS=0.995 batch_outcomes=4096 batch_topologies=4095 seen=17616879
warning: clamping 2/4096 shifted_linear scores to keep log R finite
warning: clamping 2/4096 shifted_linear scores to keep log R finite
warning: clamping 1/4096 shifted_linear scores to keep log R finite
warning: clamping 1/4096 shifted_linear scores to keep log R finite
warning: clamping 2/4096 shifted_linear scores to keep log R finite
warning: clamping 2/4096 shifted_linear scores to keep log R finite
warning: clamping 1/4096 shifted_linear scores to keep log R finite
warning: clamping 1/4096 shifted_linear scores to keep log R finite
warning: clamping 1/4096 shifted_linear scores to keep log R finite
warning: clamping 1/4096 shifted_linear scores to keep log R finite
warning: clamping 1/4096 shifted_linear scores to keep log R finite
warning: clamping 1/4096 shifted_linear scores to keep log R finite
warning: clamping 1/4096 shifted_linear scores to keep log R finite
warning: clamping 1/4096 shifted_linear scores to keep log R finite
step=04325 loss=-0.0005 reverse_nll=0.0000 ESS=0.994 batch_outcomes=4096 batch_topologies=4096 seen=17719279
warning: clamping 2/4096 shifted_linear scores to keep log R finite
warning: clamping 2/4096 shifted_linear scores to keep log R finite
warning: clamping 1/4096 shifted_linear scores to keep log R finite
warning: clamping 1/4096 shifted_linear scores to keep log R finite
warning: clamping 1/4096 shifted_linear scores to keep log R finite
warning: clamping 1/4096 shifted_linear scores to keep log R finite
warning: clamping 2/4096 shifted_linear scores to keep log R finite
warning: clamping 2/4096 shifted_linear scores to keep log R finite
warning: clamping 2/4096 shifted_linear scores to keep log R finite
warning: clamping 2/4096 shifted_linear scores to keep log R finite
warning: clamping 1/4096 shifted_linear scores to keep log R finite
warning: clamping 1/4096 shifted_linear scores to keep log R finite
warning: clamping 1/4096 shifted_linear scores to keep log R finite
warning: clamping 1/4096 shifted_linear scores to keep log R finite
warning: clamping 2/4096 shifted_linear scores to keep log R finite
warning: clamping 2/4096 shifted_linear scores to keep log R finite
warning: clamping 1/4096 shifted_linear scores to keep log R finite
warning: clamping 1/4096 shifted_linear scores to keep log R finite
warning: clamping 1/4096 shifted_linear scores to keep log R finite
warning: clamping 1/4096 shifted_linear scores to keep log R finite
warning: clamping 1/4096 shifted_linear scores to keep log R finite
warning: clamping 1/4096 shifted_linear scores to keep log R finite
step=04350 loss=-0.0003 reverse_nll=0.0000 ESS=0.994 batch_outcomes=4096 batch_topologies=4096 seen=17821679
warning: clamping 1/4096 shifted_linear scores to keep log R finite
warning: clamping 1/4096 shifted_linear scores to keep log R finite
warning: clamping 1/4096 shifted_linear scores to keep log R finite
warning: clamping 1/4096 shifted_linear scores to keep log R finite
warning: clamping 1/4096 shifted_linear scores to keep log R finite
warning: clamping 1/4096 shifted_linear scores to keep log R finite
step=04375 loss=-0.0008 reverse_nll=0.0000 ESS=0.994 batch_outcomes=4096 batch_topologies=4096 seen=17924079
warning: clamping 1/4096 shifted_linear scores to keep log R finite
warning: clamping 1/4096 shifted_linear scores to keep log R finite
warning: clamping 1/4096 shifted_linear scores to keep log R finite
warning: clamping 1/4096 shifted_linear scores to keep log R finite
warning: clamping 1/4096 shifted_linear scores to keep log R finite
warning: clamping 1/4096 shifted_linear scores to keep log R finite
warning: clamping 1/4096 shifted_linear scores to keep log R finite
warning: clamping 1/4096 shifted_linear scores to keep log R finite
warning: clamping 1/4096 shifted_linear scores to keep log R finite
warning: clamping 1/4096 shifted_linear scores to keep log R finite
step=04400 loss=-0.0003 reverse_nll=0.0000 ESS=0.995 batch_outcomes=4096 batch_topologies=4095 seen=18026479
warning: clamping 1/4096 shifted_linear scores to keep log R finite
warning: clamping 1/4096 shifted_linear scores to keep log R finite
warning: clamping 1/4096 shifted_linear scores to keep log R finite
warning: clamping 1/4096 shifted_linear scores to keep log R finite
warning: clamping 1/4096 shifted_linear scores to keep log R finite
warning: clamping 1/4096 shifted_linear scores to keep log R finite
warning: clamping 1/4096 shifted_linear scores to keep log R finite
warning: clamping 1/4096 shifted_linear scores to keep log R finite
warning: clamping 1/4096 shifted_linear scores to keep log R finite
warning: clamping 1/4096 shifted_linear scores to keep log R finite
warning: clamping 1/4096 shifted_linear scores to keep log R finite
warning: clamping 1/4096 shifted_linear scores to keep log R finite
warning: clamping 1/4096 shifted_linear scores to keep log R finite
warning: clamping 1/4096 shifted_linear scores to keep log R finite
warning: clamping 1/4096 shifted_linear scores to keep log R finite
warning: clamping 1/4096 shifted_linear scores to keep log R finite
warning: clamping 2/4096 shifted_linear scores to keep log R finite
warning: clamping 2/4096 shifted_linear scores to keep log R finite
step=04425 loss=-0.0007 reverse_nll=0.0000 ESS=0.994 batch_outcomes=4096 batch_topologies=4096 seen=18128878
warning: clamping 1/4096 shifted_linear scores to keep log R finite
warning: clamping 1/4096 shifted_linear scores to keep log R finite
warning: clamping 1/4096 shifted_linear scores to keep log R finite
warning: clamping 1/4096 shifted_linear scores to keep log R finite
warning: clamping 1/4096 shifted_linear scores to keep log R finite
warning: clamping 1/4096 shifted_linear scores to keep log R finite
warning: clamping 1/4096 shifted_linear scores to keep log R finite
warning: clamping 1/4096 shifted_linear scores to keep log R finite
warning: clamping 1/4096 shifted_linear scores to keep log R finite
warning: clamping 1/4096 shifted_linear scores to keep log R finite
warning: clamping 1/4096 shifted_linear scores to keep log R finite
warning: clamping 1/4096 shifted_linear scores to keep log R finite
warning: clamping 1/4096 shifted_linear scores to keep log R finite
warning: clamping 1/4096 shifted_linear scores to keep log R finite
warning: clamping 1/4096 shifted_linear scores to keep log R finite
warning: clamping 1/4096 shifted_linear scores to keep log R finite
step=04450 loss=0.0010 reverse_nll=0.0000 ESS=0.995 batch_outcomes=4096 batch_topologies=4096 seen=18231278
warning: clamping 1/4096 shifted_linear scores to keep log R finite
warning: clamping 1/4096 shifted_linear scores to keep log R finite
warning: clamping 1/4096 shifted_linear scores to keep log R finite
warning: clamping 1/4096 shifted_linear scores to keep log R finite
warning: clamping 1/4096 shifted_linear scores to keep log R finite
warning: clamping 1/4096 shifted_linear scores to keep log R finite
warning: clamping 2/4096 shifted_linear scores to keep log R finite
warning: clamping 2/4096 shifted_linear scores to keep log R finite
warning: clamping 1/4096 shifted_linear scores to keep log R finite
warning: clamping 1/4096 shifted_linear scores to keep log R finite
warning: clamping 1/4096 shifted_linear scores to keep log R finite
warning: clamping 1/4096 shifted_linear scores to keep log R finite
warning: clamping 1/4096 shifted_linear scores to keep log R finite
warning: clamping 1/4096 shifted_linear scores to keep log R finite
warning: clamping 1/4096 shifted_linear scores to keep log R finite
warning: clamping 1/4096 shifted_linear scores to keep log R finite
step=04475 loss=-0.0005 reverse_nll=0.0000 ESS=0.995 batch_outcomes=4096 batch_topologies=4096 seen=18333678
warning: clamping 1/4096 shifted_linear scores to keep log R finite
warning: clamping 1/4096 shifted_linear scores to keep log R finite
warning: clamping 2/4096 shifted_linear scores to keep log R finite
warning: clamping 2/4096 shifted_linear scores to keep log R finite
warning: clamping 1/4096 shifted_linear scores to keep log R finite
warning: clamping 1/4096 shifted_linear scores to keep log R finite
warning: clamping 1/4096 shifted_linear scores to keep log R finite
warning: clamping 1/4096 shifted_linear scores to keep log R finite
warning: clamping 1/4096 shifted_linear scores to keep log R finite
warning: clamping 1/4096 shifted_linear scores to keep log R finite
warning: clamping 1/4096 shifted_linear scores to keep log R finite
warning: clamping 1/4096 shifted_linear scores to keep log R finite
warning: clamping 1/4096 shifted_linear scores to keep log R finite
warning: clamping 1/4096 shifted_linear scores to keep log R finite
step=04500 loss=-0.0002 reverse_nll=0.0000 ESS=0.994 batch_outcomes=4096 batch_topologies=4096 seen=18436078
warning: clamping 2/4096 shifted_linear scores to keep log R finite
warning: clamping 2/4096 shifted_linear scores to keep log R finite
warning: clamping 3/4096 shifted_linear scores to keep log R finite
warning: clamping 3/4096 shifted_linear scores to keep log R finite
warning: clamping 1/4096 shifted_linear scores to keep log R finite
warning: clamping 1/4096 shifted_linear scores to keep log R finite
warning: clamping 1/4096 shifted_linear scores to keep log R finite
warning: clamping 1/4096 shifted_linear scores to keep log R finite
warning: clamping 1/4096 shifted_linear scores to keep log R finite
warning: clamping 1/4096 shifted_linear scores to keep log R finite
warning: clamping 1/4096 shifted_linear scores to keep log R finite
warning: clamping 1/4096 shifted_linear scores to keep log R finite
warning: clamping 1/4096 shifted_linear scores to keep log R finite
warning: clamping 1/4096 shifted_linear scores to keep log R finite
warning: clamping 1/4096 shifted_linear scores to keep log R finite
warning: clamping 1/4096 shifted_linear scores to keep log R finite
step=04525 loss=-0.0008 reverse_nll=0.0000 ESS=0.995 batch_outcomes=4096 batch_topologies=4096 seen=18538478
warning: clamping 2/4096 shifted_linear scores to keep log R finite
warning: clamping 2/4096 shifted_linear scores to keep log R finite
warning: clamping 1/4096 shifted_linear scores to keep log R finite
warning: clamping 1/4096 shifted_linear scores to keep log R finite
warning: clamping 2/4096 shifted_linear scores to keep log R finite
warning: clamping 2/4096 shifted_linear scores to keep log R finite
warning: clamping 2/4096 shifted_linear scores to keep log R finite
warning: clamping 2/4096 shifted_linear scores to keep log R finite
warning: clamping 1/4096 shifted_linear scores to keep log R finite
warning: clamping 1/4096 shifted_linear scores to keep log R finite
warning: clamping 1/4096 shifted_linear scores to keep log R finite
warning: clamping 1/4096 shifted_linear scores to keep log R finite
step=04550 loss=0.0012 reverse_nll=0.0000 ESS=0.995 batch_outcomes=4096 batch_topologies=4096 seen=18640877
warning: clamping 1/4096 shifted_linear scores to keep log R finite
warning: clamping 1/4096 shifted_linear scores to keep log R finite
warning: clamping 1/4096 shifted_linear scores to keep log R finite
warning: clamping 1/4096 shifted_linear scores to keep log R finite
warning: clamping 2/4096 shifted_linear scores to keep log R finite
warning: clamping 2/4096 shifted_linear scores to keep log R finite
warning: clamping 1/4096 shifted_linear scores to keep log R finite
warning: clamping 1/4096 shifted_linear scores to keep log R finite
warning: clamping 2/4096 shifted_linear scores to keep log R finite
warning: clamping 2/4096 shifted_linear scores to keep log R finite
warning: clamping 1/4096 shifted_linear scores to keep log R finite
warning: clamping 1/4096 shifted_linear scores to keep log R finite
warning: clamping 1/4096 shifted_linear scores to keep log R finite
warning: clamping 1/4096 shifted_linear scores to keep log R finite
warning: clamping 1/4096 shifted_linear scores to keep log R finite
warning: clamping 1/4096 shifted_linear scores to keep log R finite
warning: clamping 1/4096 shifted_linear scores to keep log R finite
warning: clamping 1/4096 shifted_linear scores to keep log R finite
warning: clamping 2/4096 shifted_linear scores to keep log R finite
warning: clamping 2/4096 shifted_linear scores to keep log R finite
step=04575 loss=-0.0012 reverse_nll=0.0000 ESS=0.994 batch_outcomes=4096 batch_topologies=4096 seen=18743276
warning: clamping 1/4096 shifted_linear scores to keep log R finite
warning: clamping 1/4096 shifted_linear scores to keep log R finite
warning: clamping 1/4096 shifted_linear scores to keep log R finite
warning: clamping 1/4096 shifted_linear scores to keep log R finite
warning: clamping 1/4096 shifted_linear scores to keep log R finite
warning: clamping 1/4096 shifted_linear scores to keep log R finite
warning: clamping 2/4096 shifted_linear scores to keep log R finite
warning: clamping 2/4096 shifted_linear scores to keep log R finite
warning: clamping 1/4096 shifted_linear scores to keep log R finite
warning: clamping 1/4096 shifted_linear scores to keep log R finite
warning: clamping 2/4096 shifted_linear scores to keep log R finite
warning: clamping 2/4096 shifted_linear scores to keep log R finite
warning: clamping 1/4096 shifted_linear scores to keep log R finite
warning: clamping 1/4096 shifted_linear scores to keep log R finite
warning: clamping 1/4096 shifted_linear scores to keep log R finite
warning: clamping 1/4096 shifted_linear scores to keep log R finite
warning: clamping 1/4096 shifted_linear scores to keep log R finite
warning: clamping 1/4096 shifted_linear scores to keep log R finite
warning: clamping 1/4096 shifted_linear scores to keep log R finite
warning: clamping 1/4096 shifted_linear scores to keep log R finite
step=04600 loss=0.0001 reverse_nll=0.0000 ESS=0.994 batch_outcomes=4096 batch_topologies=4096 seen=18845675
warning: clamping 1/4096 shifted_linear scores to keep log R finite
warning: clamping 1/4096 shifted_linear scores to keep log R finite
warning: clamping 1/4096 shifted_linear scores to keep log R finite
warning: clamping 1/4096 shifted_linear scores to keep log R finite
warning: clamping 1/4096 shifted_linear scores to keep log R finite
warning: clamping 1/4096 shifted_linear scores to keep log R finite
warning: clamping 1/4096 shifted_linear scores to keep log R finite
warning: clamping 1/4096 shifted_linear scores to keep log R finite
warning: clamping 2/4096 shifted_linear scores to keep log R finite
warning: clamping 2/4096 shifted_linear scores to keep log R finite
warning: clamping 1/4096 shifted_linear scores to keep log R finite
warning: clamping 1/4096 shifted_linear scores to keep log R finite
warning: clamping 1/4096 shifted_linear scores to keep log R finite
warning: clamping 1/4096 shifted_linear scores to keep log R finite
warning: clamping 1/4096 shifted_linear scores to keep log R finite
warning: clamping 1/4096 shifted_linear scores to keep log R finite
step=04625 loss=-0.0029 reverse_nll=0.0000 ESS=0.994 batch_outcomes=4096 batch_topologies=4095 seen=18948074
warning: clamping 1/4096 shifted_linear scores to keep log R finite
warning: clamping 1/4096 shifted_linear scores to keep log R finite
warning: clamping 1/4096 shifted_linear scores to keep log R finite
warning: clamping 1/4096 shifted_linear scores to keep log R finite
warning: clamping 1/4096 shifted_linear scores to keep log R finite
warning: clamping 1/4096 shifted_linear scores to keep log R finite
warning: clamping 1/4096 shifted_linear scores to keep log R finite
warning: clamping 1/4096 shifted_linear scores to keep log R finite
warning: clamping 2/4096 shifted_linear scores to keep log R finite
warning: clamping 2/4096 shifted_linear scores to keep log R finite
warning: clamping 1/4096 shifted_linear scores to keep log R finite
warning: clamping 1/4096 shifted_linear scores to keep log R finite
warning: clamping 3/4096 shifted_linear scores to keep log R finite
warning: clamping 3/4096 shifted_linear scores to keep log R finite
warning: clamping 1/4096 shifted_linear scores to keep log R finite
warning: clamping 1/4096 shifted_linear scores to keep log R finite
step=04650 loss=0.0014 reverse_nll=0.0000 ESS=0.995 batch_outcomes=4096 batch_topologies=4094 seen=19050473
warning: clamping 1/4096 shifted_linear scores to keep log R finite
warning: clamping 1/4096 shifted_linear scores to keep log R finite
warning: clamping 1/4096 shifted_linear scores to keep log R finite
warning: clamping 1/4096 shifted_linear scores to keep log R finite
warning: clamping 2/4096 shifted_linear scores to keep log R finite
warning: clamping 2/4096 shifted_linear scores to keep log R finite
warning: clamping 2/4096 shifted_linear scores to keep log R finite
warning: clamping 2/4096 shifted_linear scores to keep log R finite
warning: clamping 1/4096 shifted_linear scores to keep log R finite
warning: clamping 1/4096 shifted_linear scores to keep log R finite
warning: clamping 1/4096 shifted_linear scores to keep log R finite
warning: clamping 1/4096 shifted_linear scores to keep log R finite
step=04675 loss=0.0008 reverse_nll=0.0000 ESS=0.994 batch_outcomes=4096 batch_topologies=4096 seen=19152872
warning: clamping 1/4096 shifted_linear scores to keep log R finite
warning: clamping 1/4096 shifted_linear scores to keep log R finite
warning: clamping 1/4096 shifted_linear scores to keep log R finite
warning: clamping 1/4096 shifted_linear scores to keep log R finite
warning: clamping 1/4096 shifted_linear scores to keep log R finite
warning: clamping 1/4096 shifted_linear scores to keep log R finite
warning: clamping 1/4096 shifted_linear scores to keep log R finite
warning: clamping 1/4096 shifted_linear scores to keep log R finite
warning: clamping 1/4096 shifted_linear scores to keep log R finite
warning: clamping 1/4096 shifted_linear scores to keep log R finite
warning: clamping 1/4096 shifted_linear scores to keep log R finite
warning: clamping 1/4096 shifted_linear scores to keep log R finite
warning: clamping 1/4096 shifted_linear scores to keep log R finite
warning: clamping 1/4096 shifted_linear scores to keep log R finite
warning: clamping 1/4096 shifted_linear scores to keep log R finite
warning: clamping 1/4096 shifted_linear scores to keep log R finite
warning: clamping 1/4096 shifted_linear scores to keep log R finite
warning: clamping 1/4096 shifted_linear scores to keep log R finite
warning: clamping 1/4096 shifted_linear scores to keep log R finite
warning: clamping 1/4096 shifted_linear scores to keep log R finite
step=04700 loss=-0.0006 reverse_nll=0.0000 ESS=0.995 batch_outcomes=4096 batch_topologies=4096 seen=19255272
warning: clamping 2/4096 shifted_linear scores to keep log R finite
warning: clamping 2/4096 shifted_linear scores to keep log R finite
warning: clamping 1/4096 shifted_linear scores to keep log R finite
warning: clamping 1/4096 shifted_linear scores to keep log R finite
warning: clamping 1/4096 shifted_linear scores to keep log R finite
warning: clamping 1/4096 shifted_linear scores to keep log R finite
warning: clamping 2/4096 shifted_linear scores to keep log R finite
warning: clamping 2/4096 shifted_linear scores to keep log R finite
warning: clamping 2/4096 shifted_linear scores to keep log R finite
warning: clamping 2/4096 shifted_linear scores to keep log R finite
warning: clamping 2/4096 shifted_linear scores to keep log R finite
warning: clamping 2/4096 shifted_linear scores to keep log R finite
warning: clamping 1/4096 shifted_linear scores to keep log R finite
warning: clamping 1/4096 shifted_linear scores to keep log R finite
warning: clamping 2/4096 shifted_linear scores to keep log R finite
warning: clamping 2/4096 shifted_linear scores to keep log R finite
step=04725 loss=0.0013 reverse_nll=0.0000 ESS=0.995 batch_outcomes=4096 batch_topologies=4096 seen=19357672
warning: clamping 1/4096 shifted_linear scores to keep log R finite
warning: clamping 1/4096 shifted_linear scores to keep log R finite
warning: clamping 1/4096 shifted_linear scores to keep log R finite
warning: clamping 1/4096 shifted_linear scores to keep log R finite
warning: clamping 3/4096 shifted_linear scores to keep log R finite
warning: clamping 3/4096 shifted_linear scores to keep log R finite
warning: clamping 1/4096 shifted_linear scores to keep log R finite
warning: clamping 1/4096 shifted_linear scores to keep log R finite
warning: clamping 1/4096 shifted_linear scores to keep log R finite
warning: clamping 1/4096 shifted_linear scores to keep log R finite
warning: clamping 1/4096 shifted_linear scores to keep log R finite
warning: clamping 1/4096 shifted_linear scores to keep log R finite
warning: clamping 1/4096 shifted_linear scores to keep log R finite
warning: clamping 1/4096 shifted_linear scores to keep log R finite
warning: clamping 1/4096 shifted_linear scores to keep log R finite
warning: clamping 1/4096 shifted_linear scores to keep log R finite
step=04750 loss=-0.0006 reverse_nll=0.0000 ESS=0.994 batch_outcomes=4096 batch_topologies=4095 seen=19460072
warning: clamping 1/4096 shifted_linear scores to keep log R finite
warning: clamping 1/4096 shifted_linear scores to keep log R finite
warning: clamping 1/4096 shifted_linear scores to keep log R finite
warning: clamping 1/4096 shifted_linear scores to keep log R finite
warning: clamping 2/4096 shifted_linear scores to keep log R finite
warning: clamping 2/4096 shifted_linear scores to keep log R finite
warning: clamping 1/4096 shifted_linear scores to keep log R finite
warning: clamping 1/4096 shifted_linear scores to keep log R finite
warning: clamping 1/4096 shifted_linear scores to keep log R finite
warning: clamping 1/4096 shifted_linear scores to keep log R finite
warning: clamping 1/4096 shifted_linear scores to keep log R finite
warning: clamping 1/4096 shifted_linear scores to keep log R finite
warning: clamping 1/4096 shifted_linear scores to keep log R finite
warning: clamping 1/4096 shifted_linear scores to keep log R finite
warning: clamping 1/4096 shifted_linear scores to keep log R finite
warning: clamping 1/4096 shifted_linear scores to keep log R finite
warning: clamping 2/4096 shifted_linear scores to keep log R finite
warning: clamping 2/4096 shifted_linear scores to keep log R finite
step=04775 loss=0.0015 reverse_nll=0.0000 ESS=0.995 batch_outcomes=4096 batch_topologies=4095 seen=19562472
warning: clamping 1/4096 shifted_linear scores to keep log R finite
warning: clamping 1/4096 shifted_linear scores to keep log R finite
warning: clamping 1/4096 shifted_linear scores to keep log R finite
warning: clamping 1/4096 shifted_linear scores to keep log R finite
warning: clamping 2/4096 shifted_linear scores to keep log R finite
warning: clamping 2/4096 shifted_linear scores to keep log R finite
warning: clamping 1/4096 shifted_linear scores to keep log R finite
warning: clamping 1/4096 shifted_linear scores to keep log R finite
warning: clamping 1/4096 shifted_linear scores to keep log R finite
warning: clamping 1/4096 shifted_linear scores to keep log R finite
warning: clamping 1/4096 shifted_linear scores to keep log R finite
warning: clamping 1/4096 shifted_linear scores to keep log R finite
step=04800 loss=-0.0013 reverse_nll=0.0000 ESS=0.994 batch_outcomes=4096 batch_topologies=4096 seen=19664872
warning: clamping 1/4096 shifted_linear scores to keep log R finite
warning: clamping 1/4096 shifted_linear scores to keep log R finite
warning: clamping 1/4096 shifted_linear scores to keep log R finite
warning: clamping 1/4096 shifted_linear scores to keep log R finite
warning: clamping 1/4096 shifted_linear scores to keep log R finite
warning: clamping 1/4096 shifted_linear scores to keep log R finite
warning: clamping 1/4096 shifted_linear scores to keep log R finite
warning: clamping 1/4096 shifted_linear scores to keep log R finite
warning: clamping 1/4096 shifted_linear scores to keep log R finite
warning: clamping 1/4096 shifted_linear scores to keep log R finite
warning: clamping 1/4096 shifted_linear scores to keep log R finite
warning: clamping 1/4096 shifted_linear scores to keep log R finite
warning: clamping 1/4096 shifted_linear scores to keep log R finite
warning: clamping 1/4096 shifted_linear scores to keep log R finite
warning: clamping 1/4096 shifted_linear scores to keep log R finite
warning: clamping 1/4096 shifted_linear scores to keep log R finite
warning: clamping 1/4096 shifted_linear scores to keep log R finite
warning: clamping 1/4096 shifted_linear scores to keep log R finite
step=04825 loss=0.0001 reverse_nll=0.0000 ESS=0.994 batch_outcomes=4096 batch_topologies=4096 seen=19767272
warning: clamping 1/4096 shifted_linear scores to keep log R finite
warning: clamping 1/4096 shifted_linear scores to keep log R finite
warning: clamping 2/4096 shifted_linear scores to keep log R finite
warning: clamping 2/4096 shifted_linear scores to keep log R finite
warning: clamping 2/4096 shifted_linear scores to keep log R finite
warning: clamping 2/4096 shifted_linear scores to keep log R finite
warning: clamping 1/4096 shifted_linear scores to keep log R finite
warning: clamping 1/4096 shifted_linear scores to keep log R finite
warning: clamping 1/4096 shifted_linear scores to keep log R finite
warning: clamping 1/4096 shifted_linear scores to keep log R finite
warning: clamping 1/4096 shifted_linear scores to keep log R finite
warning: clamping 1/4096 shifted_linear scores to keep log R finite
warning: clamping 1/4096 shifted_linear scores to keep log R finite
warning: clamping 1/4096 shifted_linear scores to keep log R finite
step=04850 loss=0.0000 reverse_nll=0.0000 ESS=0.994 batch_outcomes=4096 batch_topologies=4095 seen=19869672
warning: clamping 1/4096 shifted_linear scores to keep log R finite
warning: clamping 1/4096 shifted_linear scores to keep log R finite
warning: clamping 2/4096 shifted_linear scores to keep log R finite
warning: clamping 2/4096 shifted_linear scores to keep log R finite
warning: clamping 2/4096 shifted_linear scores to keep log R finite
warning: clamping 2/4096 shifted_linear scores to keep log R finite
warning: clamping 1/4096 shifted_linear scores to keep log R finite
warning: clamping 1/4096 shifted_linear scores to keep log R finite
warning: clamping 1/4096 shifted_linear scores to keep log R finite
warning: clamping 1/4096 shifted_linear scores to keep log R finite
warning: clamping 1/4096 shifted_linear scores to keep log R finite
warning: clamping 1/4096 shifted_linear scores to keep log R finite
warning: clamping 1/4096 shifted_linear scores to keep log R finite
warning: clamping 1/4096 shifted_linear scores to keep log R finite
warning: clamping 2/4096 shifted_linear scores to keep log R finite
warning: clamping 2/4096 shifted_linear scores to keep log R finite
step=04875 loss=0.0000 reverse_nll=0.0000 ESS=0.994 batch_outcomes=4096 batch_topologies=4096 seen=19972072
warning: clamping 1/4096 shifted_linear scores to keep log R finite
warning: clamping 1/4096 shifted_linear scores to keep log R finite
warning: clamping 1/4096 shifted_linear scores to keep log R finite
warning: clamping 1/4096 shifted_linear scores to keep log R finite
warning: clamping 1/4096 shifted_linear scores to keep log R finite
warning: clamping 1/4096 shifted_linear scores to keep log R finite
warning: clamping 1/4096 shifted_linear scores to keep log R finite
warning: clamping 1/4096 shifted_linear scores to keep log R finite
warning: clamping 1/4096 shifted_linear scores to keep log R finite
warning: clamping 1/4096 shifted_linear scores to keep log R finite
step=04900 loss=0.0002 reverse_nll=0.0000 ESS=0.995 batch_outcomes=4096 batch_topologies=4095 seen=20074472
warning: clamping 1/4096 shifted_linear scores to keep log R finite
warning: clamping 1/4096 shifted_linear scores to keep log R finite
warning: clamping 2/4096 shifted_linear scores to keep log R finite
warning: clamping 2/4096 shifted_linear scores to keep log R finite
warning: clamping 1/4096 shifted_linear scores to keep log R finite
warning: clamping 1/4096 shifted_linear scores to keep log R finite
warning: clamping 2/4096 shifted_linear scores to keep log R finite
warning: clamping 2/4096 shifted_linear scores to keep log R finite
warning: clamping 1/4096 shifted_linear scores to keep log R finite
warning: clamping 1/4096 shifted_linear scores to keep log R finite
warning: clamping 1/4096 shifted_linear scores to keep log R finite
warning: clamping 1/4096 shifted_linear scores to keep log R finite
warning: clamping 2/4096 shifted_linear scores to keep log R finite
warning: clamping 2/4096 shifted_linear scores to keep log R finite
warning: clamping 1/4096 shifted_linear scores to keep log R finite
warning: clamping 1/4096 shifted_linear scores to keep log R finite
warning: clamping 1/4096 shifted_linear scores to keep log R finite
warning: clamping 1/4096 shifted_linear scores to keep log R finite
step=04925 loss=0.0004 reverse_nll=0.0000 ESS=0.995 batch_outcomes=4096 batch_topologies=4096 seen=20176872
warning: clamping 1/4096 shifted_linear scores to keep log R finite
warning: clamping 1/4096 shifted_linear scores to keep log R finite
warning: clamping 1/4096 shifted_linear scores to keep log R finite
warning: clamping 1/4096 shifted_linear scores to keep log R finite
warning: clamping 1/4096 shifted_linear scores to keep log R finite
warning: clamping 1/4096 shifted_linear scores to keep log R finite
warning: clamping 1/4096 shifted_linear scores to keep log R finite
warning: clamping 1/4096 shifted_linear scores to keep log R finite
warning: clamping 1/4096 shifted_linear scores to keep log R finite
warning: clamping 1/4096 shifted_linear scores to keep log R finite
warning: clamping 2/4096 shifted_linear scores to keep log R finite
warning: clamping 2/4096 shifted_linear scores to keep log R finite
warning: clamping 2/4096 shifted_linear scores to keep log R finite
warning: clamping 2/4096 shifted_linear scores to keep log R finite
warning: clamping 2/4096 shifted_linear scores to keep log R finite
warning: clamping 2/4096 shifted_linear scores to keep log R finite
step=04950 loss=0.0007 reverse_nll=0.0000 ESS=0.993 batch_outcomes=4096 batch_topologies=4095 seen=20279272
warning: clamping 1/4096 shifted_linear scores to keep log R finite
warning: clamping 1/4096 shifted_linear scores to keep log R finite
warning: clamping 1/4096 shifted_linear scores to keep log R finite
warning: clamping 1/4096 shifted_linear scores to keep log R finite
warning: clamping 1/4096 shifted_linear scores to keep log R finite
warning: clamping 1/4096 shifted_linear scores to keep log R finite
warning: clamping 1/4096 shifted_linear scores to keep log R finite
warning: clamping 1/4096 shifted_linear scores to keep log R finite
warning: clamping 1/4096 shifted_linear scores to keep log R finite
warning: clamping 1/4096 shifted_linear scores to keep log R finite
warning: clamping 1/4096 shifted_linear scores to keep log R finite
warning: clamping 1/4096 shifted_linear scores to keep log R finite
warning: clamping 1/4096 shifted_linear scores to keep log R finite
warning: clamping 1/4096 shifted_linear scores to keep log R finite
step=04975 loss=-0.0020 reverse_nll=0.0000 ESS=0.995 batch_outcomes=4096 batch_topologies=4096 seen=20381672
warning: clamping 1/4096 shifted_linear scores to keep log R finite
warning: clamping 1/4096 shifted_linear scores to keep log R finite
warning: clamping 2/4096 shifted_linear scores to keep log R finite
warning: clamping 2/4096 shifted_linear scores to keep log R finite
warning: clamping 1/4096 shifted_linear scores to keep log R finite
warning: clamping 1/4096 shifted_linear scores to keep log R finite
warning: clamping 1/4096 shifted_linear scores to keep log R finite
warning: clamping 1/4096 shifted_linear scores to keep log R finite
warning: clamping 1/4096 shifted_linear scores to keep log R finite
warning: clamping 1/4096 shifted_linear scores to keep log R finite
warning: clamping 1/4096 shifted_linear scores to keep log R finite
warning: clamping 1/4096 shifted_linear scores to keep log R finite
warning: clamping 1/4096 shifted_linear scores to keep log R finite
warning: clamping 1/4096 shifted_linear scores to keep log R finite
warning: clamping 1/4096 shifted_linear scores to keep log R finite
warning: clamping 1/4096 shifted_linear scores to keep log R finite
warning: clamping 2/4096 shifted_linear scores to keep log R finite
warning: clamping 2/4096 shifted_linear scores to keep log R finite
warning: clamping 1/4096 shifted_linear scores to keep log R finite
warning: clamping 1/4096 shifted_linear scores to keep log R finite
step=05000 loss=0.0002 reverse_nll=0.0000 ESS=0.995 batch_outcomes=4096 batch_topologies=4096 seen=20484071
warning: clamping 2/4096 shifted_linear scores to keep log R finite
warning: clamping 2/4096 shifted_linear scores to keep log R finite
warning: clamping 1/4096 shifted_linear scores to keep log R finite
warning: clamping 1/4096 shifted_linear scores to keep log R finite
warning: clamping 1/4096 shifted_linear scores to keep log R finite
warning: clamping 1/4096 shifted_linear scores to keep log R finite
warning: clamping 1/4096 shifted_linear scores to keep log R finite
warning: clamping 1/4096 shifted_linear scores to keep log R finite
warning: clamping 1/4096 shifted_linear scores to keep log R finite
warning: clamping 1/4096 shifted_linear scores to keep log R finite
warning: clamping 3/4096 shifted_linear scores to keep log R finite
warning: clamping 3/4096 shifted_linear scores to keep log R finite
warning: clamping 2/4096 shifted_linear scores to keep log R finite
warning: clamping 2/4096 shifted_linear scores to keep log R finite
warning: clamping 1/4096 shifted_linear scores to keep log R finite
warning: clamping 1/4096 shifted_linear scores to keep log R finite
step=05025 loss=0.0000 reverse_nll=0.0000 ESS=0.995 batch_outcomes=4096 batch_topologies=4096 seen=20586471
warning: clamping 1/4096 shifted_linear scores to keep log R finite
warning: clamping 1/4096 shifted_linear scores to keep log R finite
warning: clamping 1/4096 shifted_linear scores to keep log R finite
warning: clamping 1/4096 shifted_linear scores to keep log R finite
warning: clamping 2/4096 shifted_linear scores to keep log R finite
warning: clamping 2/4096 shifted_linear scores to keep log R finite
warning: clamping 3/4096 shifted_linear scores to keep log R finite
warning: clamping 3/4096 shifted_linear scores to keep log R finite
warning: clamping 1/4096 shifted_linear scores to keep log R finite
warning: clamping 1/4096 shifted_linear scores to keep log R finite
warning: clamping 1/4096 shifted_linear scores to keep log R finite
warning: clamping 1/4096 shifted_linear scores to keep log R finite
warning: clamping 1/4096 shifted_linear scores to keep log R finite
warning: clamping 1/4096 shifted_linear scores to keep log R finite
warning: clamping 1/4096 shifted_linear scores to keep log R finite
warning: clamping 1/4096 shifted_linear scores to keep log R finite
step=05050 loss=0.0016 reverse_nll=0.0000 ESS=0.994 batch_outcomes=4096 batch_topologies=4094 seen=20688871
warning: clamping 1/4096 shifted_linear scores to keep log R finite
warning: clamping 1/4096 shifted_linear scores to keep log R finite
warning: clamping 1/4096 shifted_linear scores to keep log R finite
warning: clamping 1/4096 shifted_linear scores to keep log R finite
warning: clamping 1/4096 shifted_linear scores to keep log R finite
warning: clamping 1/4096 shifted_linear scores to keep log R finite
warning: clamping 1/4096 shifted_linear scores to keep log R finite
warning: clamping 1/4096 shifted_linear scores to keep log R finite
warning: clamping 1/4096 shifted_linear scores to keep log R finite
warning: clamping 1/4096 shifted_linear scores to keep log R finite
warning: clamping 1/4096 shifted_linear scores to keep log R finite
warning: clamping 1/4096 shifted_linear scores to keep log R finite
warning: clamping 1/4096 shifted_linear scores to keep log R finite
warning: clamping 1/4096 shifted_linear scores to keep log R finite
warning: clamping 1/4096 shifted_linear scores to keep log R finite
warning: clamping 1/4096 shifted_linear scores to keep log R finite
step=05075 loss=-0.0004 reverse_nll=0.0000 ESS=0.995 batch_outcomes=4096 batch_topologies=4096 seen=20791270
warning: clamping 1/4096 shifted_linear scores to keep log R finite
warning: clamping 1/4096 shifted_linear scores to keep log R finite
warning: clamping 1/4096 shifted_linear scores to keep log R finite
warning: clamping 1/4096 shifted_linear scores to keep log R finite
warning: clamping 2/4096 shifted_linear scores to keep log R finite
warning: clamping 2/4096 shifted_linear scores to keep log R finite
warning: clamping 1/4096 shifted_linear scores to keep log R finite
warning: clamping 1/4096 shifted_linear scores to keep log R finite
warning: clamping 1/4096 shifted_linear scores to keep log R finite
warning: clamping 1/4096 shifted_linear scores to keep log R finite
step=05100 loss=-0.0014 reverse_nll=0.0000 ESS=0.995 batch_outcomes=4096 batch_topologies=4096 seen=20893670
warning: clamping 1/4096 shifted_linear scores to keep log R finite
warning: clamping 1/4096 shifted_linear scores to keep log R finite
warning: clamping 1/4096 shifted_linear scores to keep log R finite
warning: clamping 1/4096 shifted_linear scores to keep log R finite
warning: clamping 1/4096 shifted_linear scores to keep log R finite
warning: clamping 1/4096 shifted_linear scores to keep log R finite
warning: clamping 1/4096 shifted_linear scores to keep log R finite
warning: clamping 1/4096 shifted_linear scores to keep log R finite
warning: clamping 1/4096 shifted_linear scores to keep log R finite
warning: clamping 1/4096 shifted_linear scores to keep log R finite
warning: clamping 1/4096 shifted_linear scores to keep log R finite
warning: clamping 1/4096 shifted_linear scores to keep log R finite
warning: clamping 1/4096 shifted_linear scores to keep log R finite
warning: clamping 1/4096 shifted_linear scores to keep log R finite
step=05125 loss=0.0014 reverse_nll=0.0000 ESS=0.994 batch_outcomes=4096 batch_topologies=4096 seen=20996068
warning: clamping 1/4096 shifted_linear scores to keep log R finite
warning: clamping 1/4096 shifted_linear scores to keep log R finite
warning: clamping 1/4096 shifted_linear scores to keep log R finite
warning: clamping 1/4096 shifted_linear scores to keep log R finite
warning: clamping 2/4096 shifted_linear scores to keep log R finite
warning: clamping 2/4096 shifted_linear scores to keep log R finite
warning: clamping 2/4096 shifted_linear scores to keep log R finite
warning: clamping 2/4096 shifted_linear scores to keep log R finite
warning: clamping 1/4096 shifted_linear scores to keep log R finite
warning: clamping 1/4096 shifted_linear scores to keep log R finite
warning: clamping 1/4096 shifted_linear scores to keep log R finite
warning: clamping 1/4096 shifted_linear scores to keep log R finite
step=05150 loss=0.0016 reverse_nll=0.0000 ESS=0.994 batch_outcomes=4096 batch_topologies=4096 seen=21098468
warning: clamping 1/4096 shifted_linear scores to keep log R finite
warning: clamping 1/4096 shifted_linear scores to keep log R finite
warning: clamping 1/4096 shifted_linear scores to keep log R finite
warning: clamping 1/4096 shifted_linear scores to keep log R finite
warning: clamping 1/4096 shifted_linear scores to keep log R finite
warning: clamping 1/4096 shifted_linear scores to keep log R finite
warning: clamping 1/4096 shifted_linear scores to keep log R finite
warning: clamping 1/4096 shifted_linear scores to keep log R finite
warning: clamping 2/4096 shifted_linear scores to keep log R finite
warning: clamping 2/4096 shifted_linear scores to keep log R finite
warning: clamping 1/4096 shifted_linear scores to keep log R finite
warning: clamping 1/4096 shifted_linear scores to keep log R finite
warning: clamping 1/4096 shifted_linear scores to keep log R finite
warning: clamping 1/4096 shifted_linear scores to keep log R finite
step=05175 loss=-0.0015 reverse_nll=0.0000 ESS=0.995 batch_outcomes=4096 batch_topologies=4096 seen=21200867
warning: clamping 1/4096 shifted_linear scores to keep log R finite
warning: clamping 1/4096 shifted_linear scores to keep log R finite
warning: clamping 1/4096 shifted_linear scores to keep log R finite
warning: clamping 1/4096 shifted_linear scores to keep log R finite
warning: clamping 1/4096 shifted_linear scores to keep log R finite
warning: clamping 1/4096 shifted_linear scores to keep log R finite
warning: clamping 1/4096 shifted_linear scores to keep log R finite
warning: clamping 1/4096 shifted_linear scores to keep log R finite
warning: clamping 1/4096 shifted_linear scores to keep log R finite
warning: clamping 1/4096 shifted_linear scores to keep log R finite
warning: clamping 1/4096 shifted_linear scores to keep log R finite
warning: clamping 1/4096 shifted_linear scores to keep log R finite
warning: clamping 1/4096 shifted_linear scores to keep log R finite
warning: clamping 1/4096 shifted_linear scores to keep log R finite
warning: clamping 2/4096 shifted_linear scores to keep log R finite
warning: clamping 2/4096 shifted_linear scores to keep log R finite
step=05200 loss=0.0010 reverse_nll=0.0000 ESS=0.993 batch_outcomes=4096 batch_topologies=4096 seen=21303265
warning: clamping 1/4096 shifted_linear scores to keep log R finite
warning: clamping 1/4096 shifted_linear scores to keep log R finite
warning: clamping 1/4096 shifted_linear scores to keep log R finite
warning: clamping 1/4096 shifted_linear scores to keep log R finite
warning: clamping 1/4096 shifted_linear scores to keep log R finite
warning: clamping 1/4096 shifted_linear scores to keep log R finite
warning: clamping 1/4096 shifted_linear scores to keep log R finite
warning: clamping 1/4096 shifted_linear scores to keep log R finite
warning: clamping 1/4096 shifted_linear scores to keep log R finite
warning: clamping 1/4096 shifted_linear scores to keep log R finite
warning: clamping 1/4096 shifted_linear scores to keep log R finite
warning: clamping 1/4096 shifted_linear scores to keep log R finite
warning: clamping 1/4096 shifted_linear scores to keep log R finite
warning: clamping 1/4096 shifted_linear scores to keep log R finite
warning: clamping 2/4096 shifted_linear scores to keep log R finite
warning: clamping 2/4096 shifted_linear scores to keep log R finite
warning: clamping 1/4096 shifted_linear scores to keep log R finite
warning: clamping 1/4096 shifted_linear scores to keep log R finite
warning: clamping 1/4096 shifted_linear scores to keep log R finite
warning: clamping 1/4096 shifted_linear scores to keep log R finite
warning: clamping 1/4096 shifted_linear scores to keep log R finite
warning: clamping 1/4096 shifted_linear scores to keep log R finite
step=05225 loss=-0.0014 reverse_nll=0.0000 ESS=0.994 batch_outcomes=4096 batch_topologies=4096 seen=21405664
warning: clamping 1/4096 shifted_linear scores to keep log R finite
warning: clamping 1/4096 shifted_linear scores to keep log R finite
warning: clamping 1/4096 shifted_linear scores to keep log R finite
warning: clamping 1/4096 shifted_linear scores to keep log R finite
warning: clamping 3/4096 shifted_linear scores to keep log R finite
warning: clamping 3/4096 shifted_linear scores to keep log R finite
warning: clamping 1/4096 shifted_linear scores to keep log R finite
warning: clamping 1/4096 shifted_linear scores to keep log R finite
warning: clamping 1/4096 shifted_linear scores to keep log R finite
warning: clamping 1/4096 shifted_linear scores to keep log R finite
warning: clamping 3/4096 shifted_linear scores to keep log R finite
warning: clamping 3/4096 shifted_linear scores to keep log R finite
warning: clamping 1/4096 shifted_linear scores to keep log R finite
warning: clamping 1/4096 shifted_linear scores to keep log R finite
warning: clamping 1/4096 shifted_linear scores to keep log R finite
warning: clamping 1/4096 shifted_linear scores to keep log R finite
warning: clamping 1/4096 shifted_linear scores to keep log R finite
warning: clamping 1/4096 shifted_linear scores to keep log R finite
warning: clamping 1/4096 shifted_linear scores to keep log R finite
warning: clamping 1/4096 shifted_linear scores to keep log R finite
warning: clamping 1/4096 shifted_linear scores to keep log R finite
warning: clamping 1/4096 shifted_linear scores to keep log R finite
step=05250 loss=0.0013 reverse_nll=0.0000 ESS=0.995 batch_outcomes=4096 batch_topologies=4096 seen=21508063
warning: clamping 2/4096 shifted_linear scores to keep log R finite
warning: clamping 2/4096 shifted_linear scores to keep log R finite
warning: clamping 2/4096 shifted_linear scores to keep log R finite
warning: clamping 2/4096 shifted_linear scores to keep log R finite
warning: clamping 1/4096 shifted_linear scores to keep log R finite
warning: clamping 1/4096 shifted_linear scores to keep log R finite
warning: clamping 2/4096 shifted_linear scores to keep log R finite
warning: clamping 2/4096 shifted_linear scores to keep log R finite
warning: clamping 1/4096 shifted_linear scores to keep log R finite
warning: clamping 1/4096 shifted_linear scores to keep log R finite
step=05275 loss=0.0006 reverse_nll=0.0000 ESS=0.995 batch_outcomes=4096 batch_topologies=4096 seen=21610463
warning: clamping 1/4096 shifted_linear scores to keep log R finite
warning: clamping 1/4096 shifted_linear scores to keep log R finite
warning: clamping 1/4096 shifted_linear scores to keep log R finite
warning: clamping 1/4096 shifted_linear scores to keep log R finite
warning: clamping 1/4096 shifted_linear scores to keep log R finite
warning: clamping 1/4096 shifted_linear scores to keep log R finite
warning: clamping 1/4096 shifted_linear scores to keep log R finite
warning: clamping 1/4096 shifted_linear scores to keep log R finite
warning: clamping 1/4096 shifted_linear scores to keep log R finite
warning: clamping 1/4096 shifted_linear scores to keep log R finite
warning: clamping 1/4096 shifted_linear scores to keep log R finite
warning: clamping 1/4096 shifted_linear scores to keep log R finite
step=05300 loss=-0.0019 reverse_nll=0.0000 ESS=0.995 batch_outcomes=4096 batch_topologies=4096 seen=21712863
warning: clamping 2/4096 shifted_linear scores to keep log R finite
warning: clamping 2/4096 shifted_linear scores to keep log R finite
warning: clamping 1/4096 shifted_linear scores to keep log R finite
warning: clamping 1/4096 shifted_linear scores to keep log R finite
step=05325 loss=-0.0003 reverse_nll=0.0000 ESS=0.994 batch_outcomes=4096 batch_topologies=4096 seen=21815263
warning: clamping 1/4096 shifted_linear scores to keep log R finite
warning: clamping 1/4096 shifted_linear scores to keep log R finite
warning: clamping 1/4096 shifted_linear scores to keep log R finite
warning: clamping 1/4096 shifted_linear scores to keep log R finite
warning: clamping 1/4096 shifted_linear scores to keep log R finite
warning: clamping 1/4096 shifted_linear scores to keep log R finite
step=05350 loss=0.0009 reverse_nll=0.0000 ESS=0.994 batch_outcomes=4096 batch_topologies=4096 seen=21917663
warning: clamping 1/4096 shifted_linear scores to keep log R finite
warning: clamping 1/4096 shifted_linear scores to keep log R finite
warning: clamping 1/4096 shifted_linear scores to keep log R finite
warning: clamping 1/4096 shifted_linear scores to keep log R finite
warning: clamping 1/4096 shifted_linear scores to keep log R finite
warning: clamping 1/4096 shifted_linear scores to keep log R finite
warning: clamping 1/4096 shifted_linear scores to keep log R finite
warning: clamping 1/4096 shifted_linear scores to keep log R finite
warning: clamping 1/4096 shifted_linear scores to keep log R finite
warning: clamping 1/4096 shifted_linear scores to keep log R finite
warning: clamping 1/4096 shifted_linear scores to keep log R finite
warning: clamping 1/4096 shifted_linear scores to keep log R finite
warning: clamping 1/4096 shifted_linear scores to keep log R finite
warning: clamping 1/4096 shifted_linear scores to keep log R finite
warning: clamping 2/4096 shifted_linear scores to keep log R finite
warning: clamping 2/4096 shifted_linear scores to keep log R finite
step=05375 loss=-0.0003 reverse_nll=0.0000 ESS=0.995 batch_outcomes=4096 batch_topologies=4095 seen=22020063
warning: clamping 1/4096 shifted_linear scores to keep log R finite
warning: clamping 1/4096 shifted_linear scores to keep log R finite
warning: clamping 1/4096 shifted_linear scores to keep log R finite
warning: clamping 1/4096 shifted_linear scores to keep log R finite
warning: clamping 1/4096 shifted_linear scores to keep log R finite
warning: clamping 1/4096 shifted_linear scores to keep log R finite
warning: clamping 1/4096 shifted_linear scores to keep log R finite
warning: clamping 1/4096 shifted_linear scores to keep log R finite
warning: clamping 1/4096 shifted_linear scores to keep log R finite
warning: clamping 1/4096 shifted_linear scores to keep log R finite
warning: clamping 1/4096 shifted_linear scores to keep log R finite
warning: clamping 1/4096 shifted_linear scores to keep log R finite
step=05400 loss=0.0012 reverse_nll=0.0000 ESS=0.995 batch_outcomes=4096 batch_topologies=4096 seen=22122463
warning: clamping 1/4096 shifted_linear scores to keep log R finite
warning: clamping 1/4096 shifted_linear scores to keep log R finite
warning: clamping 1/4096 shifted_linear scores to keep log R finite
warning: clamping 1/4096 shifted_linear scores to keep log R finite
warning: clamping 1/4096 shifted_linear scores to keep log R finite
warning: clamping 1/4096 shifted_linear scores to keep log R finite
warning: clamping 1/4096 shifted_linear scores to keep log R finite
warning: clamping 1/4096 shifted_linear scores to keep log R finite
warning: clamping 1/4096 shifted_linear scores to keep log R finite
warning: clamping 1/4096 shifted_linear scores to keep log R finite
warning: clamping 2/4096 shifted_linear scores to keep log R finite
warning: clamping 2/4096 shifted_linear scores to keep log R finite
step=05425 loss=0.0005 reverse_nll=0.0000 ESS=0.994 batch_outcomes=4096 batch_topologies=4096 seen=22224861
warning: clamping 1/4096 shifted_linear scores to keep log R finite
warning: clamping 1/4096 shifted_linear scores to keep log R finite
warning: clamping 2/4096 shifted_linear scores to keep log R finite
warning: clamping 2/4096 shifted_linear scores to keep log R finite
warning: clamping 1/4096 shifted_linear scores to keep log R finite
warning: clamping 1/4096 shifted_linear scores to keep log R finite
warning: clamping 1/4096 shifted_linear scores to keep log R finite
warning: clamping 1/4096 shifted_linear scores to keep log R finite
warning: clamping 1/4096 shifted_linear scores to keep log R finite
warning: clamping 1/4096 shifted_linear scores to keep log R finite
warning: clamping 2/4096 shifted_linear scores to keep log R finite
warning: clamping 2/4096 shifted_linear scores to keep log R finite
warning: clamping 1/4096 shifted_linear scores to keep log R finite
warning: clamping 1/4096 shifted_linear scores to keep log R finite
warning: clamping 2/4096 shifted_linear scores to keep log R finite
warning: clamping 2/4096 shifted_linear scores to keep log R finite
warning: clamping 1/4096 shifted_linear scores to keep log R finite
warning: clamping 1/4096 shifted_linear scores to keep log R finite
warning: clamping 1/4096 shifted_linear scores to keep log R finite
warning: clamping 1/4096 shifted_linear scores to keep log R finite
warning: clamping 1/4096 shifted_linear scores to keep log R finite
warning: clamping 1/4096 shifted_linear scores to keep log R finite
warning: clamping 1/4096 shifted_linear scores to keep log R finite
warning: clamping 1/4096 shifted_linear scores to keep log R finite
warning: clamping 1/4096 shifted_linear scores to keep log R finite
warning: clamping 1/4096 shifted_linear scores to keep log R finite
step=05450 loss=0.0004 reverse_nll=0.0000 ESS=0.995 batch_outcomes=4096 batch_topologies=4095 seen=22327261
warning: clamping 1/4096 shifted_linear scores to keep log R finite
warning: clamping 1/4096 shifted_linear scores to keep log R finite
warning: clamping 1/4096 shifted_linear scores to keep log R finite
warning: clamping 1/4096 shifted_linear scores to keep log R finite
warning: clamping 1/4096 shifted_linear scores to keep log R finite
warning: clamping 1/4096 shifted_linear scores to keep log R finite
warning: clamping 1/4096 shifted_linear scores to keep log R finite
warning: clamping 1/4096 shifted_linear scores to keep log R finite
warning: clamping 1/4096 shifted_linear scores to keep log R finite
warning: clamping 1/4096 shifted_linear scores to keep log R finite
step=05475 loss=0.0021 reverse_nll=0.0000 ESS=0.994 batch_outcomes=4096 batch_topologies=4096 seen=22429660
warning: clamping 1/4096 shifted_linear scores to keep log R finite
warning: clamping 1/4096 shifted_linear scores to keep log R finite
warning: clamping 2/4096 shifted_linear scores to keep log R finite
warning: clamping 2/4096 shifted_linear scores to keep log R finite
warning: clamping 1/4096 shifted_linear scores to keep log R finite
warning: clamping 1/4096 shifted_linear scores to keep log R finite
warning: clamping 2/4096 shifted_linear scores to keep log R finite
warning: clamping 2/4096 shifted_linear scores to keep log R finite
warning: clamping 1/4096 shifted_linear scores to keep log R finite
warning: clamping 1/4096 shifted_linear scores to keep log R finite
warning: clamping 1/4096 shifted_linear scores to keep log R finite
warning: clamping 1/4096 shifted_linear scores to keep log R finite
warning: clamping 2/4096 shifted_linear scores to keep log R finite
warning: clamping 2/4096 shifted_linear scores to keep log R finite
warning: clamping 2/4096 shifted_linear scores to keep log R finite
warning: clamping 2/4096 shifted_linear scores to keep log R finite
warning: clamping 1/4096 shifted_linear scores to keep log R finite
warning: clamping 1/4096 shifted_linear scores to keep log R finite
warning: clamping 2/4096 shifted_linear scores to keep log R finite
warning: clamping 2/4096 shifted_linear scores to keep log R finite
step=05500 loss=0.0003 reverse_nll=0.0000 ESS=0.995 batch_outcomes=4096 batch_topologies=4096 seen=22532059
warning: clamping 1/4096 shifted_linear scores to keep log R finite
warning: clamping 1/4096 shifted_linear scores to keep log R finite
warning: clamping 1/4096 shifted_linear scores to keep log R finite
warning: clamping 1/4096 shifted_linear scores to keep log R finite
warning: clamping 1/4096 shifted_linear scores to keep log R finite
warning: clamping 1/4096 shifted_linear scores to keep log R finite
warning: clamping 1/4096 shifted_linear scores to keep log R finite
warning: clamping 1/4096 shifted_linear scores to keep log R finite
warning: clamping 1/4096 shifted_linear scores to keep log R finite
warning: clamping 1/4096 shifted_linear scores to keep log R finite
warning: clamping 2/4096 shifted_linear scores to keep log R finite
warning: clamping 2/4096 shifted_linear scores to keep log R finite
warning: clamping 1/4096 shifted_linear scores to keep log R finite
warning: clamping 1/4096 shifted_linear scores to keep log R finite
step=05525 loss=-0.0011 reverse_nll=0.0000 ESS=0.995 batch_outcomes=4096 batch_topologies=4096 seen=22634459
warning: clamping 1/4096 shifted_linear scores to keep log R finite
warning: clamping 1/4096 shifted_linear scores to keep log R finite
warning: clamping 1/4096 shifted_linear scores to keep log R finite
warning: clamping 1/4096 shifted_linear scores to keep log R finite
warning: clamping 1/4096 shifted_linear scores to keep log R finite
warning: clamping 1/4096 shifted_linear scores to keep log R finite
warning: clamping 1/4096 shifted_linear scores to keep log R finite
warning: clamping 1/4096 shifted_linear scores to keep log R finite
warning: clamping 1/4096 shifted_linear scores to keep log R finite
warning: clamping 1/4096 shifted_linear scores to keep log R finite
warning: clamping 1/4096 shifted_linear scores to keep log R finite
warning: clamping 1/4096 shifted_linear scores to keep log R finite
warning: clamping 1/4096 shifted_linear scores to keep log R finite
warning: clamping 1/4096 shifted_linear scores to keep log R finite
step=05550 loss=-0.0003 reverse_nll=0.0000 ESS=0.995 batch_outcomes=4096 batch_topologies=4096 seen=22736859
warning: clamping 1/4096 shifted_linear scores to keep log R finite
warning: clamping 1/4096 shifted_linear scores to keep log R finite
warning: clamping 1/4096 shifted_linear scores to keep log R finite
warning: clamping 1/4096 shifted_linear scores to keep log R finite
warning: clamping 1/4096 shifted_linear scores to keep log R finite
warning: clamping 1/4096 shifted_linear scores to keep log R finite
warning: clamping 1/4096 shifted_linear scores to keep log R finite
warning: clamping 1/4096 shifted_linear scores to keep log R finite
warning: clamping 1/4096 shifted_linear scores to keep log R finite
warning: clamping 1/4096 shifted_linear scores to keep log R finite
warning: clamping 1/4096 shifted_linear scores to keep log R finite
warning: clamping 1/4096 shifted_linear scores to keep log R finite
warning: clamping 1/4096 shifted_linear scores to keep log R finite
warning: clamping 1/4096 shifted_linear scores to keep log R finite
warning: clamping 1/4096 shifted_linear scores to keep log R finite
warning: clamping 1/4096 shifted_linear scores to keep log R finite
step=05575 loss=0.0017 reverse_nll=0.0000 ESS=0.994 batch_outcomes=4096 batch_topologies=4096 seen=22839259
warning: clamping 1/4096 shifted_linear scores to keep log R finite
warning: clamping 1/4096 shifted_linear scores to keep log R finite
warning: clamping 1/4096 shifted_linear scores to keep log R finite
warning: clamping 1/4096 shifted_linear scores to keep log R finite
warning: clamping 1/4096 shifted_linear scores to keep log R finite
warning: clamping 1/4096 shifted_linear scores to keep log R finite
warning: clamping 1/4096 shifted_linear scores to keep log R finite
warning: clamping 1/4096 shifted_linear scores to keep log R finite
warning: clamping 2/4096 shifted_linear scores to keep log R finite
warning: clamping 2/4096 shifted_linear scores to keep log R finite
warning: clamping 1/4096 shifted_linear scores to keep log R finite
warning: clamping 1/4096 shifted_linear scores to keep log R finite
warning: clamping 1/4096 shifted_linear scores to keep log R finite
warning: clamping 1/4096 shifted_linear scores to keep log R finite
warning: clamping 2/4096 shifted_linear scores to keep log R finite
warning: clamping 2/4096 shifted_linear scores to keep log R finite
warning: clamping 1/4096 shifted_linear scores to keep log R finite
warning: clamping 1/4096 shifted_linear scores to keep log R finite
step=05600 loss=0.0005 reverse_nll=0.0000 ESS=0.995 batch_outcomes=4096 batch_topologies=4096 seen=22941659
warning: clamping 1/4096 shifted_linear scores to keep log R finite
warning: clamping 1/4096 shifted_linear scores to keep log R finite
warning: clamping 2/4096 shifted_linear scores to keep log R finite
warning: clamping 2/4096 shifted_linear scores to keep log R finite
warning: clamping 1/4096 shifted_linear scores to keep log R finite
warning: clamping 1/4096 shifted_linear scores to keep log R finite
warning: clamping 1/4096 shifted_linear scores to keep log R finite
warning: clamping 1/4096 shifted_linear scores to keep log R finite
step=05625 loss=-0.0015 reverse_nll=0.0000 ESS=0.994 batch_outcomes=4096 batch_topologies=4096 seen=23044059
warning: clamping 2/4096 shifted_linear scores to keep log R finite
warning: clamping 2/4096 shifted_linear scores to keep log R finite
warning: clamping 2/4096 shifted_linear scores to keep log R finite
warning: clamping 2/4096 shifted_linear scores to keep log R finite
warning: clamping 1/4096 shifted_linear scores to keep log R finite
warning: clamping 1/4096 shifted_linear scores to keep log R finite
step=05650 loss=0.0012 reverse_nll=0.0000 ESS=0.995 batch_outcomes=4096 batch_topologies=4096 seen=23146459
warning: clamping 1/4096 shifted_linear scores to keep log R finite
warning: clamping 1/4096 shifted_linear scores to keep log R finite
warning: clamping 1/4096 shifted_linear scores to keep log R finite
warning: clamping 1/4096 shifted_linear scores to keep log R finite
warning: clamping 1/4096 shifted_linear scores to keep log R finite
warning: clamping 1/4096 shifted_linear scores to keep log R finite
warning: clamping 1/4096 shifted_linear scores to keep log R finite
warning: clamping 1/4096 shifted_linear scores to keep log R finite
warning: clamping 2/4096 shifted_linear scores to keep log R finite
warning: clamping 2/4096 shifted_linear scores to keep log R finite
warning: clamping 1/4096 shifted_linear scores to keep log R finite
warning: clamping 1/4096 shifted_linear scores to keep log R finite
warning: clamping 1/4096 shifted_linear scores to keep log R finite
warning: clamping 1/4096 shifted_linear scores to keep log R finite
step=05675 loss=0.0010 reverse_nll=0.0000 ESS=0.995 batch_outcomes=4096 batch_topologies=4096 seen=23248859
warning: clamping 1/4096 shifted_linear scores to keep log R finite
warning: clamping 1/4096 shifted_linear scores to keep log R finite
warning: clamping 1/4096 shifted_linear scores to keep log R finite
warning: clamping 1/4096 shifted_linear scores to keep log R finite
warning: clamping 1/4096 shifted_linear scores to keep log R finite
warning: clamping 1/4096 shifted_linear scores to keep log R finite
warning: clamping 1/4096 shifted_linear scores to keep log R finite
warning: clamping 1/4096 shifted_linear scores to keep log R finite
warning: clamping 1/4096 shifted_linear scores to keep log R finite
warning: clamping 1/4096 shifted_linear scores to keep log R finite
warning: clamping 2/4096 shifted_linear scores to keep log R finite
warning: clamping 2/4096 shifted_linear scores to keep log R finite
warning: clamping 1/4096 shifted_linear scores to keep log R finite
warning: clamping 1/4096 shifted_linear scores to keep log R finite
step=05700 loss=0.0001 reverse_nll=0.0000 ESS=0.995 batch_outcomes=4096 batch_topologies=4095 seen=23351259
warning: clamping 2/4096 shifted_linear scores to keep log R finite
warning: clamping 2/4096 shifted_linear scores to keep log R finite
warning: clamping 1/4096 shifted_linear scores to keep log R finite
warning: clamping 1/4096 shifted_linear scores to keep log R finite
warning: clamping 2/4096 shifted_linear scores to keep log R finite
warning: clamping 2/4096 shifted_linear scores to keep log R finite
warning: clamping 1/4096 shifted_linear scores to keep log R finite
warning: clamping 1/4096 shifted_linear scores to keep log R finite
warning: clamping 1/4096 shifted_linear scores to keep log R finite
warning: clamping 1/4096 shifted_linear scores to keep log R finite
step=05725 loss=0.0012 reverse_nll=0.0000 ESS=0.995 batch_outcomes=4096 batch_topologies=4096 seen=23453659
warning: clamping 1/4096 shifted_linear scores to keep log R finite
warning: clamping 1/4096 shifted_linear scores to keep log R finite
warning: clamping 1/4096 shifted_linear scores to keep log R finite
warning: clamping 1/4096 shifted_linear scores to keep log R finite
warning: clamping 1/4096 shifted_linear scores to keep log R finite
warning: clamping 1/4096 shifted_linear scores to keep log R finite
warning: clamping 1/4096 shifted_linear scores to keep log R finite
warning: clamping 1/4096 shifted_linear scores to keep log R finite
warning: clamping 1/4096 shifted_linear scores to keep log R finite
warning: clamping 1/4096 shifted_linear scores to keep log R finite
warning: clamping 1/4096 shifted_linear scores to keep log R finite
warning: clamping 1/4096 shifted_linear scores to keep log R finite
warning: clamping 1/4096 shifted_linear scores to keep log R finite
warning: clamping 1/4096 shifted_linear scores to keep log R finite
warning: clamping 1/4096 shifted_linear scores to keep log R finite
warning: clamping 1/4096 shifted_linear scores to keep log R finite
warning: clamping 2/4096 shifted_linear scores to keep log R finite
warning: clamping 2/4096 shifted_linear scores to keep log R finite
warning: clamping 1/4096 shifted_linear scores to keep log R finite
warning: clamping 1/4096 shifted_linear scores to keep log R finite
warning: clamping 1/4096 shifted_linear scores to keep log R finite
warning: clamping 1/4096 shifted_linear scores to keep log R finite
warning: clamping 1/4096 shifted_linear scores to keep log R finite
warning: clamping 1/4096 shifted_linear scores to keep log R finite
step=05750 loss=0.0013 reverse_nll=0.0000 ESS=0.995 batch_outcomes=4096 batch_topologies=4096 seen=23556059
warning: clamping 3/4096 shifted_linear scores to keep log R finite
warning: clamping 3/4096 shifted_linear scores to keep log R finite
warning: clamping 1/4096 shifted_linear scores to keep log R finite
warning: clamping 1/4096 shifted_linear scores to keep log R finite
warning: clamping 1/4096 shifted_linear scores to keep log R finite
warning: clamping 1/4096 shifted_linear scores to keep log R finite
warning: clamping 1/4096 shifted_linear scores to keep log R finite
warning: clamping 1/4096 shifted_linear scores to keep log R finite
warning: clamping 1/4096 shifted_linear scores to keep log R finite
warning: clamping 1/4096 shifted_linear scores to keep log R finite
warning: clamping 1/4096 shifted_linear scores to keep log R finite
warning: clamping 1/4096 shifted_linear scores to keep log R finite
step=05775 loss=-0.0004 reverse_nll=0.0000 ESS=0.995 batch_outcomes=4096 batch_topologies=4096 seen=23658459
warning: clamping 3/4096 shifted_linear scores to keep log R finite
warning: clamping 3/4096 shifted_linear scores to keep log R finite
warning: clamping 1/4096 shifted_linear scores to keep log R finite
warning: clamping 1/4096 shifted_linear scores to keep log R finite
warning: clamping 1/4096 shifted_linear scores to keep log R finite
warning: clamping 1/4096 shifted_linear scores to keep log R finite
warning: clamping 1/4096 shifted_linear scores to keep log R finite
warning: clamping 1/4096 shifted_linear scores to keep log R finite
step=05800 loss=0.0007 reverse_nll=0.0000 ESS=0.995 batch_outcomes=4096 batch_topologies=4096 seen=23760859
warning: clamping 1/4096 shifted_linear scores to keep log R finite
warning: clamping 1/4096 shifted_linear scores to keep log R finite
warning: clamping 1/4096 shifted_linear scores to keep log R finite
warning: clamping 1/4096 shifted_linear scores to keep log R finite
warning: clamping 1/4096 shifted_linear scores to keep log R finite
warning: clamping 1/4096 shifted_linear scores to keep log R finite
warning: clamping 1/4096 shifted_linear scores to keep log R finite
warning: clamping 1/4096 shifted_linear scores to keep log R finite
warning: clamping 1/4096 shifted_linear scores to keep log R finite
warning: clamping 1/4096 shifted_linear scores to keep log R finite
warning: clamping 1/4096 shifted_linear scores to keep log R finite
warning: clamping 1/4096 shifted_linear scores to keep log R finite
warning: clamping 1/4096 shifted_linear scores to keep log R finite
warning: clamping 1/4096 shifted_linear scores to keep log R finite
step=05825 loss=0.0002 reverse_nll=0.0000 ESS=0.995 batch_outcomes=4096 batch_topologies=4096 seen=23863259
warning: clamping 1/4096 shifted_linear scores to keep log R finite
warning: clamping 1/4096 shifted_linear scores to keep log R finite
warning: clamping 1/4096 shifted_linear scores to keep log R finite
warning: clamping 1/4096 shifted_linear scores to keep log R finite
warning: clamping 3/4096 shifted_linear scores to keep log R finite
warning: clamping 3/4096 shifted_linear scores to keep log R finite
step=05850 loss=-0.0019 reverse_nll=0.0000 ESS=0.995 batch_outcomes=4096 batch_topologies=4096 seen=23965659
warning: clamping 1/4096 shifted_linear scores to keep log R finite
warning: clamping 1/4096 shifted_linear scores to keep log R finite
warning: clamping 1/4096 shifted_linear scores to keep log R finite
warning: clamping 1/4096 shifted_linear scores to keep log R finite
warning: clamping 1/4096 shifted_linear scores to keep log R finite
warning: clamping 1/4096 shifted_linear scores to keep log R finite
warning: clamping 1/4096 shifted_linear scores to keep log R finite
warning: clamping 1/4096 shifted_linear scores to keep log R finite
warning: clamping 1/4096 shifted_linear scores to keep log R finite
warning: clamping 1/4096 shifted_linear scores to keep log R finite
warning: clamping 1/4096 shifted_linear scores to keep log R finite
warning: clamping 1/4096 shifted_linear scores to keep log R finite
warning: clamping 1/4096 shifted_linear scores to keep log R finite
warning: clamping 1/4096 shifted_linear scores to keep log R finite
warning: clamping 1/4096 shifted_linear scores to keep log R finite
warning: clamping 1/4096 shifted_linear scores to keep log R finite
warning: clamping 1/4096 shifted_linear scores to keep log R finite
warning: clamping 1/4096 shifted_linear scores to keep log R finite
warning: clamping 1/4096 shifted_linear scores to keep log R finite
warning: clamping 1/4096 shifted_linear scores to keep log R finite
warning: clamping 2/4096 shifted_linear scores to keep log R finite
warning: clamping 2/4096 shifted_linear scores to keep log R finite
warning: clamping 1/4096 shifted_linear scores to keep log R finite
warning: clamping 1/4096 shifted_linear scores to keep log R finite
warning: clamping 1/4096 shifted_linear scores to keep log R finite
warning: clamping 1/4096 shifted_linear scores to keep log R finite
warning: clamping 1/4096 shifted_linear scores to keep log R finite
warning: clamping 1/4096 shifted_linear scores to keep log R finite
step=05875 loss=-0.0010 reverse_nll=0.0000 ESS=0.995 batch_outcomes=4096 batch_topologies=4096 seen=24068059
warning: clamping 1/4096 shifted_linear scores to keep log R finite
warning: clamping 1/4096 shifted_linear scores to keep log R finite
warning: clamping 1/4096 shifted_linear scores to keep log R finite
warning: clamping 1/4096 shifted_linear scores to keep log R finite
warning: clamping 1/4096 shifted_linear scores to keep log R finite
warning: clamping 1/4096 shifted_linear scores to keep log R finite
warning: clamping 1/4096 shifted_linear scores to keep log R finite
warning: clamping 1/4096 shifted_linear scores to keep log R finite
warning: clamping 1/4096 shifted_linear scores to keep log R finite
warning: clamping 1/4096 shifted_linear scores to keep log R finite
step=05900 loss=0.0007 reverse_nll=0.0000 ESS=0.994 batch_outcomes=4096 batch_topologies=4094 seen=24170459
warning: clamping 1/4096 shifted_linear scores to keep log R finite
warning: clamping 1/4096 shifted_linear scores to keep log R finite
warning: clamping 1/4096 shifted_linear scores to keep log R finite
warning: clamping 1/4096 shifted_linear scores to keep log R finite
warning: clamping 1/4096 shifted_linear scores to keep log R finite
warning: clamping 1/4096 shifted_linear scores to keep log R finite
warning: clamping 1/4096 shifted_linear scores to keep log R finite
warning: clamping 1/4096 shifted_linear scores to keep log R finite
warning: clamping 2/4096 shifted_linear scores to keep log R finite
warning: clamping 2/4096 shifted_linear scores to keep log R finite
warning: clamping 1/4096 shifted_linear scores to keep log R finite
warning: clamping 1/4096 shifted_linear scores to keep log R finite
warning: clamping 1/4096 shifted_linear scores to keep log R finite
warning: clamping 1/4096 shifted_linear scores to keep log R finite
warning: clamping 1/4096 shifted_linear scores to keep log R finite
warning: clamping 1/4096 shifted_linear scores to keep log R finite
warning: clamping 2/4096 shifted_linear scores to keep log R finite
warning: clamping 2/4096 shifted_linear scores to keep log R finite
warning: clamping 2/4096 shifted_linear scores to keep log R finite
warning: clamping 2/4096 shifted_linear scores to keep log R finite
warning: clamping 1/4096 shifted_linear scores to keep log R finite
warning: clamping 1/4096 shifted_linear scores to keep log R finite
warning: clamping 1/4096 shifted_linear scores to keep log R finite
warning: clamping 1/4096 shifted_linear scores to keep log R finite
step=05925 loss=0.0013 reverse_nll=0.0000 ESS=0.995 batch_outcomes=4096 batch_topologies=4096 seen=24272859
warning: clamping 1/4096 shifted_linear scores to keep log R finite
warning: clamping 1/4096 shifted_linear scores to keep log R finite
warning: clamping 1/4096 shifted_linear scores to keep log R finite
warning: clamping 1/4096 shifted_linear scores to keep log R finite
warning: clamping 1/4096 shifted_linear scores to keep log R finite
warning: clamping 1/4096 shifted_linear scores to keep log R finite
warning: clamping 2/4096 shifted_linear scores to keep log R finite
warning: clamping 2/4096 shifted_linear scores to keep log R finite
warning: clamping 2/4096 shifted_linear scores to keep log R finite
warning: clamping 2/4096 shifted_linear scores to keep log R finite
warning: clamping 1/4096 shifted_linear scores to keep log R finite
warning: clamping 1/4096 shifted_linear scores to keep log R finite
step=05950 loss=-0.0019 reverse_nll=0.0000 ESS=0.995 batch_outcomes=4096 batch_topologies=4096 seen=24375259
warning: clamping 1/4096 shifted_linear scores to keep log R finite
warning: clamping 1/4096 shifted_linear scores to keep log R finite
warning: clamping 1/4096 shifted_linear scores to keep log R finite
warning: clamping 1/4096 shifted_linear scores to keep log R finite
warning: clamping 1/4096 shifted_linear scores to keep log R finite
warning: clamping 1/4096 shifted_linear scores to keep log R finite
warning: clamping 1/4096 shifted_linear scores to keep log R finite
warning: clamping 1/4096 shifted_linear scores to keep log R finite
warning: clamping 1/4096 shifted_linear scores to keep log R finite
warning: clamping 1/4096 shifted_linear scores to keep log R finite
warning: clamping 2/4096 shifted_linear scores to keep log R finite
warning: clamping 2/4096 shifted_linear scores to keep log R finite
warning: clamping 1/4096 shifted_linear scores to keep log R finite
warning: clamping 1/4096 shifted_linear scores to keep log R finite
warning: clamping 1/4096 shifted_linear scores to keep log R finite
warning: clamping 1/4096 shifted_linear scores to keep log R finite
step=05975 loss=0.0004 reverse_nll=0.0000 ESS=0.995 batch_outcomes=4096 batch_topologies=4095 seen=24477659
warning: clamping 1/4096 shifted_linear scores to keep log R finite
warning: clamping 1/4096 shifted_linear scores to keep log R finite
warning: clamping 1/4096 shifted_linear scores to keep log R finite
warning: clamping 1/4096 shifted_linear scores to keep log R finite
warning: clamping 1/4096 shifted_linear scores to keep log R finite
warning: clamping 1/4096 shifted_linear scores to keep log R finite
warning: clamping 1/4096 shifted_linear scores to keep log R finite
warning: clamping 1/4096 shifted_linear scores to keep log R finite
warning: clamping 1/4096 shifted_linear scores to keep log R finite
warning: clamping 1/4096 shifted_linear scores to keep log R finite
step=06000 loss=0.0012 reverse_nll=0.0000 ESS=0.994 batch_outcomes=4096 batch_topologies=4096 seen=24580056
warning: clamping 1/4096 shifted_linear scores to keep log R finite
warning: clamping 1/4096 shifted_linear scores to keep log R finite
warning: clamping 1/4096 shifted_linear scores to keep log R finite
warning: clamping 1/4096 shifted_linear scores to keep log R finite
warning: clamping 1/4096 shifted_linear scores to keep log R finite
warning: clamping 1/4096 shifted_linear scores to keep log R finite
warning: clamping 1/4096 shifted_linear scores to keep log R finite
warning: clamping 1/4096 shifted_linear scores to keep log R finite
warning: clamping 1/4096 shifted_linear scores to keep log R finite
warning: clamping 1/4096 shifted_linear scores to keep log R finite
warning: clamping 1/4096 shifted_linear scores to keep log R finite
warning: clamping 1/4096 shifted_linear scores to keep log R finite
warning: clamping 1/4096 shifted_linear scores to keep log R finite
warning: clamping 1/4096 shifted_linear scores to keep log R finite
step=06025 loss=0.0001 reverse_nll=0.0000 ESS=0.995 batch_outcomes=4096 batch_topologies=4096 seen=24682456
warning: clamping 1/4096 shifted_linear scores to keep log R finite
warning: clamping 1/4096 shifted_linear scores to keep log R finite
warning: clamping 1/4096 shifted_linear scores to keep log R finite
warning: clamping 1/4096 shifted_linear scores to keep log R finite
warning: clamping 1/4096 shifted_linear scores to keep log R finite
warning: clamping 1/4096 shifted_linear scores to keep log R finite
warning: clamping 1/4096 shifted_linear scores to keep log R finite
warning: clamping 1/4096 shifted_linear scores to keep log R finite
warning: clamping 1/4096 shifted_linear scores to keep log R finite
warning: clamping 1/4096 shifted_linear scores to keep log R finite
warning: clamping 1/4096 shifted_linear scores to keep log R finite
warning: clamping 1/4096 shifted_linear scores to keep log R finite
warning: clamping 1/4096 shifted_linear scores to keep log R finite
warning: clamping 1/4096 shifted_linear scores to keep log R finite
warning: clamping 1/4096 shifted_linear scores to keep log R finite
warning: clamping 1/4096 shifted_linear scores to keep log R finite
step=06050 loss=0.0023 reverse_nll=0.0000 ESS=0.994 batch_outcomes=4096 batch_topologies=4096 seen=24784856
warning: clamping 1/4096 shifted_linear scores to keep log R finite
warning: clamping 1/4096 shifted_linear scores to keep log R finite
warning: clamping 1/4096 shifted_linear scores to keep log R finite
warning: clamping 1/4096 shifted_linear scores to keep log R finite
warning: clamping 2/4096 shifted_linear scores to keep log R finite
warning: clamping 2/4096 shifted_linear scores to keep log R finite
warning: clamping 1/4096 shifted_linear scores to keep log R finite
warning: clamping 1/4096 shifted_linear scores to keep log R finite
warning: clamping 1/4096 shifted_linear scores to keep log R finite
warning: clamping 1/4096 shifted_linear scores to keep log R finite
warning: clamping 1/4096 shifted_linear scores to keep log R finite
warning: clamping 1/4096 shifted_linear scores to keep log R finite
warning: clamping 1/4096 shifted_linear scores to keep log R finite
warning: clamping 1/4096 shifted_linear scores to keep log R finite
warning: clamping 1/4096 shifted_linear scores to keep log R finite
warning: clamping 1/4096 shifted_linear scores to keep log R finite
warning: clamping 1/4096 shifted_linear scores to keep log R finite
warning: clamping 1/4096 shifted_linear scores to keep log R finite
warning: clamping 1/4096 shifted_linear scores to keep log R finite
warning: clamping 1/4096 shifted_linear scores to keep log R finite
warning: clamping 1/4096 shifted_linear scores to keep log R finite
warning: clamping 1/4096 shifted_linear scores to keep log R finite
warning: clamping 1/4096 shifted_linear scores to keep log R finite
warning: clamping 1/4096 shifted_linear scores to keep log R finite
step=06075 loss=-0.0007 reverse_nll=0.0000 ESS=0.995 batch_outcomes=4096 batch_topologies=4096 seen=24887255
warning: clamping 1/4096 shifted_linear scores to keep log R finite
warning: clamping 1/4096 shifted_linear scores to keep log R finite
warning: clamping 1/4096 shifted_linear scores to keep log R finite
warning: clamping 1/4096 shifted_linear scores to keep log R finite
warning: clamping 1/4096 shifted_linear scores to keep log R finite
warning: clamping 1/4096 shifted_linear scores to keep log R finite
warning: clamping 2/4096 shifted_linear scores to keep log R finite
warning: clamping 2/4096 shifted_linear scores to keep log R finite
warning: clamping 1/4096 shifted_linear scores to keep log R finite
warning: clamping 1/4096 shifted_linear scores to keep log R finite
warning: clamping 1/4096 shifted_linear scores to keep log R finite
warning: clamping 1/4096 shifted_linear scores to keep log R finite
step=06100 loss=0.0012 reverse_nll=0.0000 ESS=0.995 batch_outcomes=4096 batch_topologies=4096 seen=24989655
warning: clamping 1/4096 shifted_linear scores to keep log R finite
warning: clamping 1/4096 shifted_linear scores to keep log R finite
warning: clamping 1/4096 shifted_linear scores to keep log R finite
warning: clamping 1/4096 shifted_linear scores to keep log R finite
warning: clamping 1/4096 shifted_linear scores to keep log R finite
warning: clamping 1/4096 shifted_linear scores to keep log R finite
warning: clamping 1/4096 shifted_linear scores to keep log R finite
warning: clamping 1/4096 shifted_linear scores to keep log R finite
warning: clamping 1/4096 shifted_linear scores to keep log R finite
warning: clamping 1/4096 shifted_linear scores to keep log R finite
warning: clamping 1/4096 shifted_linear scores to keep log R finite
warning: clamping 1/4096 shifted_linear scores to keep log R finite
step=06125 loss=0.0003 reverse_nll=0.0000 ESS=0.995 batch_outcomes=4096 batch_topologies=4096 seen=25092055
warning: clamping 1/4096 shifted_linear scores to keep log R finite
warning: clamping 1/4096 shifted_linear scores to keep log R finite
warning: clamping 2/4096 shifted_linear scores to keep log R finite
warning: clamping 2/4096 shifted_linear scores to keep log R finite
warning: clamping 1/4096 shifted_linear scores to keep log R finite
warning: clamping 1/4096 shifted_linear scores to keep log R finite
warning: clamping 1/4096 shifted_linear scores to keep log R finite
warning: clamping 1/4096 shifted_linear scores to keep log R finite
warning: clamping 1/4096 shifted_linear scores to keep log R finite
warning: clamping 1/4096 shifted_linear scores to keep log R finite
step=06150 loss=-0.0023 reverse_nll=0.0000 ESS=0.995 batch_outcomes=4096 batch_topologies=4094 seen=25194455
warning: clamping 1/4096 shifted_linear scores to keep log R finite
warning: clamping 1/4096 shifted_linear scores to keep log R finite
warning: clamping 1/4096 shifted_linear scores to keep log R finite
warning: clamping 1/4096 shifted_linear scores to keep log R finite
warning: clamping 1/4096 shifted_linear scores to keep log R finite
warning: clamping 1/4096 shifted_linear scores to keep log R finite
warning: clamping 1/4096 shifted_linear scores to keep log R finite
warning: clamping 1/4096 shifted_linear scores to keep log R finite
warning: clamping 1/4096 shifted_linear scores to keep log R finite
warning: clamping 1/4096 shifted_linear scores to keep log R finite
warning: clamping 1/4096 shifted_linear scores to keep log R finite
warning: clamping 1/4096 shifted_linear scores to keep log R finite
warning: clamping 1/4096 shifted_linear scores to keep log R finite
warning: clamping 1/4096 shifted_linear scores to keep log R finite
warning: clamping 1/4096 shifted_linear scores to keep log R finite
warning: clamping 1/4096 shifted_linear scores to keep log R finite
warning: clamping 2/4096 shifted_linear scores to keep log R finite
warning: clamping 2/4096 shifted_linear scores to keep log R finite
warning: clamping 1/4096 shifted_linear scores to keep log R finite
warning: clamping 1/4096 shifted_linear scores to keep log R finite
step=06175 loss=-0.0001 reverse_nll=0.0000 ESS=0.994 batch_outcomes=4096 batch_topologies=4093 seen=25296855
warning: clamping 1/4096 shifted_linear scores to keep log R finite
warning: clamping 1/4096 shifted_linear scores to keep log R finite
warning: clamping 1/4096 shifted_linear scores to keep log R finite
warning: clamping 1/4096 shifted_linear scores to keep log R finite
warning: clamping 1/4096 shifted_linear scores to keep log R finite
warning: clamping 1/4096 shifted_linear scores to keep log R finite
warning: clamping 1/4096 shifted_linear scores to keep log R finite
warning: clamping 1/4096 shifted_linear scores to keep log R finite
warning: clamping 1/4096 shifted_linear scores to keep log R finite
warning: clamping 1/4096 shifted_linear scores to keep log R finite
warning: clamping 1/4096 shifted_linear scores to keep log R finite
warning: clamping 1/4096 shifted_linear scores to keep log R finite
warning: clamping 1/4096 shifted_linear scores to keep log R finite
warning: clamping 1/4096 shifted_linear scores to keep log R finite
warning: clamping 1/4096 shifted_linear scores to keep log R finite
warning: clamping 1/4096 shifted_linear scores to keep log R finite
step=06200 loss=-0.0002 reverse_nll=0.0000 ESS=0.994 batch_outcomes=4096 batch_topologies=4096 seen=25399255
warning: clamping 1/4096 shifted_linear scores to keep log R finite
warning: clamping 1/4096 shifted_linear scores to keep log R finite
warning: clamping 1/4096 shifted_linear scores to keep log R finite
warning: clamping 1/4096 shifted_linear scores to keep log R finite
warning: clamping 1/4096 shifted_linear scores to keep log R finite
warning: clamping 1/4096 shifted_linear scores to keep log R finite
warning: clamping 1/4096 shifted_linear scores to keep log R finite
warning: clamping 1/4096 shifted_linear scores to keep log R finite
warning: clamping 1/4096 shifted_linear scores to keep log R finite
warning: clamping 1/4096 shifted_linear scores to keep log R finite
warning: clamping 1/4096 shifted_linear scores to keep log R finite
warning: clamping 1/4096 shifted_linear scores to keep log R finite
warning: clamping 1/4096 shifted_linear scores to keep log R finite
warning: clamping 1/4096 shifted_linear scores to keep log R finite
step=06225 loss=0.0003 reverse_nll=0.0000 ESS=0.994 batch_outcomes=4096 batch_topologies=4096 seen=25501655
warning: clamping 1/4096 shifted_linear scores to keep log R finite
warning: clamping 1/4096 shifted_linear scores to keep log R finite
warning: clamping 1/4096 shifted_linear scores to keep log R finite
warning: clamping 1/4096 shifted_linear scores to keep log R finite
warning: clamping 1/4096 shifted_linear scores to keep log R finite
warning: clamping 1/4096 shifted_linear scores to keep log R finite
warning: clamping 1/4096 shifted_linear scores to keep log R finite
warning: clamping 1/4096 shifted_linear scores to keep log R finite
warning: clamping 1/4096 shifted_linear scores to keep log R finite
warning: clamping 1/4096 shifted_linear scores to keep log R finite
warning: clamping 1/4096 shifted_linear scores to keep log R finite
warning: clamping 1/4096 shifted_linear scores to keep log R finite
warning: clamping 1/4096 shifted_linear scores to keep log R finite
warning: clamping 1/4096 shifted_linear scores to keep log R finite
warning: clamping 1/4096 shifted_linear scores to keep log R finite
warning: clamping 1/4096 shifted_linear scores to keep log R finite
warning: clamping 1/4096 shifted_linear scores to keep log R finite
warning: clamping 1/4096 shifted_linear scores to keep log R finite
step=06250 loss=0.0011 reverse_nll=0.0000 ESS=0.994 batch_outcomes=4096 batch_topologies=4096 seen=25604054
warning: clamping 1/4096 shifted_linear scores to keep log R finite
warning: clamping 1/4096 shifted_linear scores to keep log R finite
warning: clamping 2/4096 shifted_linear scores to keep log R finite
warning: clamping 2/4096 shifted_linear scores to keep log R finite
warning: clamping 2/4096 shifted_linear scores to keep log R finite
warning: clamping 2/4096 shifted_linear scores to keep log R finite
warning: clamping 1/4096 shifted_linear scores to keep log R finite
warning: clamping 1/4096 shifted_linear scores to keep log R finite
warning: clamping 1/4096 shifted_linear scores to keep log R finite
warning: clamping 1/4096 shifted_linear scores to keep log R finite
warning: clamping 1/4096 shifted_linear scores to keep log R finite
warning: clamping 1/4096 shifted_linear scores to keep log R finite
warning: clamping 1/4096 shifted_linear scores to keep log R finite
warning: clamping 1/4096 shifted_linear scores to keep log R finite
step=06275 loss=0.0014 reverse_nll=0.0000 ESS=0.995 batch_outcomes=4096 batch_topologies=4096 seen=25706454
warning: clamping 1/4096 shifted_linear scores to keep log R finite
warning: clamping 1/4096 shifted_linear scores to keep log R finite
warning: clamping 1/4096 shifted_linear scores to keep log R finite
warning: clamping 1/4096 shifted_linear scores to keep log R finite
warning: clamping 1/4096 shifted_linear scores to keep log R finite
warning: clamping 1/4096 shifted_linear scores to keep log R finite
warning: clamping 2/4096 shifted_linear scores to keep log R finite
warning: clamping 2/4096 shifted_linear scores to keep log R finite
warning: clamping 1/4096 shifted_linear scores to keep log R finite
warning: clamping 1/4096 shifted_linear scores to keep log R finite
warning: clamping 1/4096 shifted_linear scores to keep log R finite
warning: clamping 1/4096 shifted_linear scores to keep log R finite
warning: clamping 1/4096 shifted_linear scores to keep log R finite
warning: clamping 1/4096 shifted_linear scores to keep log R finite
warning: clamping 1/4096 shifted_linear scores to keep log R finite
warning: clamping 1/4096 shifted_linear scores to keep log R finite
step=06300 loss=0.0006 reverse_nll=0.0000 ESS=0.995 batch_outcomes=4096 batch_topologies=4095 seen=25808854
warning: clamping 1/4096 shifted_linear scores to keep log R finite
warning: clamping 1/4096 shifted_linear scores to keep log R finite
warning: clamping 1/4096 shifted_linear scores to keep log R finite
warning: clamping 1/4096 shifted_linear scores to keep log R finite
warning: clamping 2/4096 shifted_linear scores to keep log R finite
warning: clamping 2/4096 shifted_linear scores to keep log R finite
warning: clamping 1/4096 shifted_linear scores to keep log R finite
warning: clamping 1/4096 shifted_linear scores to keep log R finite
warning: clamping 1/4096 shifted_linear scores to keep log R finite
warning: clamping 1/4096 shifted_linear scores to keep log R finite
warning: clamping 1/4096 shifted_linear scores to keep log R finite
warning: clamping 1/4096 shifted_linear scores to keep log R finite
warning: clamping 1/4096 shifted_linear scores to keep log R finite
warning: clamping 1/4096 shifted_linear scores to keep log R finite
warning: clamping 1/4096 shifted_linear scores to keep log R finite
warning: clamping 1/4096 shifted_linear scores to keep log R finite
step=06325 loss=-0.0004 reverse_nll=0.0000 ESS=0.995 batch_outcomes=4096 batch_topologies=4096 seen=25911254
warning: clamping 1/4096 shifted_linear scores to keep log R finite
warning: clamping 1/4096 shifted_linear scores to keep log R finite
warning: clamping 1/4096 shifted_linear scores to keep log R finite
warning: clamping 1/4096 shifted_linear scores to keep log R finite
warning: clamping 1/4096 shifted_linear scores to keep log R finite
warning: clamping 1/4096 shifted_linear scores to keep log R finite
warning: clamping 1/4096 shifted_linear scores to keep log R finite
warning: clamping 1/4096 shifted_linear scores to keep log R finite
warning: clamping 2/4096 shifted_linear scores to keep log R finite
warning: clamping 2/4096 shifted_linear scores to keep log R finite
warning: clamping 1/4096 shifted_linear scores to keep log R finite
warning: clamping 1/4096 shifted_linear scores to keep log R finite
warning: clamping 1/4096 shifted_linear scores to keep log R finite
warning: clamping 1/4096 shifted_linear scores to keep log R finite
warning: clamping 2/4096 shifted_linear scores to keep log R finite
warning: clamping 2/4096 shifted_linear scores to keep log R finite
step=06350 loss=0.0019 reverse_nll=0.0000 ESS=0.994 batch_outcomes=4096 batch_topologies=4096 seen=26013654
warning: clamping 1/4096 shifted_linear scores to keep log R finite
warning: clamping 1/4096 shifted_linear scores to keep log R finite
warning: clamping 1/4096 shifted_linear scores to keep log R finite
warning: clamping 1/4096 shifted_linear scores to keep log R finite
warning: clamping 1/4096 shifted_linear scores to keep log R finite
warning: clamping 1/4096 shifted_linear scores to keep log R finite
warning: clamping 1/4096 shifted_linear scores to keep log R finite
warning: clamping 1/4096 shifted_linear scores to keep log R finite
warning: clamping 2/4096 shifted_linear scores to keep log R finite
warning: clamping 2/4096 shifted_linear scores to keep log R finite
warning: clamping 1/4096 shifted_linear scores to keep log R finite
warning: clamping 1/4096 shifted_linear scores to keep log R finite
warning: clamping 1/4096 shifted_linear scores to keep log R finite
warning: clamping 1/4096 shifted_linear scores to keep log R finite
warning: clamping 1/4096 shifted_linear scores to keep log R finite
warning: clamping 1/4096 shifted_linear scores to keep log R finite
step=06375 loss=-0.0011 reverse_nll=0.0000 ESS=0.995 batch_outcomes=4096 batch_topologies=4096 seen=26116054
warning: clamping 1/4096 shifted_linear scores to keep log R finite
warning: clamping 1/4096 shifted_linear scores to keep log R finite
warning: clamping 1/4096 shifted_linear scores to keep log R finite
warning: clamping 1/4096 shifted_linear scores to keep log R finite
warning: clamping 1/4096 shifted_linear scores to keep log R finite
warning: clamping 1/4096 shifted_linear scores to keep log R finite
warning: clamping 2/4096 shifted_linear scores to keep log R finite
warning: clamping 2/4096 shifted_linear scores to keep log R finite
warning: clamping 1/4096 shifted_linear scores to keep log R finite
warning: clamping 1/4096 shifted_linear scores to keep log R finite
warning: clamping 1/4096 shifted_linear scores to keep log R finite
warning: clamping 1/4096 shifted_linear scores to keep log R finite
warning: clamping 1/4096 shifted_linear scores to keep log R finite
warning: clamping 1/4096 shifted_linear scores to keep log R finite
warning: clamping 2/4096 shifted_linear scores to keep log R finite
warning: clamping 2/4096 shifted_linear scores to keep log R finite
warning: clamping 1/4096 shifted_linear scores to keep log R finite
warning: clamping 1/4096 shifted_linear scores to keep log R finite
warning: clamping 1/4096 shifted_linear scores to keep log R finite
warning: clamping 1/4096 shifted_linear scores to keep log R finite
step=06400 loss=-0.0020 reverse_nll=0.0000 ESS=0.994 batch_outcomes=4096 batch_topologies=4095 seen=26218454
warning: clamping 1/4096 shifted_linear scores to keep log R finite
warning: clamping 1/4096 shifted_linear scores to keep log R finite
warning: clamping 4/4096 shifted_linear scores to keep log R finite
warning: clamping 4/4096 shifted_linear scores to keep log R finite
warning: clamping 1/4096 shifted_linear scores to keep log R finite
warning: clamping 1/4096 shifted_linear scores to keep log R finite
warning: clamping 2/4096 shifted_linear scores to keep log R finite
warning: clamping 2/4096 shifted_linear scores to keep log R finite
warning: clamping 1/4096 shifted_linear scores to keep log R finite
warning: clamping 1/4096 shifted_linear scores to keep log R finite
warning: clamping 1/4096 shifted_linear scores to keep log R finite
warning: clamping 1/4096 shifted_linear scores to keep log R finite
warning: clamping 1/4096 shifted_linear scores to keep log R finite
warning: clamping 1/4096 shifted_linear scores to keep log R finite
step=06425 loss=-0.0028 reverse_nll=0.0000 ESS=0.995 batch_outcomes=4096 batch_topologies=4095 seen=26320853
warning: clamping 1/4096 shifted_linear scores to keep log R finite
warning: clamping 1/4096 shifted_linear scores to keep log R finite
warning: clamping 1/4096 shifted_linear scores to keep log R finite
warning: clamping 1/4096 shifted_linear scores to keep log R finite
warning: clamping 1/4096 shifted_linear scores to keep log R finite
warning: clamping 1/4096 shifted_linear scores to keep log R finite
warning: clamping 1/4096 shifted_linear scores to keep log R finite
warning: clamping 1/4096 shifted_linear scores to keep log R finite
step=06450 loss=0.0012 reverse_nll=0.0000 ESS=0.995 batch_outcomes=4096 batch_topologies=4096 seen=26423253
warning: clamping 1/4096 shifted_linear scores to keep log R finite
warning: clamping 1/4096 shifted_linear scores to keep log R finite
warning: clamping 1/4096 shifted_linear scores to keep log R finite
warning: clamping 1/4096 shifted_linear scores to keep log R finite
warning: clamping 1/4096 shifted_linear scores to keep log R finite
warning: clamping 1/4096 shifted_linear scores to keep log R finite
warning: clamping 1/4096 shifted_linear scores to keep log R finite
warning: clamping 1/4096 shifted_linear scores to keep log R finite
warning: clamping 1/4096 shifted_linear scores to keep log R finite
warning: clamping 1/4096 shifted_linear scores to keep log R finite
step=06475 loss=0.0018 reverse_nll=0.0000 ESS=0.995 batch_outcomes=4096 batch_topologies=4096 seen=26525653
warning: clamping 1/4096 shifted_linear scores to keep log R finite
warning: clamping 1/4096 shifted_linear scores to keep log R finite
warning: clamping 1/4096 shifted_linear scores to keep log R finite
warning: clamping 1/4096 shifted_linear scores to keep log R finite
warning: clamping 1/4096 shifted_linear scores to keep log R finite
warning: clamping 1/4096 shifted_linear scores to keep log R finite
warning: clamping 2/4096 shifted_linear scores to keep log R finite
warning: clamping 2/4096 shifted_linear scores to keep log R finite
warning: clamping 1/4096 shifted_linear scores to keep log R finite
warning: clamping 1/4096 shifted_linear scores to keep log R finite
warning: clamping 1/4096 shifted_linear scores to keep log R finite
warning: clamping 1/4096 shifted_linear scores to keep log R finite
step=06500 loss=-0.0001 reverse_nll=0.0000 ESS=0.995 batch_outcomes=4096 batch_topologies=4096 seen=26628052
warning: clamping 1/4096 shifted_linear scores to keep log R finite
warning: clamping 1/4096 shifted_linear scores to keep log R finite
warning: clamping 1/4096 shifted_linear scores to keep log R finite
warning: clamping 1/4096 shifted_linear scores to keep log R finite
warning: clamping 1/4096 shifted_linear scores to keep log R finite
warning: clamping 1/4096 shifted_linear scores to keep log R finite
warning: clamping 1/4096 shifted_linear scores to keep log R finite
warning: clamping 1/4096 shifted_linear scores to keep log R finite
warning: clamping 1/4096 shifted_linear scores to keep log R finite
warning: clamping 1/4096 shifted_linear scores to keep log R finite
step=06525 loss=-0.0020 reverse_nll=0.0000 ESS=0.995 batch_outcomes=4096 batch_topologies=4096 seen=26730452
warning: clamping 1/4096 shifted_linear scores to keep log R finite
warning: clamping 1/4096 shifted_linear scores to keep log R finite
warning: clamping 1/4096 shifted_linear scores to keep log R finite
warning: clamping 1/4096 shifted_linear scores to keep log R finite
warning: clamping 1/4096 shifted_linear scores to keep log R finite
warning: clamping 1/4096 shifted_linear scores to keep log R finite
warning: clamping 2/4096 shifted_linear scores to keep log R finite
warning: clamping 2/4096 shifted_linear scores to keep log R finite
warning: clamping 1/4096 shifted_linear scores to keep log R finite
warning: clamping 1/4096 shifted_linear scores to keep log R finite
warning: clamping 1/4096 shifted_linear scores to keep log R finite
warning: clamping 1/4096 shifted_linear scores to keep log R finite
warning: clamping 2/4096 shifted_linear scores to keep log R finite
warning: clamping 2/4096 shifted_linear scores to keep log R finite
warning: clamping 1/4096 shifted_linear scores to keep log R finite
warning: clamping 1/4096 shifted_linear scores to keep log R finite
warning: clamping 1/4096 shifted_linear scores to keep log R finite
warning: clamping 1/4096 shifted_linear scores to keep log R finite
step=06550 loss=-0.0003 reverse_nll=0.0000 ESS=0.995 batch_outcomes=4096 batch_topologies=4096 seen=26832852
warning: clamping 1/4096 shifted_linear scores to keep log R finite
warning: clamping 1/4096 shifted_linear scores to keep log R finite
warning: clamping 1/4096 shifted_linear scores to keep log R finite
warning: clamping 1/4096 shifted_linear scores to keep log R finite
warning: clamping 1/4096 shifted_linear scores to keep log R finite
warning: clamping 1/4096 shifted_linear scores to keep log R finite
warning: clamping 1/4096 shifted_linear scores to keep log R finite
warning: clamping 1/4096 shifted_linear scores to keep log R finite
warning: clamping 2/4096 shifted_linear scores to keep log R finite
warning: clamping 2/4096 shifted_linear scores to keep log R finite
warning: clamping 1/4096 shifted_linear scores to keep log R finite
warning: clamping 1/4096 shifted_linear scores to keep log R finite
warning: clamping 2/4096 shifted_linear scores to keep log R finite
warning: clamping 2/4096 shifted_linear scores to keep log R finite
warning: clamping 1/4096 shifted_linear scores to keep log R finite
warning: clamping 1/4096 shifted_linear scores to keep log R finite
step=06575 loss=0.0002 reverse_nll=0.0000 ESS=0.995 batch_outcomes=4096 batch_topologies=4096 seen=26935251
warning: clamping 1/4096 shifted_linear scores to keep log R finite
warning: clamping 1/4096 shifted_linear scores to keep log R finite
warning: clamping 1/4096 shifted_linear scores to keep log R finite
warning: clamping 1/4096 shifted_linear scores to keep log R finite
warning: clamping 1/4096 shifted_linear scores to keep log R finite
warning: clamping 1/4096 shifted_linear scores to keep log R finite
step=06600 loss=0.0007 reverse_nll=0.0000 ESS=0.995 batch_outcomes=4096 batch_topologies=4095 seen=27037651
warning: clamping 1/4096 shifted_linear scores to keep log R finite
warning: clamping 1/4096 shifted_linear scores to keep log R finite
warning: clamping 1/4096 shifted_linear scores to keep log R finite
warning: clamping 1/4096 shifted_linear scores to keep log R finite
warning: clamping 1/4096 shifted_linear scores to keep log R finite
warning: clamping 1/4096 shifted_linear scores to keep log R finite
warning: clamping 1/4096 shifted_linear scores to keep log R finite
warning: clamping 1/4096 shifted_linear scores to keep log R finite
warning: clamping 2/4096 shifted_linear scores to keep log R finite
warning: clamping 2/4096 shifted_linear scores to keep log R finite
warning: clamping 1/4096 shifted_linear scores to keep log R finite
warning: clamping 1/4096 shifted_linear scores to keep log R finite
warning: clamping 1/4096 shifted_linear scores to keep log R finite
warning: clamping 1/4096 shifted_linear scores to keep log R finite
warning: clamping 1/4096 shifted_linear scores to keep log R finite
warning: clamping 1/4096 shifted_linear scores to keep log R finite
warning: clamping 1/4096 shifted_linear scores to keep log R finite
warning: clamping 1/4096 shifted_linear scores to keep log R finite
warning: clamping 2/4096 shifted_linear scores to keep log R finite
warning: clamping 2/4096 shifted_linear scores to keep log R finite
warning: clamping 1/4096 shifted_linear scores to keep log R finite
warning: clamping 1/4096 shifted_linear scores to keep log R finite
step=06625 loss=-0.0002 reverse_nll=0.0000 ESS=0.995 batch_outcomes=4096 batch_topologies=4095 seen=27140051
warning: clamping 1/4096 shifted_linear scores to keep log R finite
warning: clamping 1/4096 shifted_linear scores to keep log R finite
warning: clamping 2/4096 shifted_linear scores to keep log R finite
warning: clamping 2/4096 shifted_linear scores to keep log R finite
warning: clamping 1/4096 shifted_linear scores to keep log R finite
warning: clamping 1/4096 shifted_linear scores to keep log R finite
warning: clamping 1/4096 shifted_linear scores to keep log R finite
warning: clamping 1/4096 shifted_linear scores to keep log R finite
warning: clamping 1/4096 shifted_linear scores to keep log R finite
warning: clamping 1/4096 shifted_linear scores to keep log R finite
warning: clamping 1/4096 shifted_linear scores to keep log R finite
warning: clamping 1/4096 shifted_linear scores to keep log R finite
warning: clamping 1/4096 shifted_linear scores to keep log R finite
warning: clamping 1/4096 shifted_linear scores to keep log R finite
warning: clamping 1/4096 shifted_linear scores to keep log R finite
warning: clamping 1/4096 shifted_linear scores to keep log R finite
step=06650 loss=0.0007 reverse_nll=0.0000 ESS=0.995 batch_outcomes=4096 batch_topologies=4096 seen=27242451
warning: clamping 1/4096 shifted_linear scores to keep log R finite
warning: clamping 1/4096 shifted_linear scores to keep log R finite
warning: clamping 1/4096 shifted_linear scores to keep log R finite
warning: clamping 1/4096 shifted_linear scores to keep log R finite
warning: clamping 1/4096 shifted_linear scores to keep log R finite
warning: clamping 1/4096 shifted_linear scores to keep log R finite
warning: clamping 1/4096 shifted_linear scores to keep log R finite
warning: clamping 1/4096 shifted_linear scores to keep log R finite
warning: clamping 1/4096 shifted_linear scores to keep log R finite
warning: clamping 1/4096 shifted_linear scores to keep log R finite
warning: clamping 1/4096 shifted_linear scores to keep log R finite
warning: clamping 1/4096 shifted_linear scores to keep log R finite
warning: clamping 1/4096 shifted_linear scores to keep log R finite
warning: clamping 1/4096 shifted_linear scores to keep log R finite
warning: clamping 1/4096 shifted_linear scores to keep log R finite
warning: clamping 1/4096 shifted_linear scores to keep log R finite
step=06675 loss=-0.0003 reverse_nll=0.0000 ESS=0.994 batch_outcomes=4096 batch_topologies=4096 seen=27344850
warning: clamping 1/4096 shifted_linear scores to keep log R finite
warning: clamping 1/4096 shifted_linear scores to keep log R finite
warning: clamping 1/4096 shifted_linear scores to keep log R finite
warning: clamping 1/4096 shifted_linear scores to keep log R finite
warning: clamping 1/4096 shifted_linear scores to keep log R finite
warning: clamping 1/4096 shifted_linear scores to keep log R finite
warning: clamping 1/4096 shifted_linear scores to keep log R finite
warning: clamping 1/4096 shifted_linear scores to keep log R finite
warning: clamping 1/4096 shifted_linear scores to keep log R finite
warning: clamping 1/4096 shifted_linear scores to keep log R finite
warning: clamping 1/4096 shifted_linear scores to keep log R finite
warning: clamping 1/4096 shifted_linear scores to keep log R finite
step=06700 loss=0.0013 reverse_nll=0.0000 ESS=0.995 batch_outcomes=4096 batch_topologies=4096 seen=27447249
warning: clamping 1/4096 shifted_linear scores to keep log R finite
warning: clamping 1/4096 shifted_linear scores to keep log R finite
warning: clamping 1/4096 shifted_linear scores to keep log R finite
warning: clamping 1/4096 shifted_linear scores to keep log R finite
warning: clamping 1/4096 shifted_linear scores to keep log R finite
warning: clamping 1/4096 shifted_linear scores to keep log R finite
warning: clamping 1/4096 shifted_linear scores to keep log R finite
warning: clamping 1/4096 shifted_linear scores to keep log R finite
warning: clamping 1/4096 shifted_linear scores to keep log R finite
warning: clamping 1/4096 shifted_linear scores to keep log R finite
warning: clamping 1/4096 shifted_linear scores to keep log R finite
warning: clamping 1/4096 shifted_linear scores to keep log R finite
warning: clamping 1/4096 shifted_linear scores to keep log R finite
warning: clamping 1/4096 shifted_linear scores to keep log R finite
warning: clamping 1/4096 shifted_linear scores to keep log R finite
warning: clamping 1/4096 shifted_linear scores to keep log R finite
warning: clamping 1/4096 shifted_linear scores to keep log R finite
warning: clamping 1/4096 shifted_linear scores to keep log R finite
warning: clamping 1/4096 shifted_linear scores to keep log R finite
warning: clamping 1/4096 shifted_linear scores to keep log R finite
warning: clamping 1/4096 shifted_linear scores to keep log R finite
warning: clamping 1/4096 shifted_linear scores to keep log R finite
step=06725 loss=-0.0005 reverse_nll=0.0000 ESS=0.995 batch_outcomes=4096 batch_topologies=4095 seen=27549649
warning: clamping 1/4096 shifted_linear scores to keep log R finite
warning: clamping 1/4096 shifted_linear scores to keep log R finite
warning: clamping 3/4096 shifted_linear scores to keep log R finite
warning: clamping 3/4096 shifted_linear scores to keep log R finite
warning: clamping 1/4096 shifted_linear scores to keep log R finite
warning: clamping 1/4096 shifted_linear scores to keep log R finite
warning: clamping 1/4096 shifted_linear scores to keep log R finite
warning: clamping 1/4096 shifted_linear scores to keep log R finite
warning: clamping 1/4096 shifted_linear scores to keep log R finite
warning: clamping 1/4096 shifted_linear scores to keep log R finite
warning: clamping 1/4096 shifted_linear scores to keep log R finite
warning: clamping 1/4096 shifted_linear scores to keep log R finite
warning: clamping 1/4096 shifted_linear scores to keep log R finite
warning: clamping 1/4096 shifted_linear scores to keep log R finite
warning: clamping 1/4096 shifted_linear scores to keep log R finite
warning: clamping 1/4096 shifted_linear scores to keep log R finite
step=06750 loss=0.0020 reverse_nll=0.0000 ESS=0.995 batch_outcomes=4096 batch_topologies=4095 seen=27652048
warning: clamping 1/4096 shifted_linear scores to keep log R finite
warning: clamping 1/4096 shifted_linear scores to keep log R finite
warning: clamping 1/4096 shifted_linear scores to keep log R finite
warning: clamping 1/4096 shifted_linear scores to keep log R finite
warning: clamping 1/4096 shifted_linear scores to keep log R finite
warning: clamping 1/4096 shifted_linear scores to keep log R finite
warning: clamping 1/4096 shifted_linear scores to keep log R finite
warning: clamping 1/4096 shifted_linear scores to keep log R finite
warning: clamping 2/4096 shifted_linear scores to keep log R finite
warning: clamping 2/4096 shifted_linear scores to keep log R finite
warning: clamping 1/4096 shifted_linear scores to keep log R finite
warning: clamping 1/4096 shifted_linear scores to keep log R finite
warning: clamping 1/4096 shifted_linear scores to keep log R finite
warning: clamping 1/4096 shifted_linear scores to keep log R finite
warning: clamping 1/4096 shifted_linear scores to keep log R finite
warning: clamping 1/4096 shifted_linear scores to keep log R finite
warning: clamping 2/4096 shifted_linear scores to keep log R finite
warning: clamping 2/4096 shifted_linear scores to keep log R finite
step=06775 loss=0.0006 reverse_nll=0.0000 ESS=0.994 batch_outcomes=4096 batch_topologies=4096 seen=27754448
warning: clamping 1/4096 shifted_linear scores to keep log R finite
warning: clamping 1/4096 shifted_linear scores to keep log R finite
warning: clamping 2/4096 shifted_linear scores to keep log R finite
warning: clamping 2/4096 shifted_linear scores to keep log R finite
warning: clamping 1/4096 shifted_linear scores to keep log R finite
warning: clamping 1/4096 shifted_linear scores to keep log R finite
warning: clamping 1/4096 shifted_linear scores to keep log R finite
warning: clamping 1/4096 shifted_linear scores to keep log R finite
warning: clamping 1/4096 shifted_linear scores to keep log R finite
warning: clamping 1/4096 shifted_linear scores to keep log R finite
warning: clamping 3/4096 shifted_linear scores to keep log R finite
warning: clamping 3/4096 shifted_linear scores to keep log R finite
warning: clamping 1/4096 shifted_linear scores to keep log R finite
warning: clamping 1/4096 shifted_linear scores to keep log R finite
warning: clamping 1/4096 shifted_linear scores to keep log R finite
warning: clamping 1/4096 shifted_linear scores to keep log R finite
warning: clamping 1/4096 shifted_linear scores to keep log R finite
warning: clamping 1/4096 shifted_linear scores to keep log R finite
step=06800 loss=-0.0008 reverse_nll=0.0000 ESS=0.995 batch_outcomes=4096 batch_topologies=4096 seen=27856848
warning: clamping 1/4096 shifted_linear scores to keep log R finite
warning: clamping 1/4096 shifted_linear scores to keep log R finite
warning: clamping 1/4096 shifted_linear scores to keep log R finite
warning: clamping 1/4096 shifted_linear scores to keep log R finite
step=06825 loss=-0.0004 reverse_nll=0.0000 ESS=0.995 batch_outcomes=4096 batch_topologies=4096 seen=27959248
warning: clamping 1/4096 shifted_linear scores to keep log R finite
warning: clamping 1/4096 shifted_linear scores to keep log R finite
warning: clamping 1/4096 shifted_linear scores to keep log R finite
warning: clamping 1/4096 shifted_linear scores to keep log R finite
warning: clamping 1/4096 shifted_linear scores to keep log R finite
warning: clamping 1/4096 shifted_linear scores to keep log R finite
warning: clamping 1/4096 shifted_linear scores to keep log R finite
warning: clamping 1/4096 shifted_linear scores to keep log R finite
warning: clamping 1/4096 shifted_linear scores to keep log R finite
warning: clamping 1/4096 shifted_linear scores to keep log R finite
warning: clamping 1/4096 shifted_linear scores to keep log R finite
warning: clamping 1/4096 shifted_linear scores to keep log R finite
warning: clamping 1/4096 shifted_linear scores to keep log R finite
warning: clamping 1/4096 shifted_linear scores to keep log R finite
step=06850 loss=-0.0002 reverse_nll=0.0000 ESS=0.995 batch_outcomes=4096 batch_topologies=4095 seen=28061648
warning: clamping 1/4096 shifted_linear scores to keep log R finite
warning: clamping 1/4096 shifted_linear scores to keep log R finite
warning: clamping 1/4096 shifted_linear scores to keep log R finite
warning: clamping 1/4096 shifted_linear scores to keep log R finite
warning: clamping 1/4096 shifted_linear scores to keep log R finite
warning: clamping 1/4096 shifted_linear scores to keep log R finite
warning: clamping 1/4096 shifted_linear scores to keep log R finite
warning: clamping 1/4096 shifted_linear scores to keep log R finite
warning: clamping 1/4096 shifted_linear scores to keep log R finite
warning: clamping 1/4096 shifted_linear scores to keep log R finite
warning: clamping 2/4096 shifted_linear scores to keep log R finite
warning: clamping 2/4096 shifted_linear scores to keep log R finite
step=06875 loss=0.0002 reverse_nll=0.0000 ESS=0.995 batch_outcomes=4096 batch_topologies=4096 seen=28164048
warning: clamping 2/4096 shifted_linear scores to keep log R finite
warning: clamping 2/4096 shifted_linear scores to keep log R finite
warning: clamping 2/4096 shifted_linear scores to keep log R finite
warning: clamping 2/4096 shifted_linear scores to keep log R finite
warning: clamping 1/4096 shifted_linear scores to keep log R finite
warning: clamping 1/4096 shifted_linear scores to keep log R finite
warning: clamping 2/4096 shifted_linear scores to keep log R finite
warning: clamping 2/4096 shifted_linear scores to keep log R finite
warning: clamping 1/4096 shifted_linear scores to keep log R finite
warning: clamping 1/4096 shifted_linear scores to keep log R finite
warning: clamping 1/4096 shifted_linear scores to keep log R finite
warning: clamping 1/4096 shifted_linear scores to keep log R finite
warning: clamping 1/4096 shifted_linear scores to keep log R finite
warning: clamping 1/4096 shifted_linear scores to keep log R finite
warning: clamping 1/4096 shifted_linear scores to keep log R finite
warning: clamping 1/4096 shifted_linear scores to keep log R finite
step=06900 loss=-0.0017 reverse_nll=0.0000 ESS=0.995 batch_outcomes=4096 batch_topologies=4095 seen=28266448
warning: clamping 1/4096 shifted_linear scores to keep log R finite
warning: clamping 1/4096 shifted_linear scores to keep log R finite
warning: clamping 1/4096 shifted_linear scores to keep log R finite
warning: clamping 1/4096 shifted_linear scores to keep log R finite
warning: clamping 1/4096 shifted_linear scores to keep log R finite
warning: clamping 1/4096 shifted_linear scores to keep log R finite
warning: clamping 1/4096 shifted_linear scores to keep log R finite
warning: clamping 1/4096 shifted_linear scores to keep log R finite
warning: clamping 1/4096 shifted_linear scores to keep log R finite
warning: clamping 1/4096 shifted_linear scores to keep log R finite
step=06925 loss=-0.0003 reverse_nll=0.0000 ESS=0.995 batch_outcomes=4096 batch_topologies=4095 seen=28368848
warning: clamping 1/4096 shifted_linear scores to keep log R finite
warning: clamping 1/4096 shifted_linear scores to keep log R finite
warning: clamping 1/4096 shifted_linear scores to keep log R finite
warning: clamping 1/4096 shifted_linear scores to keep log R finite
warning: clamping 2/4096 shifted_linear scores to keep log R finite
warning: clamping 2/4096 shifted_linear scores to keep log R finite
warning: clamping 2/4096 shifted_linear scores to keep log R finite
warning: clamping 2/4096 shifted_linear scores to keep log R finite
warning: clamping 1/4096 shifted_linear scores to keep log R finite
warning: clamping 1/4096 shifted_linear scores to keep log R finite
warning: clamping 1/4096 shifted_linear scores to keep log R finite
warning: clamping 1/4096 shifted_linear scores to keep log R finite
warning: clamping 1/4096 shifted_linear scores to keep log R finite
warning: clamping 1/4096 shifted_linear scores to keep log R finite
warning: clamping 1/4096 shifted_linear scores to keep log R finite
warning: clamping 1/4096 shifted_linear scores to keep log R finite
warning: clamping 1/4096 shifted_linear scores to keep log R finite
warning: clamping 1/4096 shifted_linear scores to keep log R finite
warning: clamping 1/4096 shifted_linear scores to keep log R finite
warning: clamping 1/4096 shifted_linear scores to keep log R finite
step=06950 loss=0.0011 reverse_nll=0.0000 ESS=0.995 batch_outcomes=4096 batch_topologies=4096 seen=28471248
warning: clamping 1/4096 shifted_linear scores to keep log R finite
warning: clamping 1/4096 shifted_linear scores to keep log R finite
warning: clamping 1/4096 shifted_linear scores to keep log R finite
warning: clamping 1/4096 shifted_linear scores to keep log R finite
warning: clamping 1/4096 shifted_linear scores to keep log R finite
warning: clamping 1/4096 shifted_linear scores to keep log R finite
warning: clamping 1/4096 shifted_linear scores to keep log R finite
warning: clamping 1/4096 shifted_linear scores to keep log R finite
warning: clamping 1/4096 shifted_linear scores to keep log R finite
warning: clamping 1/4096 shifted_linear scores to keep log R finite
warning: clamping 1/4096 shifted_linear scores to keep log R finite
warning: clamping 1/4096 shifted_linear scores to keep log R finite
step=06975 loss=0.0007 reverse_nll=0.0000 ESS=0.995 batch_outcomes=4096 batch_topologies=4095 seen=28573647
warning: clamping 1/4096 shifted_linear scores to keep log R finite
warning: clamping 1/4096 shifted_linear scores to keep log R finite
warning: clamping 1/4096 shifted_linear scores to keep log R finite
warning: clamping 1/4096 shifted_linear scores to keep log R finite
warning: clamping 1/4096 shifted_linear scores to keep log R finite
warning: clamping 1/4096 shifted_linear scores to keep log R finite
warning: clamping 1/4096 shifted_linear scores to keep log R finite
warning: clamping 1/4096 shifted_linear scores to keep log R finite
warning: clamping 1/4096 shifted_linear scores to keep log R finite
warning: clamping 1/4096 shifted_linear scores to keep log R finite
warning: clamping 1/4096 shifted_linear scores to keep log R finite
warning: clamping 1/4096 shifted_linear scores to keep log R finite
step=07000 loss=-0.0002 reverse_nll=0.0000 ESS=0.995 batch_outcomes=4096 batch_topologies=4096 seen=28676046
warning: clamping 2/4096 shifted_linear scores to keep log R finite
warning: clamping 2/4096 shifted_linear scores to keep log R finite
warning: clamping 1/4096 shifted_linear scores to keep log R finite
warning: clamping 1/4096 shifted_linear scores to keep log R finite
warning: clamping 1/4096 shifted_linear scores to keep log R finite
warning: clamping 1/4096 shifted_linear scores to keep log R finite
warning: clamping 1/4096 shifted_linear scores to keep log R finite
warning: clamping 1/4096 shifted_linear scores to keep log R finite
warning: clamping 1/4096 shifted_linear scores to keep log R finite
warning: clamping 1/4096 shifted_linear scores to keep log R finite
step=07025 loss=-0.0008 reverse_nll=0.0000 ESS=0.994 batch_outcomes=4096 batch_topologies=4095 seen=28778443
warning: clamping 1/4096 shifted_linear scores to keep log R finite
warning: clamping 1/4096 shifted_linear scores to keep log R finite
warning: clamping 2/4096 shifted_linear scores to keep log R finite
warning: clamping 2/4096 shifted_linear scores to keep log R finite
warning: clamping 1/4096 shifted_linear scores to keep log R finite
warning: clamping 1/4096 shifted_linear scores to keep log R finite
warning: clamping 2/4096 shifted_linear scores to keep log R finite
warning: clamping 2/4096 shifted_linear scores to keep log R finite
warning: clamping 1/4096 shifted_linear scores to keep log R finite
warning: clamping 1/4096 shifted_linear scores to keep log R finite
warning: clamping 1/4096 shifted_linear scores to keep log R finite
warning: clamping 1/4096 shifted_linear scores to keep log R finite
warning: clamping 1/4096 shifted_linear scores to keep log R finite
warning: clamping 1/4096 shifted_linear scores to keep log R finite
step=07050 loss=0.0007 reverse_nll=0.0000 ESS=0.994 batch_outcomes=4096 batch_topologies=4096 seen=28880843
warning: clamping 1/4096 shifted_linear scores to keep log R finite
warning: clamping 1/4096 shifted_linear scores to keep log R finite
warning: clamping 1/4096 shifted_linear scores to keep log R finite
warning: clamping 1/4096 shifted_linear scores to keep log R finite
warning: clamping 1/4096 shifted_linear scores to keep log R finite
warning: clamping 1/4096 shifted_linear scores to keep log R finite
warning: clamping 1/4096 shifted_linear scores to keep log R finite
warning: clamping 1/4096 shifted_linear scores to keep log R finite
step=07075 loss=-0.0022 reverse_nll=0.0000 ESS=0.995 batch_outcomes=4096 batch_topologies=4096 seen=28983242
warning: clamping 3/4096 shifted_linear scores to keep log R finite
warning: clamping 3/4096 shifted_linear scores to keep log R finite
warning: clamping 2/4096 shifted_linear scores to keep log R finite
warning: clamping 2/4096 shifted_linear scores to keep log R finite
warning: clamping 2/4096 shifted_linear scores to keep log R finite
warning: clamping 2/4096 shifted_linear scores to keep log R finite
step=07100 loss=-0.0012 reverse_nll=0.0000 ESS=0.995 batch_outcomes=4096 batch_topologies=4096 seen=29085641
warning: clamping 1/4096 shifted_linear scores to keep log R finite
warning: clamping 1/4096 shifted_linear scores to keep log R finite
warning: clamping 2/4096 shifted_linear scores to keep log R finite
warning: clamping 2/4096 shifted_linear scores to keep log R finite
warning: clamping 1/4096 shifted_linear scores to keep log R finite
warning: clamping 1/4096 shifted_linear scores to keep log R finite
warning: clamping 1/4096 shifted_linear scores to keep log R finite
warning: clamping 1/4096 shifted_linear scores to keep log R finite
warning: clamping 1/4096 shifted_linear scores to keep log R finite
warning: clamping 1/4096 shifted_linear scores to keep log R finite
warning: clamping 1/4096 shifted_linear scores to keep log R finite
warning: clamping 1/4096 shifted_linear scores to keep log R finite
warning: clamping 1/4096 shifted_linear scores to keep log R finite
warning: clamping 1/4096 shifted_linear scores to keep log R finite
warning: clamping 1/4096 shifted_linear scores to keep log R finite
warning: clamping 1/4096 shifted_linear scores to keep log R finite
warning: clamping 1/4096 shifted_linear scores to keep log R finite
warning: clamping 1/4096 shifted_linear scores to keep log R finite
step=07125 loss=-0.0003 reverse_nll=0.0000 ESS=0.994 batch_outcomes=4096 batch_topologies=4096 seen=29188041
warning: clamping 1/4096 shifted_linear scores to keep log R finite
warning: clamping 1/4096 shifted_linear scores to keep log R finite
warning: clamping 1/4096 shifted_linear scores to keep log R finite
warning: clamping 1/4096 shifted_linear scores to keep log R finite
warning: clamping 1/4096 shifted_linear scores to keep log R finite
warning: clamping 1/4096 shifted_linear scores to keep log R finite
step=07150 loss=0.0020 reverse_nll=0.0000 ESS=0.994 batch_outcomes=4096 batch_topologies=4096 seen=29290441
warning: clamping 1/4096 shifted_linear scores to keep log R finite
warning: clamping 1/4096 shifted_linear scores to keep log R finite
warning: clamping 1/4096 shifted_linear scores to keep log R finite
warning: clamping 1/4096 shifted_linear scores to keep log R finite
warning: clamping 1/4096 shifted_linear scores to keep log R finite
warning: clamping 1/4096 shifted_linear scores to keep log R finite
warning: clamping 1/4096 shifted_linear scores to keep log R finite
warning: clamping 1/4096 shifted_linear scores to keep log R finite
warning: clamping 1/4096 shifted_linear scores to keep log R finite
warning: clamping 1/4096 shifted_linear scores to keep log R finite
warning: clamping 1/4096 shifted_linear scores to keep log R finite
warning: clamping 1/4096 shifted_linear scores to keep log R finite
warning: clamping 1/4096 shifted_linear scores to keep log R finite
warning: clamping 1/4096 shifted_linear scores to keep log R finite
warning: clamping 1/4096 shifted_linear scores to keep log R finite
warning: clamping 1/4096 shifted_linear scores to keep log R finite
step=07175 loss=-0.0002 reverse_nll=0.0000 ESS=0.994 batch_outcomes=4096 batch_topologies=4096 seen=29392841
warning: clamping 1/4096 shifted_linear scores to keep log R finite
warning: clamping 1/4096 shifted_linear scores to keep log R finite
warning: clamping 1/4096 shifted_linear scores to keep log R finite
warning: clamping 1/4096 shifted_linear scores to keep log R finite
warning: clamping 1/4096 shifted_linear scores to keep log R finite
warning: clamping 1/4096 shifted_linear scores to keep log R finite
warning: clamping 1/4096 shifted_linear scores to keep log R finite
warning: clamping 1/4096 shifted_linear scores to keep log R finite
warning: clamping 1/4096 shifted_linear scores to keep log R finite
warning: clamping 1/4096 shifted_linear scores to keep log R finite
warning: clamping 1/4096 shifted_linear scores to keep log R finite
warning: clamping 1/4096 shifted_linear scores to keep log R finite
warning: clamping 1/4096 shifted_linear scores to keep log R finite
warning: clamping 1/4096 shifted_linear scores to keep log R finite
warning: clamping 1/4096 shifted_linear scores to keep log R finite
warning: clamping 1/4096 shifted_linear scores to keep log R finite
step=07200 loss=0.0016 reverse_nll=0.0000 ESS=0.994 batch_outcomes=4096 batch_topologies=4096 seen=29495240
warning: clamping 2/4096 shifted_linear scores to keep log R finite
warning: clamping 2/4096 shifted_linear scores to keep log R finite
warning: clamping 1/4096 shifted_linear scores to keep log R finite
warning: clamping 1/4096 shifted_linear scores to keep log R finite
warning: clamping 1/4096 shifted_linear scores to keep log R finite
warning: clamping 1/4096 shifted_linear scores to keep log R finite
warning: clamping 1/4096 shifted_linear scores to keep log R finite
warning: clamping 1/4096 shifted_linear scores to keep log R finite
warning: clamping 1/4096 shifted_linear scores to keep log R finite
warning: clamping 1/4096 shifted_linear scores to keep log R finite
warning: clamping 1/4096 shifted_linear scores to keep log R finite
warning: clamping 1/4096 shifted_linear scores to keep log R finite
step=07225 loss=0.0004 reverse_nll=0.0000 ESS=0.995 batch_outcomes=4096 batch_topologies=4096 seen=29597639
warning: clamping 1/4096 shifted_linear scores to keep log R finite
warning: clamping 1/4096 shifted_linear scores to keep log R finite
warning: clamping 1/4096 shifted_linear scores to keep log R finite
warning: clamping 1/4096 shifted_linear scores to keep log R finite
warning: clamping 1/4096 shifted_linear scores to keep log R finite
warning: clamping 1/4096 shifted_linear scores to keep log R finite
warning: clamping 2/4096 shifted_linear scores to keep log R finite
warning: clamping 2/4096 shifted_linear scores to keep log R finite
warning: clamping 1/4096 shifted_linear scores to keep log R finite
warning: clamping 1/4096 shifted_linear scores to keep log R finite
warning: clamping 1/4096 shifted_linear scores to keep log R finite
warning: clamping 1/4096 shifted_linear scores to keep log R finite
warning: clamping 1/4096 shifted_linear scores to keep log R finite
warning: clamping 1/4096 shifted_linear scores to keep log R finite
warning: clamping 2/4096 shifted_linear scores to keep log R finite
warning: clamping 2/4096 shifted_linear scores to keep log R finite
warning: clamping 1/4096 shifted_linear scores to keep log R finite
warning: clamping 1/4096 shifted_linear scores to keep log R finite
step=07250 loss=-0.0010 reverse_nll=0.0000 ESS=0.995 batch_outcomes=4096 batch_topologies=4096 seen=29700039
warning: clamping 1/4096 shifted_linear scores to keep log R finite
warning: clamping 1/4096 shifted_linear scores to keep log R finite
warning: clamping 1/4096 shifted_linear scores to keep log R finite
warning: clamping 1/4096 shifted_linear scores to keep log R finite
warning: clamping 1/4096 shifted_linear scores to keep log R finite
warning: clamping 1/4096 shifted_linear scores to keep log R finite
warning: clamping 1/4096 shifted_linear scores to keep log R finite
warning: clamping 1/4096 shifted_linear scores to keep log R finite
warning: clamping 2/4096 shifted_linear scores to keep log R finite
warning: clamping 2/4096 shifted_linear scores to keep log R finite
step=07275 loss=-0.0019 reverse_nll=0.0000 ESS=0.994 batch_outcomes=4096 batch_topologies=4095 seen=29802439
warning: clamping 1/4096 shifted_linear scores to keep log R finite
warning: clamping 1/4096 shifted_linear scores to keep log R finite
warning: clamping 1/4096 shifted_linear scores to keep log R finite
warning: clamping 1/4096 shifted_linear scores to keep log R finite
warning: clamping 1/4096 shifted_linear scores to keep log R finite
warning: clamping 1/4096 shifted_linear scores to keep log R finite
warning: clamping 1/4096 shifted_linear scores to keep log R finite
warning: clamping 1/4096 shifted_linear scores to keep log R finite
warning: clamping 1/4096 shifted_linear scores to keep log R finite
warning: clamping 1/4096 shifted_linear scores to keep log R finite
warning: clamping 2/4096 shifted_linear scores to keep log R finite
warning: clamping 2/4096 shifted_linear scores to keep log R finite
step=07300 loss=0.0015 reverse_nll=0.0000 ESS=0.995 batch_outcomes=4096 batch_topologies=4096 seen=29904839
warning: clamping 2/4096 shifted_linear scores to keep log R finite
warning: clamping 2/4096 shifted_linear scores to keep log R finite
warning: clamping 1/4096 shifted_linear scores to keep log R finite
warning: clamping 1/4096 shifted_linear scores to keep log R finite
warning: clamping 2/4096 shifted_linear scores to keep log R finite
warning: clamping 2/4096 shifted_linear scores to keep log R finite
warning: clamping 1/4096 shifted_linear scores to keep log R finite
warning: clamping 1/4096 shifted_linear scores to keep log R finite
step=07325 loss=0.0022 reverse_nll=0.0000 ESS=0.995 batch_outcomes=4096 batch_topologies=4096 seen=30007239
warning: clamping 1/4096 shifted_linear scores to keep log R finite
warning: clamping 1/4096 shifted_linear scores to keep log R finite
warning: clamping 1/4096 shifted_linear scores to keep log R finite
warning: clamping 1/4096 shifted_linear scores to keep log R finite
warning: clamping 1/4096 shifted_linear scores to keep log R finite
warning: clamping 1/4096 shifted_linear scores to keep log R finite
warning: clamping 1/4096 shifted_linear scores to keep log R finite
warning: clamping 1/4096 shifted_linear scores to keep log R finite
warning: clamping 1/4096 shifted_linear scores to keep log R finite
warning: clamping 1/4096 shifted_linear scores to keep log R finite
warning: clamping 1/4096 shifted_linear scores to keep log R finite
warning: clamping 1/4096 shifted_linear scores to keep log R finite
warning: clamping 1/4096 shifted_linear scores to keep log R finite
warning: clamping 1/4096 shifted_linear scores to keep log R finite
warning: clamping 1/4096 shifted_linear scores to keep log R finite
warning: clamping 1/4096 shifted_linear scores to keep log R finite
warning: clamping 1/4096 shifted_linear scores to keep log R finite
warning: clamping 1/4096 shifted_linear scores to keep log R finite
step=07350 loss=-0.0017 reverse_nll=0.0000 ESS=0.995 batch_outcomes=4096 batch_topologies=4096 seen=30109638
warning: clamping 1/4096 shifted_linear scores to keep log R finite
warning: clamping 1/4096 shifted_linear scores to keep log R finite
warning: clamping 2/4096 shifted_linear scores to keep log R finite
warning: clamping 2/4096 shifted_linear scores to keep log R finite
warning: clamping 2/4096 shifted_linear scores to keep log R finite
warning: clamping 2/4096 shifted_linear scores to keep log R finite
warning: clamping 3/4096 shifted_linear scores to keep log R finite
warning: clamping 3/4096 shifted_linear scores to keep log R finite
warning: clamping 1/4096 shifted_linear scores to keep log R finite
warning: clamping 1/4096 shifted_linear scores to keep log R finite
warning: clamping 1/4096 shifted_linear scores to keep log R finite
warning: clamping 1/4096 shifted_linear scores to keep log R finite
warning: clamping 1/4096 shifted_linear scores to keep log R finite
warning: clamping 1/4096 shifted_linear scores to keep log R finite
warning: clamping 1/4096 shifted_linear scores to keep log R finite
warning: clamping 1/4096 shifted_linear scores to keep log R finite
step=07375 loss=-0.0006 reverse_nll=0.0000 ESS=0.995 batch_outcomes=4096 batch_topologies=4096 seen=30212037
warning: clamping 2/4096 shifted_linear scores to keep log R finite
warning: clamping 2/4096 shifted_linear scores to keep log R finite
warning: clamping 1/4096 shifted_linear scores to keep log R finite
warning: clamping 1/4096 shifted_linear scores to keep log R finite
warning: clamping 1/4096 shifted_linear scores to keep log R finite
warning: clamping 1/4096 shifted_linear scores to keep log R finite
warning: clamping 1/4096 shifted_linear scores to keep log R finite
warning: clamping 1/4096 shifted_linear scores to keep log R finite
warning: clamping 1/4096 shifted_linear scores to keep log R finite
warning: clamping 1/4096 shifted_linear scores to keep log R finite
warning: clamping 1/4096 shifted_linear scores to keep log R finite
warning: clamping 1/4096 shifted_linear scores to keep log R finite
warning: clamping 1/4096 shifted_linear scores to keep log R finite
warning: clamping 1/4096 shifted_linear scores to keep log R finite
warning: clamping 1/4096 shifted_linear scores to keep log R finite
warning: clamping 1/4096 shifted_linear scores to keep log R finite
warning: clamping 1/4096 shifted_linear scores to keep log R finite
warning: clamping 1/4096 shifted_linear scores to keep log R finite
warning: clamping 1/4096 shifted_linear scores to keep log R finite
warning: clamping 1/4096 shifted_linear scores to keep log R finite
step=07400 loss=0.0036 reverse_nll=0.0000 ESS=0.994 batch_outcomes=4096 batch_topologies=4096 seen=30314437
warning: clamping 2/4096 shifted_linear scores to keep log R finite
warning: clamping 2/4096 shifted_linear scores to keep log R finite
warning: clamping 1/4096 shifted_linear scores to keep log R finite
warning: clamping 1/4096 shifted_linear scores to keep log R finite
warning: clamping 1/4096 shifted_linear scores to keep log R finite
warning: clamping 1/4096 shifted_linear scores to keep log R finite
warning: clamping 1/4096 shifted_linear scores to keep log R finite
warning: clamping 1/4096 shifted_linear scores to keep log R finite
warning: clamping 1/4096 shifted_linear scores to keep log R finite
warning: clamping 1/4096 shifted_linear scores to keep log R finite
warning: clamping 1/4096 shifted_linear scores to keep log R finite
warning: clamping 1/4096 shifted_linear scores to keep log R finite
warning: clamping 1/4096 shifted_linear scores to keep log R finite
warning: clamping 1/4096 shifted_linear scores to keep log R finite
step=07425 loss=-0.0014 reverse_nll=0.0000 ESS=0.995 batch_outcomes=4096 batch_topologies=4095 seen=30416835
warning: clamping 1/4096 shifted_linear scores to keep log R finite
warning: clamping 1/4096 shifted_linear scores to keep log R finite
warning: clamping 1/4096 shifted_linear scores to keep log R finite
warning: clamping 1/4096 shifted_linear scores to keep log R finite
warning: clamping 2/4096 shifted_linear scores to keep log R finite
warning: clamping 2/4096 shifted_linear scores to keep log R finite
warning: clamping 1/4096 shifted_linear scores to keep log R finite
warning: clamping 1/4096 shifted_linear scores to keep log R finite
warning: clamping 1/4096 shifted_linear scores to keep log R finite
warning: clamping 1/4096 shifted_linear scores to keep log R finite
warning: clamping 1/4096 shifted_linear scores to keep log R finite
warning: clamping 1/4096 shifted_linear scores to keep log R finite
warning: clamping 1/4096 shifted_linear scores to keep log R finite
warning: clamping 1/4096 shifted_linear scores to keep log R finite
warning: clamping 1/4096 shifted_linear scores to keep log R finite
warning: clamping 1/4096 shifted_linear scores to keep log R finite
warning: clamping 1/4096 shifted_linear scores to keep log R finite
warning: clamping 1/4096 shifted_linear scores to keep log R finite
step=07450 loss=-0.0009 reverse_nll=0.0000 ESS=0.994 batch_outcomes=4096 batch_topologies=4096 seen=30519235
warning: clamping 2/4096 shifted_linear scores to keep log R finite
warning: clamping 2/4096 shifted_linear scores to keep log R finite
warning: clamping 1/4096 shifted_linear scores to keep log R finite
warning: clamping 1/4096 shifted_linear scores to keep log R finite
warning: clamping 1/4096 shifted_linear scores to keep log R finite
warning: clamping 1/4096 shifted_linear scores to keep log R finite
warning: clamping 1/4096 shifted_linear scores to keep log R finite
warning: clamping 1/4096 shifted_linear scores to keep log R finite
warning: clamping 1/4096 shifted_linear scores to keep log R finite
warning: clamping 1/4096 shifted_linear scores to keep log R finite
step=07475 loss=0.0002 reverse_nll=0.0000 ESS=0.995 batch_outcomes=4096 batch_topologies=4096 seen=30621633
warning: clamping 1/4096 shifted_linear scores to keep log R finite
warning: clamping 1/4096 shifted_linear scores to keep log R finite
warning: clamping 2/4096 shifted_linear scores to keep log R finite
warning: clamping 2/4096 shifted_linear scores to keep log R finite
warning: clamping 1/4096 shifted_linear scores to keep log R finite
warning: clamping 1/4096 shifted_linear scores to keep log R finite
warning: clamping 1/4096 shifted_linear scores to keep log R finite
warning: clamping 1/4096 shifted_linear scores to keep log R finite
warning: clamping 1/4096 shifted_linear scores to keep log R finite
warning: clamping 1/4096 shifted_linear scores to keep log R finite
warning: clamping 1/4096 shifted_linear scores to keep log R finite
warning: clamping 1/4096 shifted_linear scores to keep log R finite
warning: clamping 1/4096 shifted_linear scores to keep log R finite
warning: clamping 1/4096 shifted_linear scores to keep log R finite
warning: clamping 3/4096 shifted_linear scores to keep log R finite
warning: clamping 3/4096 shifted_linear scores to keep log R finite
warning: clamping 1/4096 shifted_linear scores to keep log R finite
warning: clamping 1/4096 shifted_linear scores to keep log R finite
warning: clamping 1/4096 shifted_linear scores to keep log R finite
warning: clamping 1/4096 shifted_linear scores to keep log R finite
step=07500 loss=0.0027 reverse_nll=0.0000 ESS=0.995 batch_outcomes=4096 batch_topologies=4096 seen=30724033
warning: clamping 1/4096 shifted_linear scores to keep log R finite
warning: clamping 1/4096 shifted_linear scores to keep log R finite
warning: clamping 1/4096 shifted_linear scores to keep log R finite
warning: clamping 1/4096 shifted_linear scores to keep log R finite
warning: clamping 2/4096 shifted_linear scores to keep log R finite
warning: clamping 2/4096 shifted_linear scores to keep log R finite
warning: clamping 2/4096 shifted_linear scores to keep log R finite
warning: clamping 2/4096 shifted_linear scores to keep log R finite
warning: clamping 1/4096 shifted_linear scores to keep log R finite
warning: clamping 1/4096 shifted_linear scores to keep log R finite
warning: clamping 1/4096 shifted_linear scores to keep log R finite
warning: clamping 1/4096 shifted_linear scores to keep log R finite
warning: clamping 1/4096 shifted_linear scores to keep log R finite
warning: clamping 1/4096 shifted_linear scores to keep log R finite
step=07525 loss=-0.0006 reverse_nll=0.0000 ESS=0.995 batch_outcomes=4096 batch_topologies=4095 seen=30826433
warning: clamping 1/4096 shifted_linear scores to keep log R finite
warning: clamping 1/4096 shifted_linear scores to keep log R finite
warning: clamping 1/4096 shifted_linear scores to keep log R finite
warning: clamping 1/4096 shifted_linear scores to keep log R finite
warning: clamping 1/4096 shifted_linear scores to keep log R finite
warning: clamping 1/4096 shifted_linear scores to keep log R finite
warning: clamping 1/4096 shifted_linear scores to keep log R finite
warning: clamping 1/4096 shifted_linear scores to keep log R finite
warning: clamping 1/4096 shifted_linear scores to keep log R finite
warning: clamping 1/4096 shifted_linear scores to keep log R finite
warning: clamping 1/4096 shifted_linear scores to keep log R finite
warning: clamping 1/4096 shifted_linear scores to keep log R finite
step=07550 loss=0.0021 reverse_nll=0.0000 ESS=0.995 batch_outcomes=4096 batch_topologies=4096 seen=30928833
warning: clamping 1/4096 shifted_linear scores to keep log R finite
warning: clamping 1/4096 shifted_linear scores to keep log R finite
warning: clamping 1/4096 shifted_linear scores to keep log R finite
warning: clamping 1/4096 shifted_linear scores to keep log R finite
warning: clamping 5/4096 shifted_linear scores to keep log R finite
warning: clamping 5/4096 shifted_linear scores to keep log R finite
warning: clamping 1/4096 shifted_linear scores to keep log R finite
warning: clamping 1/4096 shifted_linear scores to keep log R finite
warning: clamping 1/4096 shifted_linear scores to keep log R finite
warning: clamping 1/4096 shifted_linear scores to keep log R finite
warning: clamping 1/4096 shifted_linear scores to keep log R finite
warning: clamping 1/4096 shifted_linear scores to keep log R finite
step=07575 loss=-0.0013 reverse_nll=0.0000 ESS=0.995 batch_outcomes=4096 batch_topologies=4096 seen=31031231
warning: clamping 1/4096 shifted_linear scores to keep log R finite
warning: clamping 1/4096 shifted_linear scores to keep log R finite
warning: clamping 1/4096 shifted_linear scores to keep log R finite
warning: clamping 1/4096 shifted_linear scores to keep log R finite
warning: clamping 1/4096 shifted_linear scores to keep log R finite
warning: clamping 1/4096 shifted_linear scores to keep log R finite
warning: clamping 1/4096 shifted_linear scores to keep log R finite
warning: clamping 1/4096 shifted_linear scores to keep log R finite
warning: clamping 1/4096 shifted_linear scores to keep log R finite
warning: clamping 1/4096 shifted_linear scores to keep log R finite
warning: clamping 1/4096 shifted_linear scores to keep log R finite
warning: clamping 1/4096 shifted_linear scores to keep log R finite
warning: clamping 1/4096 shifted_linear scores to keep log R finite
warning: clamping 1/4096 shifted_linear scores to keep log R finite
step=07600 loss=-0.0018 reverse_nll=0.0000 ESS=0.995 batch_outcomes=4096 batch_topologies=4096 seen=31133631
warning: clamping 1/4096 shifted_linear scores to keep log R finite
warning: clamping 1/4096 shifted_linear scores to keep log R finite
warning: clamping 1/4096 shifted_linear scores to keep log R finite
warning: clamping 1/4096 shifted_linear scores to keep log R finite
warning: clamping 1/4096 shifted_linear scores to keep log R finite
warning: clamping 1/4096 shifted_linear scores to keep log R finite
warning: clamping 2/4096 shifted_linear scores to keep log R finite
warning: clamping 2/4096 shifted_linear scores to keep log R finite
warning: clamping 1/4096 shifted_linear scores to keep log R finite
warning: clamping 1/4096 shifted_linear scores to keep log R finite
warning: clamping 1/4096 shifted_linear scores to keep log R finite
warning: clamping 1/4096 shifted_linear scores to keep log R finite
step=07625 loss=0.0016 reverse_nll=0.0000 ESS=0.995 batch_outcomes=4096 batch_topologies=4096 seen=31236030
warning: clamping 1/4096 shifted_linear scores to keep log R finite
warning: clamping 1/4096 shifted_linear scores to keep log R finite
warning: clamping 1/4096 shifted_linear scores to keep log R finite
warning: clamping 1/4096 shifted_linear scores to keep log R finite
warning: clamping 1/4096 shifted_linear scores to keep log R finite
warning: clamping 1/4096 shifted_linear scores to keep log R finite
warning: clamping 1/4096 shifted_linear scores to keep log R finite
warning: clamping 1/4096 shifted_linear scores to keep log R finite
warning: clamping 1/4096 shifted_linear scores to keep log R finite
warning: clamping 1/4096 shifted_linear scores to keep log R finite
warning: clamping 1/4096 shifted_linear scores to keep log R finite
warning: clamping 1/4096 shifted_linear scores to keep log R finite
step=07650 loss=-0.0007 reverse_nll=0.0000 ESS=0.995 batch_outcomes=4096 batch_topologies=4096 seen=31338430
warning: clamping 1/4096 shifted_linear scores to keep log R finite
warning: clamping 1/4096 shifted_linear scores to keep log R finite
warning: clamping 1/4096 shifted_linear scores to keep log R finite
warning: clamping 1/4096 shifted_linear scores to keep log R finite
warning: clamping 1/4096 shifted_linear scores to keep log R finite
warning: clamping 1/4096 shifted_linear scores to keep log R finite
warning: clamping 1/4096 shifted_linear scores to keep log R finite
warning: clamping 1/4096 shifted_linear scores to keep log R finite
warning: clamping 1/4096 shifted_linear scores to keep log R finite
warning: clamping 1/4096 shifted_linear scores to keep log R finite
warning: clamping 1/4096 shifted_linear scores to keep log R finite
warning: clamping 1/4096 shifted_linear scores to keep log R finite
warning: clamping 1/4096 shifted_linear scores to keep log R finite
warning: clamping 1/4096 shifted_linear scores to keep log R finite
step=07675 loss=0.0009 reverse_nll=0.0000 ESS=0.995 batch_outcomes=4096 batch_topologies=4096 seen=31440830
warning: clamping 1/4096 shifted_linear scores to keep log R finite
warning: clamping 1/4096 shifted_linear scores to keep log R finite
warning: clamping 1/4096 shifted_linear scores to keep log R finite
warning: clamping 1/4096 shifted_linear scores to keep log R finite
warning: clamping 2/4096 shifted_linear scores to keep log R finite
warning: clamping 2/4096 shifted_linear scores to keep log R finite
warning: clamping 1/4096 shifted_linear scores to keep log R finite
warning: clamping 1/4096 shifted_linear scores to keep log R finite
warning: clamping 1/4096 shifted_linear scores to keep log R finite
warning: clamping 1/4096 shifted_linear scores to keep log R finite
warning: clamping 1/4096 shifted_linear scores to keep log R finite
warning: clamping 1/4096 shifted_linear scores to keep log R finite
step=07700 loss=-0.0002 reverse_nll=0.0000 ESS=0.995 batch_outcomes=4096 batch_topologies=4095 seen=31543230
warning: clamping 2/4096 shifted_linear scores to keep log R finite
warning: clamping 2/4096 shifted_linear scores to keep log R finite
step=07725 loss=0.0008 reverse_nll=0.0000 ESS=0.995 batch_outcomes=4096 batch_topologies=4096 seen=31645629
warning: clamping 1/4096 shifted_linear scores to keep log R finite
warning: clamping 1/4096 shifted_linear scores to keep log R finite
warning: clamping 2/4096 shifted_linear scores to keep log R finite
warning: clamping 2/4096 shifted_linear scores to keep log R finite
warning: clamping 1/4096 shifted_linear scores to keep log R finite
warning: clamping 1/4096 shifted_linear scores to keep log R finite
warning: clamping 1/4096 shifted_linear scores to keep log R finite
warning: clamping 1/4096 shifted_linear scores to keep log R finite
warning: clamping 1/4096 shifted_linear scores to keep log R finite
warning: clamping 1/4096 shifted_linear scores to keep log R finite
warning: clamping 1/4096 shifted_linear scores to keep log R finite
warning: clamping 1/4096 shifted_linear scores to keep log R finite
warning: clamping 1/4096 shifted_linear scores to keep log R finite
warning: clamping 1/4096 shifted_linear scores to keep log R finite
warning: clamping 1/4096 shifted_linear scores to keep log R finite
warning: clamping 1/4096 shifted_linear scores to keep log R finite
warning: clamping 1/4096 shifted_linear scores to keep log R finite
warning: clamping 1/4096 shifted_linear scores to keep log R finite
warning: clamping 1/4096 shifted_linear scores to keep log R finite
warning: clamping 1/4096 shifted_linear scores to keep log R finite
step=07750 loss=0.0027 reverse_nll=0.0000 ESS=0.995 batch_outcomes=4096 batch_topologies=4095 seen=31748028
warning: clamping 2/4096 shifted_linear scores to keep log R finite
warning: clamping 2/4096 shifted_linear scores to keep log R finite
warning: clamping 1/4096 shifted_linear scores to keep log R finite
warning: clamping 1/4096 shifted_linear scores to keep log R finite
warning: clamping 2/4096 shifted_linear scores to keep log R finite
warning: clamping 2/4096 shifted_linear scores to keep log R finite
warning: clamping 1/4096 shifted_linear scores to keep log R finite
warning: clamping 1/4096 shifted_linear scores to keep log R finite
warning: clamping 1/4096 shifted_linear scores to keep log R finite
warning: clamping 1/4096 shifted_linear scores to keep log R finite
step=07775 loss=-0.0015 reverse_nll=0.0000 ESS=0.995 batch_outcomes=4096 batch_topologies=4096 seen=31850428
warning: clamping 1/4096 shifted_linear scores to keep log R finite
warning: clamping 1/4096 shifted_linear scores to keep log R finite
warning: clamping 1/4096 shifted_linear scores to keep log R finite
warning: clamping 1/4096 shifted_linear scores to keep log R finite
warning: clamping 1/4096 shifted_linear scores to keep log R finite
warning: clamping 1/4096 shifted_linear scores to keep log R finite
warning: clamping 1/4096 shifted_linear scores to keep log R finite
warning: clamping 1/4096 shifted_linear scores to keep log R finite
warning: clamping 1/4096 shifted_linear scores to keep log R finite
warning: clamping 1/4096 shifted_linear scores to keep log R finite
warning: clamping 1/4096 shifted_linear scores to keep log R finite
warning: clamping 1/4096 shifted_linear scores to keep log R finite
warning: clamping 1/4096 shifted_linear scores to keep log R finite
warning: clamping 1/4096 shifted_linear scores to keep log R finite
warning: clamping 3/4096 shifted_linear scores to keep log R finite
warning: clamping 3/4096 shifted_linear scores to keep log R finite
step=07800 loss=0.0017 reverse_nll=0.0000 ESS=0.994 batch_outcomes=4096 batch_topologies=4096 seen=31952826
warning: clamping 2/4096 shifted_linear scores to keep log R finite
warning: clamping 2/4096 shifted_linear scores to keep log R finite
warning: clamping 1/4096 shifted_linear scores to keep log R finite
warning: clamping 1/4096 shifted_linear scores to keep log R finite
warning: clamping 1/4096 shifted_linear scores to keep log R finite
warning: clamping 1/4096 shifted_linear scores to keep log R finite
warning: clamping 1/4096 shifted_linear scores to keep log R finite
warning: clamping 1/4096 shifted_linear scores to keep log R finite
warning: clamping 1/4096 shifted_linear scores to keep log R finite
warning: clamping 1/4096 shifted_linear scores to keep log R finite
step=07825 loss=-0.0003 reverse_nll=0.0000 ESS=0.995 batch_outcomes=4096 batch_topologies=4096 seen=32055225
warning: clamping 1/4096 shifted_linear scores to keep log R finite
warning: clamping 1/4096 shifted_linear scores to keep log R finite
warning: clamping 1/4096 shifted_linear scores to keep log R finite
warning: clamping 1/4096 shifted_linear scores to keep log R finite
warning: clamping 2/4096 shifted_linear scores to keep log R finite
warning: clamping 2/4096 shifted_linear scores to keep log R finite
warning: clamping 1/4096 shifted_linear scores to keep log R finite
warning: clamping 1/4096 shifted_linear scores to keep log R finite
warning: clamping 1/4096 shifted_linear scores to keep log R finite
warning: clamping 1/4096 shifted_linear scores to keep log R finite
warning: clamping 1/4096 shifted_linear scores to keep log R finite
warning: clamping 1/4096 shifted_linear scores to keep log R finite
warning: clamping 1/4096 shifted_linear scores to keep log R finite
warning: clamping 1/4096 shifted_linear scores to keep log R finite
warning: clamping 1/4096 shifted_linear scores to keep log R finite
warning: clamping 1/4096 shifted_linear scores to keep log R finite
warning: clamping 1/4096 shifted_linear scores to keep log R finite
warning: clamping 1/4096 shifted_linear scores to keep log R finite
warning: clamping 1/4096 shifted_linear scores to keep log R finite
warning: clamping 1/4096 shifted_linear scores to keep log R finite
step=07850 loss=0.0004 reverse_nll=0.0000 ESS=0.995 batch_outcomes=4096 batch_topologies=4096 seen=32157625
warning: clamping 1/4096 shifted_linear scores to keep log R finite
warning: clamping 1/4096 shifted_linear scores to keep log R finite
warning: clamping 1/4096 shifted_linear scores to keep log R finite
warning: clamping 1/4096 shifted_linear scores to keep log R finite
warning: clamping 1/4096 shifted_linear scores to keep log R finite
warning: clamping 1/4096 shifted_linear scores to keep log R finite
warning: clamping 1/4096 shifted_linear scores to keep log R finite
warning: clamping 1/4096 shifted_linear scores to keep log R finite
warning: clamping 1/4096 shifted_linear scores to keep log R finite
warning: clamping 1/4096 shifted_linear scores to keep log R finite
warning: clamping 1/4096 shifted_linear scores to keep log R finite
warning: clamping 1/4096 shifted_linear scores to keep log R finite
warning: clamping 1/4096 shifted_linear scores to keep log R finite
warning: clamping 1/4096 shifted_linear scores to keep log R finite
step=07875 loss=-0.0007 reverse_nll=0.0000 ESS=0.995 batch_outcomes=4096 batch_topologies=4096 seen=32260025
warning: clamping 1/4096 shifted_linear scores to keep log R finite
warning: clamping 1/4096 shifted_linear scores to keep log R finite
warning: clamping 1/4096 shifted_linear scores to keep log R finite
warning: clamping 1/4096 shifted_linear scores to keep log R finite
warning: clamping 1/4096 shifted_linear scores to keep log R finite
warning: clamping 1/4096 shifted_linear scores to keep log R finite
warning: clamping 1/4096 shifted_linear scores to keep log R finite
warning: clamping 1/4096 shifted_linear scores to keep log R finite
warning: clamping 1/4096 shifted_linear scores to keep log R finite
warning: clamping 1/4096 shifted_linear scores to keep log R finite
warning: clamping 1/4096 shifted_linear scores to keep log R finite
warning: clamping 1/4096 shifted_linear scores to keep log R finite
warning: clamping 1/4096 shifted_linear scores to keep log R finite
warning: clamping 1/4096 shifted_linear scores to keep log R finite
warning: clamping 1/4096 shifted_linear scores to keep log R finite
warning: clamping 1/4096 shifted_linear scores to keep log R finite
step=07900 loss=0.0006 reverse_nll=0.0000 ESS=0.995 batch_outcomes=4096 batch_topologies=4096 seen=32362425
warning: clamping 1/4096 shifted_linear scores to keep log R finite
warning: clamping 1/4096 shifted_linear scores to keep log R finite
warning: clamping 2/4096 shifted_linear scores to keep log R finite
warning: clamping 2/4096 shifted_linear scores to keep log R finite
warning: clamping 1/4096 shifted_linear scores to keep log R finite
warning: clamping 1/4096 shifted_linear scores to keep log R finite
warning: clamping 1/4096 shifted_linear scores to keep log R finite
warning: clamping 1/4096 shifted_linear scores to keep log R finite
warning: clamping 1/4096 shifted_linear scores to keep log R finite
warning: clamping 1/4096 shifted_linear scores to keep log R finite
step=07925 loss=0.0022 reverse_nll=0.0000 ESS=0.995 batch_outcomes=4096 batch_topologies=4096 seen=32464825
warning: clamping 1/4096 shifted_linear scores to keep log R finite
warning: clamping 1/4096 shifted_linear scores to keep log R finite
warning: clamping 1/4096 shifted_linear scores to keep log R finite
warning: clamping 1/4096 shifted_linear scores to keep log R finite
warning: clamping 2/4096 shifted_linear scores to keep log R finite
warning: clamping 2/4096 shifted_linear scores to keep log R finite
warning: clamping 1/4096 shifted_linear scores to keep log R finite
warning: clamping 1/4096 shifted_linear scores to keep log R finite
warning: clamping 2/4096 shifted_linear scores to keep log R finite
warning: clamping 2/4096 shifted_linear scores to keep log R finite
warning: clamping 1/4096 shifted_linear scores to keep log R finite
warning: clamping 1/4096 shifted_linear scores to keep log R finite
warning: clamping 2/4096 shifted_linear scores to keep log R finite
warning: clamping 2/4096 shifted_linear scores to keep log R finite
warning: clamping 1/4096 shifted_linear scores to keep log R finite
warning: clamping 1/4096 shifted_linear scores to keep log R finite
step=07950 loss=-0.0017 reverse_nll=0.0000 ESS=0.995 batch_outcomes=4096 batch_topologies=4096 seen=32567225
warning: clamping 2/4096 shifted_linear scores to keep log R finite
warning: clamping 2/4096 shifted_linear scores to keep log R finite
warning: clamping 1/4096 shifted_linear scores to keep log R finite
warning: clamping 1/4096 shifted_linear scores to keep log R finite
warning: clamping 1/4096 shifted_linear scores to keep log R finite
warning: clamping 1/4096 shifted_linear scores to keep log R finite
warning: clamping 2/4096 shifted_linear scores to keep log R finite
warning: clamping 2/4096 shifted_linear scores to keep log R finite
warning: clamping 1/4096 shifted_linear scores to keep log R finite
warning: clamping 1/4096 shifted_linear scores to keep log R finite
warning: clamping 1/4096 shifted_linear scores to keep log R finite
warning: clamping 1/4096 shifted_linear scores to keep log R finite
step=07975 loss=0.0008 reverse_nll=0.0000 ESS=0.995 batch_outcomes=4096 batch_topologies=4096 seen=32669624
warning: clamping 1/4096 shifted_linear scores to keep log R finite
warning: clamping 1/4096 shifted_linear scores to keep log R finite
warning: clamping 1/4096 shifted_linear scores to keep log R finite
warning: clamping 1/4096 shifted_linear scores to keep log R finite
warning: clamping 1/4096 shifted_linear scores to keep log R finite
warning: clamping 1/4096 shifted_linear scores to keep log R finite
warning: clamping 1/4096 shifted_linear scores to keep log R finite
warning: clamping 1/4096 shifted_linear scores to keep log R finite
warning: clamping 1/4096 shifted_linear scores to keep log R finite
warning: clamping 1/4096 shifted_linear scores to keep log R finite
warning: clamping 1/4096 shifted_linear scores to keep log R finite
warning: clamping 1/4096 shifted_linear scores to keep log R finite
warning: clamping 1/4096 shifted_linear scores to keep log R finite
warning: clamping 1/4096 shifted_linear scores to keep log R finite
warning: clamping 1/4096 shifted_linear scores to keep log R finite
warning: clamping 1/4096 shifted_linear scores to keep log R finite
warning: clamping 1/4096 shifted_linear scores to keep log R finite
warning: clamping 1/4096 shifted_linear scores to keep log R finite
warning: clamping 1/4096 shifted_linear scores to keep log R finite
warning: clamping 1/4096 shifted_linear scores to keep log R finite
step=08000 loss=0.0017 reverse_nll=0.0000 ESS=0.995 batch_outcomes=4096 batch_topologies=4096 seen=32772024
warning: clamping 1/4096 shifted_linear scores to keep log R finite
warning: clamping 1/4096 shifted_linear scores to keep log R finite
warning: clamping 1/4096 shifted_linear scores to keep log R finite
warning: clamping 1/4096 shifted_linear scores to keep log R finite
warning: clamping 1/4096 shifted_linear scores to keep log R finite
warning: clamping 1/4096 shifted_linear scores to keep log R finite
warning: clamping 1/4096 shifted_linear scores to keep log R finite
warning: clamping 1/4096 shifted_linear scores to keep log R finite
warning: clamping 1/4096 shifted_linear scores to keep log R finite
warning: clamping 1/4096 shifted_linear scores to keep log R finite
warning: clamping 1/4096 shifted_linear scores to keep log R finite
warning: clamping 1/4096 shifted_linear scores to keep log R finite
warning: clamping 1/4096 shifted_linear scores to keep log R finite
warning: clamping 1/4096 shifted_linear scores to keep log R finite
warning: clamping 1/4096 shifted_linear scores to keep log R finite
warning: clamping 1/4096 shifted_linear scores to keep log R finite
warning: clamping 1/4096 shifted_linear scores to keep log R finite
warning: clamping 1/4096 shifted_linear scores to keep log R finite
warning: clamping 1/4096 shifted_linear scores to keep log R finite
warning: clamping 1/4096 shifted_linear scores to keep log R finite
step=08025 loss=-0.0000 reverse_nll=0.0000 ESS=0.995 batch_outcomes=4096 batch_topologies=4096 seen=32874423
warning: clamping 1/4096 shifted_linear scores to keep log R finite
warning: clamping 1/4096 shifted_linear scores to keep log R finite
warning: clamping 1/4096 shifted_linear scores to keep log R finite
warning: clamping 1/4096 shifted_linear scores to keep log R finite
warning: clamping 1/4096 shifted_linear scores to keep log R finite
warning: clamping 1/4096 shifted_linear scores to keep log R finite
warning: clamping 1/4096 shifted_linear scores to keep log R finite
warning: clamping 1/4096 shifted_linear scores to keep log R finite
warning: clamping 1/4096 shifted_linear scores to keep log R finite
warning: clamping 1/4096 shifted_linear scores to keep log R finite
warning: clamping 2/4096 shifted_linear scores to keep log R finite
warning: clamping 2/4096 shifted_linear scores to keep log R finite
warning: clamping 1/4096 shifted_linear scores to keep log R finite
warning: clamping 1/4096 shifted_linear scores to keep log R finite
warning: clamping 1/4096 shifted_linear scores to keep log R finite
warning: clamping 1/4096 shifted_linear scores to keep log R finite
warning: clamping 1/4096 shifted_linear scores to keep log R finite
warning: clamping 1/4096 shifted_linear scores to keep log R finite
step=08050 loss=-0.0010 reverse_nll=0.0000 ESS=0.995 batch_outcomes=4096 batch_topologies=4095 seen=32976822
warning: clamping 2/4096 shifted_linear scores to keep log R finite
warning: clamping 2/4096 shifted_linear scores to keep log R finite
warning: clamping 1/4096 shifted_linear scores to keep log R finite
warning: clamping 1/4096 shifted_linear scores to keep log R finite
warning: clamping 1/4096 shifted_linear scores to keep log R finite
warning: clamping 1/4096 shifted_linear scores to keep log R finite
warning: clamping 1/4096 shifted_linear scores to keep log R finite
warning: clamping 1/4096 shifted_linear scores to keep log R finite
warning: clamping 1/4096 shifted_linear scores to keep log R finite
warning: clamping 1/4096 shifted_linear scores to keep log R finite
warning: clamping 1/4096 shifted_linear scores to keep log R finite
warning: clamping 1/4096 shifted_linear scores to keep log R finite
step=08075 loss=-0.0020 reverse_nll=0.0000 ESS=0.994 batch_outcomes=4096 batch_topologies=4096 seen=33079222
warning: clamping 1/4096 shifted_linear scores to keep log R finite
warning: clamping 1/4096 shifted_linear scores to keep log R finite
warning: clamping 2/4096 shifted_linear scores to keep log R finite
warning: clamping 2/4096 shifted_linear scores to keep log R finite
warning: clamping 1/4096 shifted_linear scores to keep log R finite
warning: clamping 1/4096 shifted_linear scores to keep log R finite
warning: clamping 2/4096 shifted_linear scores to keep log R finite
warning: clamping 2/4096 shifted_linear scores to keep log R finite
warning: clamping 1/4096 shifted_linear scores to keep log R finite
warning: clamping 1/4096 shifted_linear scores to keep log R finite
step=08100 loss=-0.0013 reverse_nll=0.0000 ESS=0.995 batch_outcomes=4096 batch_topologies=4096 seen=33181621
warning: clamping 1/4096 shifted_linear scores to keep log R finite
warning: clamping 1/4096 shifted_linear scores to keep log R finite
warning: clamping 1/4096 shifted_linear scores to keep log R finite
warning: clamping 1/4096 shifted_linear scores to keep log R finite
warning: clamping 1/4096 shifted_linear scores to keep log R finite
warning: clamping 1/4096 shifted_linear scores to keep log R finite
warning: clamping 1/4096 shifted_linear scores to keep log R finite
warning: clamping 1/4096 shifted_linear scores to keep log R finite
warning: clamping 1/4096 shifted_linear scores to keep log R finite
warning: clamping 1/4096 shifted_linear scores to keep log R finite
step=08125 loss=0.0013 reverse_nll=0.0000 ESS=0.995 batch_outcomes=4096 batch_topologies=4096 seen=33284020
warning: clamping 1/4096 shifted_linear scores to keep log R finite
warning: clamping 1/4096 shifted_linear scores to keep log R finite
warning: clamping 1/4096 shifted_linear scores to keep log R finite
warning: clamping 1/4096 shifted_linear scores to keep log R finite
warning: clamping 1/4096 shifted_linear scores to keep log R finite
warning: clamping 1/4096 shifted_linear scores to keep log R finite
warning: clamping 1/4096 shifted_linear scores to keep log R finite
warning: clamping 1/4096 shifted_linear scores to keep log R finite
warning: clamping 2/4096 shifted_linear scores to keep log R finite
warning: clamping 2/4096 shifted_linear scores to keep log R finite
warning: clamping 1/4096 shifted_linear scores to keep log R finite
warning: clamping 1/4096 shifted_linear scores to keep log R finite
warning: clamping 3/4096 shifted_linear scores to keep log R finite
warning: clamping 3/4096 shifted_linear scores to keep log R finite
warning: clamping 1/4096 shifted_linear scores to keep log R finite
warning: clamping 1/4096 shifted_linear scores to keep log R finite
warning: clamping 1/4096 shifted_linear scores to keep log R finite
warning: clamping 1/4096 shifted_linear scores to keep log R finite
step=08150 loss=0.0005 reverse_nll=0.0000 ESS=0.995 batch_outcomes=4096 batch_topologies=4095 seen=33386419
warning: clamping 1/4096 shifted_linear scores to keep log R finite
warning: clamping 1/4096 shifted_linear scores to keep log R finite
warning: clamping 1/4096 shifted_linear scores to keep log R finite
warning: clamping 1/4096 shifted_linear scores to keep log R finite
warning: clamping 1/4096 shifted_linear scores to keep log R finite
warning: clamping 1/4096 shifted_linear scores to keep log R finite
warning: clamping 1/4096 shifted_linear scores to keep log R finite
warning: clamping 1/4096 shifted_linear scores to keep log R finite
warning: clamping 1/4096 shifted_linear scores to keep log R finite
warning: clamping 1/4096 shifted_linear scores to keep log R finite
warning: clamping 1/4096 shifted_linear scores to keep log R finite
warning: clamping 1/4096 shifted_linear scores to keep log R finite
warning: clamping 1/4096 shifted_linear scores to keep log R finite
warning: clamping 1/4096 shifted_linear scores to keep log R finite
warning: clamping 1/4096 shifted_linear scores to keep log R finite
warning: clamping 1/4096 shifted_linear scores to keep log R finite
warning: clamping 1/4096 shifted_linear scores to keep log R finite
warning: clamping 1/4096 shifted_linear scores to keep log R finite
warning: clamping 1/4096 shifted_linear scores to keep log R finite
warning: clamping 1/4096 shifted_linear scores to keep log R finite
step=08175 loss=0.0003 reverse_nll=0.0000 ESS=0.995 batch_outcomes=4096 batch_topologies=4096 seen=33488818
warning: clamping 1/4096 shifted_linear scores to keep log R finite
warning: clamping 1/4096 shifted_linear scores to keep log R finite
warning: clamping 1/4096 shifted_linear scores to keep log R finite
warning: clamping 1/4096 shifted_linear scores to keep log R finite
warning: clamping 1/4096 shifted_linear scores to keep log R finite
warning: clamping 1/4096 shifted_linear scores to keep log R finite
warning: clamping 1/4096 shifted_linear scores to keep log R finite
warning: clamping 1/4096 shifted_linear scores to keep log R finite
warning: clamping 1/4096 shifted_linear scores to keep log R finite
warning: clamping 1/4096 shifted_linear scores to keep log R finite
warning: clamping 1/4096 shifted_linear scores to keep log R finite
warning: clamping 1/4096 shifted_linear scores to keep log R finite
warning: clamping 1/4096 shifted_linear scores to keep log R finite
warning: clamping 1/4096 shifted_linear scores to keep log R finite
warning: clamping 1/4096 shifted_linear scores to keep log R finite
warning: clamping 1/4096 shifted_linear scores to keep log R finite
step=08200 loss=0.0005 reverse_nll=0.0000 ESS=0.995 batch_outcomes=4096 batch_topologies=4096 seen=33591218
warning: clamping 1/4096 shifted_linear scores to keep log R finite
warning: clamping 1/4096 shifted_linear scores to keep log R finite
warning: clamping 1/4096 shifted_linear scores to keep log R finite
warning: clamping 1/4096 shifted_linear scores to keep log R finite
warning: clamping 1/4096 shifted_linear scores to keep log R finite
warning: clamping 1/4096 shifted_linear scores to keep log R finite
warning: clamping 2/4096 shifted_linear scores to keep log R finite
warning: clamping 2/4096 shifted_linear scores to keep log R finite
warning: clamping 1/4096 shifted_linear scores to keep log R finite
warning: clamping 1/4096 shifted_linear scores to keep log R finite
warning: clamping 1/4096 shifted_linear scores to keep log R finite
warning: clamping 1/4096 shifted_linear scores to keep log R finite
warning: clamping 1/4096 shifted_linear scores to keep log R finite
warning: clamping 1/4096 shifted_linear scores to keep log R finite
warning: clamping 1/4096 shifted_linear scores to keep log R finite
warning: clamping 1/4096 shifted_linear scores to keep log R finite
step=08225 loss=-0.0003 reverse_nll=0.0000 ESS=0.995 batch_outcomes=4096 batch_topologies=4095 seen=33693618
warning: clamping 1/4096 shifted_linear scores to keep log R finite
warning: clamping 1/4096 shifted_linear scores to keep log R finite
warning: clamping 1/4096 shifted_linear scores to keep log R finite
warning: clamping 1/4096 shifted_linear scores to keep log R finite
warning: clamping 3/4096 shifted_linear scores to keep log R finite
warning: clamping 3/4096 shifted_linear scores to keep log R finite
warning: clamping 1/4096 shifted_linear scores to keep log R finite
warning: clamping 1/4096 shifted_linear scores to keep log R finite
warning: clamping 1/4096 shifted_linear scores to keep log R finite
warning: clamping 1/4096 shifted_linear scores to keep log R finite
step=08250 loss=0.0001 reverse_nll=0.0000 ESS=0.995 batch_outcomes=4096 batch_topologies=4096 seen=33796018
warning: clamping 2/4096 shifted_linear scores to keep log R finite
warning: clamping 2/4096 shifted_linear scores to keep log R finite
warning: clamping 1/4096 shifted_linear scores to keep log R finite
warning: clamping 1/4096 shifted_linear scores to keep log R finite
warning: clamping 1/4096 shifted_linear scores to keep log R finite
warning: clamping 1/4096 shifted_linear scores to keep log R finite
warning: clamping 1/4096 shifted_linear scores to keep log R finite
warning: clamping 1/4096 shifted_linear scores to keep log R finite
warning: clamping 1/4096 shifted_linear scores to keep log R finite
warning: clamping 1/4096 shifted_linear scores to keep log R finite
warning: clamping 1/4096 shifted_linear scores to keep log R finite
warning: clamping 1/4096 shifted_linear scores to keep log R finite
warning: clamping 1/4096 shifted_linear scores to keep log R finite
warning: clamping 1/4096 shifted_linear scores to keep log R finite
warning: clamping 1/4096 shifted_linear scores to keep log R finite
warning: clamping 1/4096 shifted_linear scores to keep log R finite
step=08275 loss=0.0002 reverse_nll=0.0000 ESS=0.995 batch_outcomes=4096 batch_topologies=4095 seen=33898418
warning: clamping 1/4096 shifted_linear scores to keep log R finite
warning: clamping 1/4096 shifted_linear scores to keep log R finite
warning: clamping 1/4096 shifted_linear scores to keep log R finite
warning: clamping 1/4096 shifted_linear scores to keep log R finite
warning: clamping 1/4096 shifted_linear scores to keep log R finite
warning: clamping 1/4096 shifted_linear scores to keep log R finite
warning: clamping 2/4096 shifted_linear scores to keep log R finite
warning: clamping 2/4096 shifted_linear scores to keep log R finite
warning: clamping 1/4096 shifted_linear scores to keep log R finite
warning: clamping 1/4096 shifted_linear scores to keep log R finite
warning: clamping 1/4096 shifted_linear scores to keep log R finite
warning: clamping 1/4096 shifted_linear scores to keep log R finite
warning: clamping 1/4096 shifted_linear scores to keep log R finite
warning: clamping 1/4096 shifted_linear scores to keep log R finite
warning: clamping 1/4096 shifted_linear scores to keep log R finite
warning: clamping 1/4096 shifted_linear scores to keep log R finite
warning: clamping 1/4096 shifted_linear scores to keep log R finite
warning: clamping 1/4096 shifted_linear scores to keep log R finite
warning: clamping 1/4096 shifted_linear scores to keep log R finite
warning: clamping 1/4096 shifted_linear scores to keep log R finite
step=08300 loss=-0.0007 reverse_nll=0.0000 ESS=0.995 batch_outcomes=4096 batch_topologies=4096 seen=34000817
warning: clamping 1/4096 shifted_linear scores to keep log R finite
warning: clamping 1/4096 shifted_linear scores to keep log R finite
warning: clamping 1/4096 shifted_linear scores to keep log R finite
warning: clamping 1/4096 shifted_linear scores to keep log R finite
warning: clamping 2/4096 shifted_linear scores to keep log R finite
warning: clamping 2/4096 shifted_linear scores to keep log R finite
warning: clamping 1/4096 shifted_linear scores to keep log R finite
warning: clamping 1/4096 shifted_linear scores to keep log R finite
warning: clamping 1/4096 shifted_linear scores to keep log R finite
warning: clamping 1/4096 shifted_linear scores to keep log R finite
warning: clamping 1/4096 shifted_linear scores to keep log R finite
warning: clamping 1/4096 shifted_linear scores to keep log R finite
warning: clamping 1/4096 shifted_linear scores to keep log R finite
warning: clamping 1/4096 shifted_linear scores to keep log R finite
warning: clamping 1/4096 shifted_linear scores to keep log R finite
warning: clamping 1/4096 shifted_linear scores to keep log R finite
step=08325 loss=-0.0001 reverse_nll=0.0000 ESS=0.995 batch_outcomes=4096 batch_topologies=4096 seen=34103215
warning: clamping 1/4096 shifted_linear scores to keep log R finite
warning: clamping 1/4096 shifted_linear scores to keep log R finite
warning: clamping 1/4096 shifted_linear scores to keep log R finite
warning: clamping 1/4096 shifted_linear scores to keep log R finite
warning: clamping 1/4096 shifted_linear scores to keep log R finite
warning: clamping 1/4096 shifted_linear scores to keep log R finite
warning: clamping 1/4096 shifted_linear scores to keep log R finite
warning: clamping 1/4096 shifted_linear scores to keep log R finite
warning: clamping 1/4096 shifted_linear scores to keep log R finite
warning: clamping 1/4096 shifted_linear scores to keep log R finite
warning: clamping 1/4096 shifted_linear scores to keep log R finite
warning: clamping 1/4096 shifted_linear scores to keep log R finite
step=08350 loss=-0.0010 reverse_nll=0.0000 ESS=0.995 batch_outcomes=4096 batch_topologies=4096 seen=34205614
warning: clamping 1/4096 shifted_linear scores to keep log R finite
warning: clamping 1/4096 shifted_linear scores to keep log R finite
warning: clamping 1/4096 shifted_linear scores to keep log R finite
warning: clamping 1/4096 shifted_linear scores to keep log R finite
warning: clamping 1/4096 shifted_linear scores to keep log R finite
warning: clamping 1/4096 shifted_linear scores to keep log R finite
step=08375 loss=-0.0010 reverse_nll=0.0000 ESS=0.996 batch_outcomes=4096 batch_topologies=4096 seen=34308013
warning: clamping 1/4096 shifted_linear scores to keep log R finite
warning: clamping 1/4096 shifted_linear scores to keep log R finite
warning: clamping 1/4096 shifted_linear scores to keep log R finite
warning: clamping 1/4096 shifted_linear scores to keep log R finite
warning: clamping 1/4096 shifted_linear scores to keep log R finite
warning: clamping 1/4096 shifted_linear scores to keep log R finite
warning: clamping 1/4096 shifted_linear scores to keep log R finite
warning: clamping 1/4096 shifted_linear scores to keep log R finite
warning: clamping 1/4096 shifted_linear scores to keep log R finite
warning: clamping 1/4096 shifted_linear scores to keep log R finite
warning: clamping 2/4096 shifted_linear scores to keep log R finite
warning: clamping 2/4096 shifted_linear scores to keep log R finite
warning: clamping 1/4096 shifted_linear scores to keep log R finite
warning: clamping 1/4096 shifted_linear scores to keep log R finite
step=08400 loss=-0.0019 reverse_nll=0.0000 ESS=0.995 batch_outcomes=4096 batch_topologies=4096 seen=34410413
warning: clamping 1/4096 shifted_linear scores to keep log R finite
warning: clamping 1/4096 shifted_linear scores to keep log R finite
warning: clamping 1/4096 shifted_linear scores to keep log R finite
warning: clamping 1/4096 shifted_linear scores to keep log R finite
warning: clamping 1/4096 shifted_linear scores to keep log R finite
warning: clamping 1/4096 shifted_linear scores to keep log R finite
warning: clamping 1/4096 shifted_linear scores to keep log R finite
warning: clamping 1/4096 shifted_linear scores to keep log R finite
step=08425 loss=0.0006 reverse_nll=0.0000 ESS=0.995 batch_outcomes=4096 batch_topologies=4096 seen=34512813
warning: clamping 1/4096 shifted_linear scores to keep log R finite
warning: clamping 1/4096 shifted_linear scores to keep log R finite
warning: clamping 1/4096 shifted_linear scores to keep log R finite
warning: clamping 1/4096 shifted_linear scores to keep log R finite
warning: clamping 1/4096 shifted_linear scores to keep log R finite
warning: clamping 1/4096 shifted_linear scores to keep log R finite
warning: clamping 1/4096 shifted_linear scores to keep log R finite
warning: clamping 1/4096 shifted_linear scores to keep log R finite
warning: clamping 1/4096 shifted_linear scores to keep log R finite
warning: clamping 1/4096 shifted_linear scores to keep log R finite
warning: clamping 1/4096 shifted_linear scores to keep log R finite
warning: clamping 1/4096 shifted_linear scores to keep log R finite
warning: clamping 1/4096 shifted_linear scores to keep log R finite
warning: clamping 1/4096 shifted_linear scores to keep log R finite
warning: clamping 2/4096 shifted_linear scores to keep log R finite
warning: clamping 2/4096 shifted_linear scores to keep log R finite
warning: clamping 1/4096 shifted_linear scores to keep log R finite
warning: clamping 1/4096 shifted_linear scores to keep log R finite
step=08450 loss=-0.0004 reverse_nll=0.0000 ESS=0.995 batch_outcomes=4096 batch_topologies=4096 seen=34615213
warning: clamping 2/4096 shifted_linear scores to keep log R finite
warning: clamping 2/4096 shifted_linear scores to keep log R finite
warning: clamping 3/4096 shifted_linear scores to keep log R finite
warning: clamping 3/4096 shifted_linear scores to keep log R finite
warning: clamping 1/4096 shifted_linear scores to keep log R finite
warning: clamping 1/4096 shifted_linear scores to keep log R finite
warning: clamping 1/4096 shifted_linear scores to keep log R finite
warning: clamping 1/4096 shifted_linear scores to keep log R finite
step=08475 loss=-0.0022 reverse_nll=0.0000 ESS=0.995 batch_outcomes=4096 batch_topologies=4096 seen=34717613
warning: clamping 1/4096 shifted_linear scores to keep log R finite
warning: clamping 1/4096 shifted_linear scores to keep log R finite
warning: clamping 1/4096 shifted_linear scores to keep log R finite
warning: clamping 1/4096 shifted_linear scores to keep log R finite
warning: clamping 1/4096 shifted_linear scores to keep log R finite
warning: clamping 1/4096 shifted_linear scores to keep log R finite
warning: clamping 1/4096 shifted_linear scores to keep log R finite
warning: clamping 1/4096 shifted_linear scores to keep log R finite
warning: clamping 1/4096 shifted_linear scores to keep log R finite
warning: clamping 1/4096 shifted_linear scores to keep log R finite
warning: clamping 1/4096 shifted_linear scores to keep log R finite
warning: clamping 1/4096 shifted_linear scores to keep log R finite
warning: clamping 1/4096 shifted_linear scores to keep log R finite
warning: clamping 1/4096 shifted_linear scores to keep log R finite
warning: clamping 1/4096 shifted_linear scores to keep log R finite
warning: clamping 1/4096 shifted_linear scores to keep log R finite
step=08500 loss=0.0009 reverse_nll=0.0000 ESS=0.995 batch_outcomes=4096 batch_topologies=4096 seen=34820013
warning: clamping 1/4096 shifted_linear scores to keep log R finite
warning: clamping 1/4096 shifted_linear scores to keep log R finite
warning: clamping 2/4096 shifted_linear scores to keep log R finite
warning: clamping 2/4096 shifted_linear scores to keep log R finite
step=08525 loss=-0.0010 reverse_nll=0.0000 ESS=0.995 batch_outcomes=4096 batch_topologies=4096 seen=34922413
warning: clamping 1/4096 shifted_linear scores to keep log R finite
warning: clamping 1/4096 shifted_linear scores to keep log R finite
warning: clamping 2/4096 shifted_linear scores to keep log R finite
warning: clamping 2/4096 shifted_linear scores to keep log R finite
warning: clamping 1/4096 shifted_linear scores to keep log R finite
warning: clamping 1/4096 shifted_linear scores to keep log R finite
warning: clamping 2/4096 shifted_linear scores to keep log R finite
warning: clamping 2/4096 shifted_linear scores to keep log R finite
warning: clamping 1/4096 shifted_linear scores to keep log R finite
warning: clamping 1/4096 shifted_linear scores to keep log R finite
warning: clamping 2/4096 shifted_linear scores to keep log R finite
warning: clamping 2/4096 shifted_linear scores to keep log R finite
warning: clamping 1/4096 shifted_linear scores to keep log R finite
warning: clamping 1/4096 shifted_linear scores to keep log R finite
warning: clamping 1/4096 shifted_linear scores to keep log R finite
warning: clamping 1/4096 shifted_linear scores to keep log R finite
step=08550 loss=0.0007 reverse_nll=0.0000 ESS=0.995 batch_outcomes=4096 batch_topologies=4096 seen=35024812
warning: clamping 1/4096 shifted_linear scores to keep log R finite
warning: clamping 1/4096 shifted_linear scores to keep log R finite
warning: clamping 1/4096 shifted_linear scores to keep log R finite
warning: clamping 1/4096 shifted_linear scores to keep log R finite
warning: clamping 1/4096 shifted_linear scores to keep log R finite
warning: clamping 1/4096 shifted_linear scores to keep log R finite
warning: clamping 1/4096 shifted_linear scores to keep log R finite
warning: clamping 1/4096 shifted_linear scores to keep log R finite
warning: clamping 1/4096 shifted_linear scores to keep log R finite
warning: clamping 1/4096 shifted_linear scores to keep log R finite
warning: clamping 1/4096 shifted_linear scores to keep log R finite
warning: clamping 1/4096 shifted_linear scores to keep log R finite
warning: clamping 1/4096 shifted_linear scores to keep log R finite
warning: clamping 1/4096 shifted_linear scores to keep log R finite
step=08575 loss=-0.0001 reverse_nll=0.0000 ESS=0.995 batch_outcomes=4096 batch_topologies=4096 seen=35127212
warning: clamping 1/4096 shifted_linear scores to keep log R finite
warning: clamping 1/4096 shifted_linear scores to keep log R finite
warning: clamping 2/4096 shifted_linear scores to keep log R finite
warning: clamping 2/4096 shifted_linear scores to keep log R finite
warning: clamping 1/4096 shifted_linear scores to keep log R finite
warning: clamping 1/4096 shifted_linear scores to keep log R finite
warning: clamping 1/4096 shifted_linear scores to keep log R finite
warning: clamping 1/4096 shifted_linear scores to keep log R finite
warning: clamping 1/4096 shifted_linear scores to keep log R finite
warning: clamping 1/4096 shifted_linear scores to keep log R finite
warning: clamping 1/4096 shifted_linear scores to keep log R finite
warning: clamping 1/4096 shifted_linear scores to keep log R finite
warning: clamping 1/4096 shifted_linear scores to keep log R finite
warning: clamping 1/4096 shifted_linear scores to keep log R finite
warning: clamping 1/4096 shifted_linear scores to keep log R finite
warning: clamping 1/4096 shifted_linear scores to keep log R finite
warning: clamping 1/4096 shifted_linear scores to keep log R finite
warning: clamping 1/4096 shifted_linear scores to keep log R finite
warning: clamping 1/4096 shifted_linear scores to keep log R finite
warning: clamping 1/4096 shifted_linear scores to keep log R finite
warning: clamping 1/4096 shifted_linear scores to keep log R finite
warning: clamping 1/4096 shifted_linear scores to keep log R finite
warning: clamping 1/4096 shifted_linear scores to keep log R finite
warning: clamping 1/4096 shifted_linear scores to keep log R finite
step=08600 loss=0.0003 reverse_nll=0.0000 ESS=0.995 batch_outcomes=4096 batch_topologies=4096 seen=35229610
warning: clamping 1/4096 shifted_linear scores to keep log R finite
warning: clamping 1/4096 shifted_linear scores to keep log R finite
warning: clamping 1/4096 shifted_linear scores to keep log R finite
warning: clamping 1/4096 shifted_linear scores to keep log R finite
warning: clamping 1/4096 shifted_linear scores to keep log R finite
warning: clamping 1/4096 shifted_linear scores to keep log R finite
warning: clamping 1/4096 shifted_linear scores to keep log R finite
warning: clamping 1/4096 shifted_linear scores to keep log R finite
warning: clamping 1/4096 shifted_linear scores to keep log R finite
warning: clamping 1/4096 shifted_linear scores to keep log R finite
warning: clamping 1/4096 shifted_linear scores to keep log R finite
warning: clamping 1/4096 shifted_linear scores to keep log R finite
warning: clamping 1/4096 shifted_linear scores to keep log R finite
warning: clamping 1/4096 shifted_linear scores to keep log R finite
step=08625 loss=-0.0007 reverse_nll=0.0000 ESS=0.995 batch_outcomes=4096 batch_topologies=4096 seen=35332009
warning: clamping 1/4096 shifted_linear scores to keep log R finite
warning: clamping 1/4096 shifted_linear scores to keep log R finite
warning: clamping 1/4096 shifted_linear scores to keep log R finite
warning: clamping 1/4096 shifted_linear scores to keep log R finite
warning: clamping 1/4096 shifted_linear scores to keep log R finite
warning: clamping 1/4096 shifted_linear scores to keep log R finite
warning: clamping 1/4096 shifted_linear scores to keep log R finite
warning: clamping 1/4096 shifted_linear scores to keep log R finite
warning: clamping 1/4096 shifted_linear scores to keep log R finite
warning: clamping 1/4096 shifted_linear scores to keep log R finite
warning: clamping 1/4096 shifted_linear scores to keep log R finite
warning: clamping 1/4096 shifted_linear scores to keep log R finite
step=08650 loss=0.0007 reverse_nll=0.0000 ESS=0.994 batch_outcomes=4096 batch_topologies=4096 seen=35434409
warning: clamping 1/4096 shifted_linear scores to keep log R finite
warning: clamping 1/4096 shifted_linear scores to keep log R finite
warning: clamping 1/4096 shifted_linear scores to keep log R finite
warning: clamping 1/4096 shifted_linear scores to keep log R finite
warning: clamping 1/4096 shifted_linear scores to keep log R finite
warning: clamping 1/4096 shifted_linear scores to keep log R finite
warning: clamping 1/4096 shifted_linear scores to keep log R finite
warning: clamping 1/4096 shifted_linear scores to keep log R finite
warning: clamping 3/4096 shifted_linear scores to keep log R finite
warning: clamping 3/4096 shifted_linear scores to keep log R finite
warning: clamping 1/4096 shifted_linear scores to keep log R finite
warning: clamping 1/4096 shifted_linear scores to keep log R finite
step=08675 loss=-0.0003 reverse_nll=0.0000 ESS=0.994 batch_outcomes=4096 batch_topologies=4096 seen=35536809
warning: clamping 1/4096 shifted_linear scores to keep log R finite
warning: clamping 1/4096 shifted_linear scores to keep log R finite
warning: clamping 3/4096 shifted_linear scores to keep log R finite
warning: clamping 3/4096 shifted_linear scores to keep log R finite
warning: clamping 1/4096 shifted_linear scores to keep log R finite
warning: clamping 1/4096 shifted_linear scores to keep log R finite
warning: clamping 2/4096 shifted_linear scores to keep log R finite
warning: clamping 2/4096 shifted_linear scores to keep log R finite
warning: clamping 1/4096 shifted_linear scores to keep log R finite
warning: clamping 1/4096 shifted_linear scores to keep log R finite
warning: clamping 1/4096 shifted_linear scores to keep log R finite
warning: clamping 1/4096 shifted_linear scores to keep log R finite
step=08700 loss=0.0000 reverse_nll=0.0000 ESS=0.995 batch_outcomes=4096 batch_topologies=4096 seen=35639207
warning: clamping 1/4096 shifted_linear scores to keep log R finite
warning: clamping 1/4096 shifted_linear scores to keep log R finite
warning: clamping 1/4096 shifted_linear scores to keep log R finite
warning: clamping 1/4096 shifted_linear scores to keep log R finite
warning: clamping 1/4096 shifted_linear scores to keep log R finite
warning: clamping 1/4096 shifted_linear scores to keep log R finite
step=08725 loss=-0.0007 reverse_nll=0.0000 ESS=0.995 batch_outcomes=4096 batch_topologies=4096 seen=35741606
warning: clamping 1/4096 shifted_linear scores to keep log R finite
warning: clamping 1/4096 shifted_linear scores to keep log R finite
warning: clamping 1/4096 shifted_linear scores to keep log R finite
warning: clamping 1/4096 shifted_linear scores to keep log R finite
warning: clamping 1/4096 shifted_linear scores to keep log R finite
warning: clamping 1/4096 shifted_linear scores to keep log R finite
warning: clamping 2/4096 shifted_linear scores to keep log R finite
warning: clamping 2/4096 shifted_linear scores to keep log R finite
warning: clamping 1/4096 shifted_linear scores to keep log R finite
warning: clamping 1/4096 shifted_linear scores to keep log R finite
warning: clamping 1/4096 shifted_linear scores to keep log R finite
warning: clamping 1/4096 shifted_linear scores to keep log R finite
warning: clamping 1/4096 shifted_linear scores to keep log R finite
warning: clamping 1/4096 shifted_linear scores to keep log R finite
warning: clamping 1/4096 shifted_linear scores to keep log R finite
warning: clamping 1/4096 shifted_linear scores to keep log R finite
warning: clamping 1/4096 shifted_linear scores to keep log R finite
warning: clamping 1/4096 shifted_linear scores to keep log R finite
warning: clamping 1/4096 shifted_linear scores to keep log R finite
warning: clamping 1/4096 shifted_linear scores to keep log R finite
step=08750 loss=-0.0003 reverse_nll=0.0000 ESS=0.995 batch_outcomes=4096 batch_topologies=4096 seen=35844006
warning: clamping 1/4096 shifted_linear scores to keep log R finite
warning: clamping 1/4096 shifted_linear scores to keep log R finite
warning: clamping 1/4096 shifted_linear scores to keep log R finite
warning: clamping 1/4096 shifted_linear scores to keep log R finite
warning: clamping 1/4096 shifted_linear scores to keep log R finite
warning: clamping 1/4096 shifted_linear scores to keep log R finite
warning: clamping 1/4096 shifted_linear scores to keep log R finite
warning: clamping 1/4096 shifted_linear scores to keep log R finite
warning: clamping 1/4096 shifted_linear scores to keep log R finite
warning: clamping 1/4096 shifted_linear scores to keep log R finite
warning: clamping 2/4096 shifted_linear scores to keep log R finite
warning: clamping 2/4096 shifted_linear scores to keep log R finite
warning: clamping 1/4096 shifted_linear scores to keep log R finite
warning: clamping 1/4096 shifted_linear scores to keep log R finite
step=08775 loss=0.0007 reverse_nll=0.0000 ESS=0.995 batch_outcomes=4096 batch_topologies=4096 seen=35946406
warning: clamping 1/4096 shifted_linear scores to keep log R finite
warning: clamping 1/4096 shifted_linear scores to keep log R finite
warning: clamping 1/4096 shifted_linear scores to keep log R finite
warning: clamping 1/4096 shifted_linear scores to keep log R finite
warning: clamping 1/4096 shifted_linear scores to keep log R finite
warning: clamping 1/4096 shifted_linear scores to keep log R finite
warning: clamping 1/4096 shifted_linear scores to keep log R finite
warning: clamping 1/4096 shifted_linear scores to keep log R finite
step=08800 loss=0.0005 reverse_nll=0.0000 ESS=0.995 batch_outcomes=4096 batch_topologies=4096 seen=36048805
warning: clamping 1/4096 shifted_linear scores to keep log R finite
warning: clamping 1/4096 shifted_linear scores to keep log R finite
warning: clamping 1/4096 shifted_linear scores to keep log R finite
warning: clamping 1/4096 shifted_linear scores to keep log R finite
warning: clamping 1/4096 shifted_linear scores to keep log R finite
warning: clamping 1/4096 shifted_linear scores to keep log R finite
warning: clamping 1/4096 shifted_linear scores to keep log R finite
warning: clamping 1/4096 shifted_linear scores to keep log R finite
warning: clamping 1/4096 shifted_linear scores to keep log R finite
warning: clamping 1/4096 shifted_linear scores to keep log R finite
warning: clamping 1/4096 shifted_linear scores to keep log R finite
warning: clamping 1/4096 shifted_linear scores to keep log R finite
warning: clamping 1/4096 shifted_linear scores to keep log R finite
warning: clamping 1/4096 shifted_linear scores to keep log R finite
step=08825 loss=-0.0017 reverse_nll=0.0000 ESS=0.995 batch_outcomes=4096 batch_topologies=4096 seen=36151203
warning: clamping 1/4096 shifted_linear scores to keep log R finite
warning: clamping 1/4096 shifted_linear scores to keep log R finite
warning: clamping 1/4096 shifted_linear scores to keep log R finite
warning: clamping 1/4096 shifted_linear scores to keep log R finite
warning: clamping 1/4096 shifted_linear scores to keep log R finite
warning: clamping 1/4096 shifted_linear scores to keep log R finite
warning: clamping 1/4096 shifted_linear scores to keep log R finite
warning: clamping 1/4096 shifted_linear scores to keep log R finite
warning: clamping 2/4096 shifted_linear scores to keep log R finite
warning: clamping 2/4096 shifted_linear scores to keep log R finite
step=08850 loss=-0.0013 reverse_nll=0.0000 ESS=0.996 batch_outcomes=4096 batch_topologies=4096 seen=36253603
warning: clamping 1/4096 shifted_linear scores to keep log R finite
warning: clamping 1/4096 shifted_linear scores to keep log R finite
warning: clamping 1/4096 shifted_linear scores to keep log R finite
warning: clamping 1/4096 shifted_linear scores to keep log R finite
warning: clamping 1/4096 shifted_linear scores to keep log R finite
warning: clamping 1/4096 shifted_linear scores to keep log R finite
warning: clamping 2/4096 shifted_linear scores to keep log R finite
warning: clamping 2/4096 shifted_linear scores to keep log R finite
warning: clamping 1/4096 shifted_linear scores to keep log R finite
warning: clamping 1/4096 shifted_linear scores to keep log R finite
warning: clamping 1/4096 shifted_linear scores to keep log R finite
warning: clamping 1/4096 shifted_linear scores to keep log R finite
warning: clamping 1/4096 shifted_linear scores to keep log R finite
warning: clamping 1/4096 shifted_linear scores to keep log R finite
warning: clamping 2/4096 shifted_linear scores to keep log R finite
warning: clamping 2/4096 shifted_linear scores to keep log R finite
step=08875 loss=0.0023 reverse_nll=0.0000 ESS=0.995 batch_outcomes=4096 batch_topologies=4096 seen=36356003
warning: clamping 1/4096 shifted_linear scores to keep log R finite
warning: clamping 1/4096 shifted_linear scores to keep log R finite
warning: clamping 1/4096 shifted_linear scores to keep log R finite
warning: clamping 1/4096 shifted_linear scores to keep log R finite
warning: clamping 1/4096 shifted_linear scores to keep log R finite
warning: clamping 1/4096 shifted_linear scores to keep log R finite
warning: clamping 1/4096 shifted_linear scores to keep log R finite
warning: clamping 1/4096 shifted_linear scores to keep log R finite
warning: clamping 1/4096 shifted_linear scores to keep log R finite
warning: clamping 1/4096 shifted_linear scores to keep log R finite
warning: clamping 1/4096 shifted_linear scores to keep log R finite
warning: clamping 1/4096 shifted_linear scores to keep log R finite
warning: clamping 1/4096 shifted_linear scores to keep log R finite
warning: clamping 1/4096 shifted_linear scores to keep log R finite
warning: clamping 1/4096 shifted_linear scores to keep log R finite
warning: clamping 1/4096 shifted_linear scores to keep log R finite
step=08900 loss=0.0001 reverse_nll=0.0000 ESS=0.995 batch_outcomes=4096 batch_topologies=4093 seen=36458403
warning: clamping 2/4096 shifted_linear scores to keep log R finite
warning: clamping 2/4096 shifted_linear scores to keep log R finite
warning: clamping 1/4096 shifted_linear scores to keep log R finite
warning: clamping 1/4096 shifted_linear scores to keep log R finite
warning: clamping 1/4096 shifted_linear scores to keep log R finite
warning: clamping 1/4096 shifted_linear scores to keep log R finite
warning: clamping 2/4096 shifted_linear scores to keep log R finite
warning: clamping 2/4096 shifted_linear scores to keep log R finite
step=08925 loss=0.0014 reverse_nll=0.0000 ESS=0.995 batch_outcomes=4096 batch_topologies=4096 seen=36560803
warning: clamping 1/4096 shifted_linear scores to keep log R finite
warning: clamping 1/4096 shifted_linear scores to keep log R finite
warning: clamping 1/4096 shifted_linear scores to keep log R finite
warning: clamping 1/4096 shifted_linear scores to keep log R finite
warning: clamping 1/4096 shifted_linear scores to keep log R finite
warning: clamping 1/4096 shifted_linear scores to keep log R finite
warning: clamping 2/4096 shifted_linear scores to keep log R finite
warning: clamping 2/4096 shifted_linear scores to keep log R finite
warning: clamping 1/4096 shifted_linear scores to keep log R finite
warning: clamping 1/4096 shifted_linear scores to keep log R finite
warning: clamping 1/4096 shifted_linear scores to keep log R finite
warning: clamping 1/4096 shifted_linear scores to keep log R finite
step=08950 loss=-0.0006 reverse_nll=0.0000 ESS=0.995 batch_outcomes=4096 batch_topologies=4096 seen=36663202
warning: clamping 1/4096 shifted_linear scores to keep log R finite
warning: clamping 1/4096 shifted_linear scores to keep log R finite
warning: clamping 2/4096 shifted_linear scores to keep log R finite
warning: clamping 2/4096 shifted_linear scores to keep log R finite
warning: clamping 1/4096 shifted_linear scores to keep log R finite
warning: clamping 1/4096 shifted_linear scores to keep log R finite
warning: clamping 1/4096 shifted_linear scores to keep log R finite
warning: clamping 1/4096 shifted_linear scores to keep log R finite
warning: clamping 1/4096 shifted_linear scores to keep log R finite
warning: clamping 1/4096 shifted_linear scores to keep log R finite
warning: clamping 2/4096 shifted_linear scores to keep log R finite
warning: clamping 2/4096 shifted_linear scores to keep log R finite
warning: clamping 1/4096 shifted_linear scores to keep log R finite
warning: clamping 1/4096 shifted_linear scores to keep log R finite
warning: clamping 1/4096 shifted_linear scores to keep log R finite
warning: clamping 1/4096 shifted_linear scores to keep log R finite
warning: clamping 2/4096 shifted_linear scores to keep log R finite
warning: clamping 2/4096 shifted_linear scores to keep log R finite
step=08975 loss=0.0013 reverse_nll=0.0000 ESS=0.995 batch_outcomes=4096 batch_topologies=4096 seen=36765602
warning: clamping 1/4096 shifted_linear scores to keep log R finite
warning: clamping 1/4096 shifted_linear scores to keep log R finite
warning: clamping 1/4096 shifted_linear scores to keep log R finite
warning: clamping 1/4096 shifted_linear scores to keep log R finite
warning: clamping 2/4096 shifted_linear scores to keep log R finite
warning: clamping 2/4096 shifted_linear scores to keep log R finite
warning: clamping 1/4096 shifted_linear scores to keep log R finite
warning: clamping 1/4096 shifted_linear scores to keep log R finite
warning: clamping 1/4096 shifted_linear scores to keep log R finite
warning: clamping 1/4096 shifted_linear scores to keep log R finite
warning: clamping 1/4096 shifted_linear scores to keep log R finite
warning: clamping 1/4096 shifted_linear scores to keep log R finite
warning: clamping 1/4096 shifted_linear scores to keep log R finite
warning: clamping 1/4096 shifted_linear scores to keep log R finite
step=09000 loss=-0.0007 reverse_nll=0.0000 ESS=0.994 batch_outcomes=4096 batch_topologies=4096 seen=36868000
warning: clamping 1/4096 shifted_linear scores to keep log R finite
warning: clamping 1/4096 shifted_linear scores to keep log R finite
warning: clamping 1/4096 shifted_linear scores to keep log R finite
warning: clamping 1/4096 shifted_linear scores to keep log R finite
warning: clamping 2/4096 shifted_linear scores to keep log R finite
warning: clamping 2/4096 shifted_linear scores to keep log R finite
warning: clamping 1/4096 shifted_linear scores to keep log R finite
warning: clamping 1/4096 shifted_linear scores to keep log R finite
warning: clamping 1/4096 shifted_linear scores to keep log R finite
warning: clamping 1/4096 shifted_linear scores to keep log R finite
warning: clamping 1/4096 shifted_linear scores to keep log R finite
warning: clamping 1/4096 shifted_linear scores to keep log R finite
warning: clamping 1/4096 shifted_linear scores to keep log R finite
warning: clamping 1/4096 shifted_linear scores to keep log R finite
warning: clamping 1/4096 shifted_linear scores to keep log R finite
warning: clamping 1/4096 shifted_linear scores to keep log R finite
step=09025 loss=-0.0011 reverse_nll=0.0000 ESS=0.995 batch_outcomes=4096 batch_topologies=4096 seen=36970400
warning: clamping 1/4096 shifted_linear scores to keep log R finite
warning: clamping 1/4096 shifted_linear scores to keep log R finite
warning: clamping 1/4096 shifted_linear scores to keep log R finite
warning: clamping 1/4096 shifted_linear scores to keep log R finite
warning: clamping 1/4096 shifted_linear scores to keep log R finite
warning: clamping 1/4096 shifted_linear scores to keep log R finite
warning: clamping 1/4096 shifted_linear scores to keep log R finite
warning: clamping 1/4096 shifted_linear scores to keep log R finite
warning: clamping 1/4096 shifted_linear scores to keep log R finite
warning: clamping 1/4096 shifted_linear scores to keep log R finite
warning: clamping 2/4096 shifted_linear scores to keep log R finite
warning: clamping 2/4096 shifted_linear scores to keep log R finite
warning: clamping 1/4096 shifted_linear scores to keep log R finite
warning: clamping 1/4096 shifted_linear scores to keep log R finite
warning: clamping 1/4096 shifted_linear scores to keep log R finite
warning: clamping 1/4096 shifted_linear scores to keep log R finite
warning: clamping 2/4096 shifted_linear scores to keep log R finite
warning: clamping 2/4096 shifted_linear scores to keep log R finite
warning: clamping 1/4096 shifted_linear scores to keep log R finite
warning: clamping 1/4096 shifted_linear scores to keep log R finite
warning: clamping 1/4096 shifted_linear scores to keep log R finite
warning: clamping 1/4096 shifted_linear scores to keep log R finite
warning: clamping 1/4096 shifted_linear scores to keep log R finite
warning: clamping 1/4096 shifted_linear scores to keep log R finite
step=09050 loss=-0.0003 reverse_nll=0.0000 ESS=0.995 batch_outcomes=4096 batch_topologies=4096 seen=37072799
warning: clamping 1/4096 shifted_linear scores to keep log R finite
warning: clamping 1/4096 shifted_linear scores to keep log R finite
warning: clamping 1/4096 shifted_linear scores to keep log R finite
warning: clamping 1/4096 shifted_linear scores to keep log R finite
warning: clamping 1/4096 shifted_linear scores to keep log R finite
warning: clamping 1/4096 shifted_linear scores to keep log R finite
warning: clamping 1/4096 shifted_linear scores to keep log R finite
warning: clamping 1/4096 shifted_linear scores to keep log R finite
warning: clamping 1/4096 shifted_linear scores to keep log R finite
warning: clamping 1/4096 shifted_linear scores to keep log R finite
warning: clamping 1/4096 shifted_linear scores to keep log R finite
warning: clamping 1/4096 shifted_linear scores to keep log R finite
warning: clamping 1/4096 shifted_linear scores to keep log R finite
warning: clamping 1/4096 shifted_linear scores to keep log R finite
warning: clamping 1/4096 shifted_linear scores to keep log R finite
warning: clamping 1/4096 shifted_linear scores to keep log R finite
step=09075 loss=-0.0015 reverse_nll=0.0000 ESS=0.995 batch_outcomes=4096 batch_topologies=4096 seen=37175198
warning: clamping 1/4096 shifted_linear scores to keep log R finite
warning: clamping 1/4096 shifted_linear scores to keep log R finite
warning: clamping 1/4096 shifted_linear scores to keep log R finite
warning: clamping 1/4096 shifted_linear scores to keep log R finite
warning: clamping 1/4096 shifted_linear scores to keep log R finite
warning: clamping 1/4096 shifted_linear scores to keep log R finite
warning: clamping 1/4096 shifted_linear scores to keep log R finite
warning: clamping 1/4096 shifted_linear scores to keep log R finite
warning: clamping 1/4096 shifted_linear scores to keep log R finite
warning: clamping 1/4096 shifted_linear scores to keep log R finite
warning: clamping 1/4096 shifted_linear scores to keep log R finite
warning: clamping 1/4096 shifted_linear scores to keep log R finite
warning: clamping 1/4096 shifted_linear scores to keep log R finite
warning: clamping 1/4096 shifted_linear scores to keep log R finite
warning: clamping 1/4096 shifted_linear scores to keep log R finite
warning: clamping 1/4096 shifted_linear scores to keep log R finite
warning: clamping 1/4096 shifted_linear scores to keep log R finite
warning: clamping 1/4096 shifted_linear scores to keep log R finite
step=09100 loss=0.0008 reverse_nll=0.0000 ESS=0.995 batch_outcomes=4096 batch_topologies=4095 seen=37277598
warning: clamping 1/4096 shifted_linear scores to keep log R finite
warning: clamping 1/4096 shifted_linear scores to keep log R finite
warning: clamping 1/4096 shifted_linear scores to keep log R finite
warning: clamping 1/4096 shifted_linear scores to keep log R finite
warning: clamping 1/4096 shifted_linear scores to keep log R finite
warning: clamping 1/4096 shifted_linear scores to keep log R finite
warning: clamping 1/4096 shifted_linear scores to keep log R finite
warning: clamping 1/4096 shifted_linear scores to keep log R finite
warning: clamping 2/4096 shifted_linear scores to keep log R finite
warning: clamping 2/4096 shifted_linear scores to keep log R finite
warning: clamping 1/4096 shifted_linear scores to keep log R finite
warning: clamping 1/4096 shifted_linear scores to keep log R finite
warning: clamping 1/4096 shifted_linear scores to keep log R finite
warning: clamping 1/4096 shifted_linear scores to keep log R finite
warning: clamping 1/4096 shifted_linear scores to keep log R finite
warning: clamping 1/4096 shifted_linear scores to keep log R finite
step=09125 loss=0.0010 reverse_nll=0.0000 ESS=0.995 batch_outcomes=4096 batch_topologies=4095 seen=37379998
warning: clamping 1/4096 shifted_linear scores to keep log R finite
warning: clamping 1/4096 shifted_linear scores to keep log R finite
warning: clamping 1/4096 shifted_linear scores to keep log R finite
warning: clamping 1/4096 shifted_linear scores to keep log R finite
warning: clamping 1/4096 shifted_linear scores to keep log R finite
warning: clamping 1/4096 shifted_linear scores to keep log R finite
warning: clamping 2/4096 shifted_linear scores to keep log R finite
warning: clamping 2/4096 shifted_linear scores to keep log R finite
warning: clamping 1/4096 shifted_linear scores to keep log R finite
warning: clamping 1/4096 shifted_linear scores to keep log R finite
warning: clamping 1/4096 shifted_linear scores to keep log R finite
warning: clamping 1/4096 shifted_linear scores to keep log R finite
warning: clamping 1/4096 shifted_linear scores to keep log R finite
warning: clamping 1/4096 shifted_linear scores to keep log R finite
warning: clamping 1/4096 shifted_linear scores to keep log R finite
warning: clamping 1/4096 shifted_linear scores to keep log R finite
warning: clamping 1/4096 shifted_linear scores to keep log R finite
warning: clamping 1/4096 shifted_linear scores to keep log R finite
warning: clamping 1/4096 shifted_linear scores to keep log R finite
warning: clamping 1/4096 shifted_linear scores to keep log R finite
step=09150 loss=0.0003 reverse_nll=0.0000 ESS=0.995 batch_outcomes=4096 batch_topologies=4095 seen=37482398
warning: clamping 2/4096 shifted_linear scores to keep log R finite
warning: clamping 2/4096 shifted_linear scores to keep log R finite
warning: clamping 1/4096 shifted_linear scores to keep log R finite
warning: clamping 1/4096 shifted_linear scores to keep log R finite
warning: clamping 1/4096 shifted_linear scores to keep log R finite
warning: clamping 1/4096 shifted_linear scores to keep log R finite
warning: clamping 1/4096 shifted_linear scores to keep log R finite
warning: clamping 1/4096 shifted_linear scores to keep log R finite
warning: clamping 2/4096 shifted_linear scores to keep log R finite
warning: clamping 2/4096 shifted_linear scores to keep log R finite
warning: clamping 1/4096 shifted_linear scores to keep log R finite
warning: clamping 1/4096 shifted_linear scores to keep log R finite
warning: clamping 1/4096 shifted_linear scores to keep log R finite
warning: clamping 1/4096 shifted_linear scores to keep log R finite
step=09175 loss=-0.0008 reverse_nll=0.0000 ESS=0.995 batch_outcomes=4096 batch_topologies=4096 seen=37584796
warning: clamping 1/4096 shifted_linear scores to keep log R finite
warning: clamping 1/4096 shifted_linear scores to keep log R finite
warning: clamping 2/4096 shifted_linear scores to keep log R finite
warning: clamping 2/4096 shifted_linear scores to keep log R finite
warning: clamping 1/4096 shifted_linear scores to keep log R finite
warning: clamping 1/4096 shifted_linear scores to keep log R finite
warning: clamping 1/4096 shifted_linear scores to keep log R finite
warning: clamping 1/4096 shifted_linear scores to keep log R finite
warning: clamping 3/4096 shifted_linear scores to keep log R finite
warning: clamping 3/4096 shifted_linear scores to keep log R finite
warning: clamping 1/4096 shifted_linear scores to keep log R finite
warning: clamping 1/4096 shifted_linear scores to keep log R finite
warning: clamping 1/4096 shifted_linear scores to keep log R finite
warning: clamping 1/4096 shifted_linear scores to keep log R finite
warning: clamping 2/4096 shifted_linear scores to keep log R finite
warning: clamping 2/4096 shifted_linear scores to keep log R finite
warning: clamping 1/4096 shifted_linear scores to keep log R finite
warning: clamping 1/4096 shifted_linear scores to keep log R finite
step=09200 loss=-0.0010 reverse_nll=0.0000 ESS=0.995 batch_outcomes=4096 batch_topologies=4095 seen=37687196
warning: clamping 1/4096 shifted_linear scores to keep log R finite
warning: clamping 1/4096 shifted_linear scores to keep log R finite
warning: clamping 1/4096 shifted_linear scores to keep log R finite
warning: clamping 1/4096 shifted_linear scores to keep log R finite
warning: clamping 2/4096 shifted_linear scores to keep log R finite
warning: clamping 2/4096 shifted_linear scores to keep log R finite
warning: clamping 2/4096 shifted_linear scores to keep log R finite
warning: clamping 2/4096 shifted_linear scores to keep log R finite
warning: clamping 1/4096 shifted_linear scores to keep log R finite
warning: clamping 1/4096 shifted_linear scores to keep log R finite
warning: clamping 1/4096 shifted_linear scores to keep log R finite
warning: clamping 1/4096 shifted_linear scores to keep log R finite
step=09225 loss=0.0017 reverse_nll=0.0000 ESS=0.995 batch_outcomes=4096 batch_topologies=4096 seen=37789595
warning: clamping 1/4096 shifted_linear scores to keep log R finite
warning: clamping 1/4096 shifted_linear scores to keep log R finite
warning: clamping 3/4096 shifted_linear scores to keep log R finite
warning: clamping 3/4096 shifted_linear scores to keep log R finite
warning: clamping 1/4096 shifted_linear scores to keep log R finite
warning: clamping 1/4096 shifted_linear scores to keep log R finite
warning: clamping 1/4096 shifted_linear scores to keep log R finite
warning: clamping 1/4096 shifted_linear scores to keep log R finite
warning: clamping 1/4096 shifted_linear scores to keep log R finite
warning: clamping 1/4096 shifted_linear scores to keep log R finite
warning: clamping 1/4096 shifted_linear scores to keep log R finite
warning: clamping 1/4096 shifted_linear scores to keep log R finite
warning: clamping 1/4096 shifted_linear scores to keep log R finite
warning: clamping 1/4096 shifted_linear scores to keep log R finite
warning: clamping 1/4096 shifted_linear scores to keep log R finite
warning: clamping 1/4096 shifted_linear scores to keep log R finite
warning: clamping 1/4096 shifted_linear scores to keep log R finite
warning: clamping 1/4096 shifted_linear scores to keep log R finite
warning: clamping 2/4096 shifted_linear scores to keep log R finite
warning: clamping 2/4096 shifted_linear scores to keep log R finite
step=09250 loss=0.0002 reverse_nll=0.0000 ESS=0.995 batch_outcomes=4096 batch_topologies=4096 seen=37891994
warning: clamping 1/4096 shifted_linear scores to keep log R finite
warning: clamping 1/4096 shifted_linear scores to keep log R finite
warning: clamping 1/4096 shifted_linear scores to keep log R finite
warning: clamping 1/4096 shifted_linear scores to keep log R finite
warning: clamping 1/4096 shifted_linear scores to keep log R finite
warning: clamping 1/4096 shifted_linear scores to keep log R finite
warning: clamping 1/4096 shifted_linear scores to keep log R finite
warning: clamping 1/4096 shifted_linear scores to keep log R finite
warning: clamping 1/4096 shifted_linear scores to keep log R finite
warning: clamping 1/4096 shifted_linear scores to keep log R finite
warning: clamping 1/4096 shifted_linear scores to keep log R finite
warning: clamping 1/4096 shifted_linear scores to keep log R finite
warning: clamping 1/4096 shifted_linear scores to keep log R finite
warning: clamping 1/4096 shifted_linear scores to keep log R finite
warning: clamping 2/4096 shifted_linear scores to keep log R finite
warning: clamping 2/4096 shifted_linear scores to keep log R finite
warning: clamping 1/4096 shifted_linear scores to keep log R finite
warning: clamping 1/4096 shifted_linear scores to keep log R finite
step=09275 loss=-0.0000 reverse_nll=0.0000 ESS=0.995 batch_outcomes=4096 batch_topologies=4096 seen=37994394
warning: clamping 1/4096 shifted_linear scores to keep log R finite
warning: clamping 1/4096 shifted_linear scores to keep log R finite
warning: clamping 1/4096 shifted_linear scores to keep log R finite
warning: clamping 1/4096 shifted_linear scores to keep log R finite
warning: clamping 2/4096 shifted_linear scores to keep log R finite
warning: clamping 2/4096 shifted_linear scores to keep log R finite
warning: clamping 1/4096 shifted_linear scores to keep log R finite
warning: clamping 1/4096 shifted_linear scores to keep log R finite
step=09300 loss=-0.0010 reverse_nll=0.0000 ESS=0.996 batch_outcomes=4096 batch_topologies=4096 seen=38096792
warning: clamping 1/4096 shifted_linear scores to keep log R finite
warning: clamping 1/4096 shifted_linear scores to keep log R finite
warning: clamping 2/4096 shifted_linear scores to keep log R finite
warning: clamping 2/4096 shifted_linear scores to keep log R finite
warning: clamping 1/4096 shifted_linear scores to keep log R finite
warning: clamping 1/4096 shifted_linear scores to keep log R finite
warning: clamping 1/4096 shifted_linear scores to keep log R finite
warning: clamping 1/4096 shifted_linear scores to keep log R finite
warning: clamping 1/4096 shifted_linear scores to keep log R finite
warning: clamping 1/4096 shifted_linear scores to keep log R finite
warning: clamping 1/4096 shifted_linear scores to keep log R finite
warning: clamping 1/4096 shifted_linear scores to keep log R finite
warning: clamping 1/4096 shifted_linear scores to keep log R finite
warning: clamping 1/4096 shifted_linear scores to keep log R finite
step=09325 loss=-0.0002 reverse_nll=0.0000 ESS=0.995 batch_outcomes=4096 batch_topologies=4096 seen=38199191
warning: clamping 1/4096 shifted_linear scores to keep log R finite
warning: clamping 1/4096 shifted_linear scores to keep log R finite
warning: clamping 1/4096 shifted_linear scores to keep log R finite
warning: clamping 1/4096 shifted_linear scores to keep log R finite
warning: clamping 3/4096 shifted_linear scores to keep log R finite
warning: clamping 3/4096 shifted_linear scores to keep log R finite
warning: clamping 1/4096 shifted_linear scores to keep log R finite
warning: clamping 1/4096 shifted_linear scores to keep log R finite
warning: clamping 1/4096 shifted_linear scores to keep log R finite
warning: clamping 1/4096 shifted_linear scores to keep log R finite
warning: clamping 1/4096 shifted_linear scores to keep log R finite
warning: clamping 1/4096 shifted_linear scores to keep log R finite
warning: clamping 1/4096 shifted_linear scores to keep log R finite
warning: clamping 1/4096 shifted_linear scores to keep log R finite
step=09350 loss=-0.0004 reverse_nll=0.0000 ESS=0.995 batch_outcomes=4096 batch_topologies=4096 seen=38301591
warning: clamping 1/4096 shifted_linear scores to keep log R finite
warning: clamping 1/4096 shifted_linear scores to keep log R finite
warning: clamping 1/4096 shifted_linear scores to keep log R finite
warning: clamping 1/4096 shifted_linear scores to keep log R finite
warning: clamping 1/4096 shifted_linear scores to keep log R finite
warning: clamping 1/4096 shifted_linear scores to keep log R finite
warning: clamping 1/4096 shifted_linear scores to keep log R finite
warning: clamping 1/4096 shifted_linear scores to keep log R finite
warning: clamping 2/4096 shifted_linear scores to keep log R finite
warning: clamping 2/4096 shifted_linear scores to keep log R finite
warning: clamping 1/4096 shifted_linear scores to keep log R finite
warning: clamping 1/4096 shifted_linear scores to keep log R finite
warning: clamping 1/4096 shifted_linear scores to keep log R finite
warning: clamping 1/4096 shifted_linear scores to keep log R finite
step=09375 loss=0.0006 reverse_nll=0.0000 ESS=0.995 batch_outcomes=4096 batch_topologies=4096 seen=38403990
warning: clamping 1/4096 shifted_linear scores to keep log R finite
warning: clamping 1/4096 shifted_linear scores to keep log R finite
warning: clamping 1/4096 shifted_linear scores to keep log R finite
warning: clamping 1/4096 shifted_linear scores to keep log R finite
warning: clamping 1/4096 shifted_linear scores to keep log R finite
warning: clamping 1/4096 shifted_linear scores to keep log R finite
warning: clamping 2/4096 shifted_linear scores to keep log R finite
warning: clamping 2/4096 shifted_linear scores to keep log R finite
warning: clamping 1/4096 shifted_linear scores to keep log R finite
warning: clamping 1/4096 shifted_linear scores to keep log R finite
warning: clamping 1/4096 shifted_linear scores to keep log R finite
warning: clamping 1/4096 shifted_linear scores to keep log R finite
warning: clamping 1/4096 shifted_linear scores to keep log R finite
warning: clamping 1/4096 shifted_linear scores to keep log R finite
warning: clamping 1/4096 shifted_linear scores to keep log R finite
warning: clamping 1/4096 shifted_linear scores to keep log R finite
warning: clamping 2/4096 shifted_linear scores to keep log R finite
warning: clamping 2/4096 shifted_linear scores to keep log R finite
step=09400 loss=0.0005 reverse_nll=0.0000 ESS=0.995 batch_outcomes=4096 batch_topologies=4096 seen=38506390
warning: clamping 1/4096 shifted_linear scores to keep log R finite
warning: clamping 1/4096 shifted_linear scores to keep log R finite
warning: clamping 1/4096 shifted_linear scores to keep log R finite
warning: clamping 1/4096 shifted_linear scores to keep log R finite
warning: clamping 1/4096 shifted_linear scores to keep log R finite
warning: clamping 1/4096 shifted_linear scores to keep log R finite
warning: clamping 1/4096 shifted_linear scores to keep log R finite
warning: clamping 1/4096 shifted_linear scores to keep log R finite
warning: clamping 1/4096 shifted_linear scores to keep log R finite
warning: clamping 1/4096 shifted_linear scores to keep log R finite
warning: clamping 1/4096 shifted_linear scores to keep log R finite
warning: clamping 1/4096 shifted_linear scores to keep log R finite
warning: clamping 2/4096 shifted_linear scores to keep log R finite
warning: clamping 2/4096 shifted_linear scores to keep log R finite
warning: clamping 1/4096 shifted_linear scores to keep log R finite
warning: clamping 1/4096 shifted_linear scores to keep log R finite
warning: clamping 1/4096 shifted_linear scores to keep log R finite
warning: clamping 1/4096 shifted_linear scores to keep log R finite
warning: clamping 1/4096 shifted_linear scores to keep log R finite
warning: clamping 1/4096 shifted_linear scores to keep log R finite
step=09425 loss=-0.0017 reverse_nll=0.0000 ESS=0.995 batch_outcomes=4096 batch_topologies=4095 seen=38608789
warning: clamping 1/4096 shifted_linear scores to keep log R finite
warning: clamping 1/4096 shifted_linear scores to keep log R finite
warning: clamping 1/4096 shifted_linear scores to keep log R finite
warning: clamping 1/4096 shifted_linear scores to keep log R finite
warning: clamping 1/4096 shifted_linear scores to keep log R finite
warning: clamping 1/4096 shifted_linear scores to keep log R finite
warning: clamping 1/4096 shifted_linear scores to keep log R finite
warning: clamping 1/4096 shifted_linear scores to keep log R finite
warning: clamping 1/4096 shifted_linear scores to keep log R finite
warning: clamping 1/4096 shifted_linear scores to keep log R finite
warning: clamping 2/4096 shifted_linear scores to keep log R finite
warning: clamping 2/4096 shifted_linear scores to keep log R finite
warning: clamping 1/4096 shifted_linear scores to keep log R finite
warning: clamping 1/4096 shifted_linear scores to keep log R finite
step=09450 loss=0.0013 reverse_nll=0.0000 ESS=0.994 batch_outcomes=4096 batch_topologies=4095 seen=38711188
warning: clamping 1/4096 shifted_linear scores to keep log R finite
warning: clamping 1/4096 shifted_linear scores to keep log R finite
warning: clamping 1/4096 shifted_linear scores to keep log R finite
warning: clamping 1/4096 shifted_linear scores to keep log R finite
warning: clamping 1/4096 shifted_linear scores to keep log R finite
warning: clamping 1/4096 shifted_linear scores to keep log R finite
warning: clamping 1/4096 shifted_linear scores to keep log R finite
warning: clamping 1/4096 shifted_linear scores to keep log R finite
warning: clamping 1/4096 shifted_linear scores to keep log R finite
warning: clamping 1/4096 shifted_linear scores to keep log R finite
warning: clamping 2/4096 shifted_linear scores to keep log R finite
warning: clamping 2/4096 shifted_linear scores to keep log R finite
warning: clamping 1/4096 shifted_linear scores to keep log R finite
warning: clamping 1/4096 shifted_linear scores to keep log R finite
warning: clamping 1/4096 shifted_linear scores to keep log R finite
warning: clamping 1/4096 shifted_linear scores to keep log R finite
warning: clamping 1/4096 shifted_linear scores to keep log R finite
warning: clamping 1/4096 shifted_linear scores to keep log R finite
warning: clamping 1/4096 shifted_linear scores to keep log R finite
warning: clamping 1/4096 shifted_linear scores to keep log R finite
warning: clamping 1/4096 shifted_linear scores to keep log R finite
warning: clamping 1/4096 shifted_linear scores to keep log R finite
step=09475 loss=0.0015 reverse_nll=0.0000 ESS=0.995 batch_outcomes=4096 batch_topologies=4096 seen=38813586
warning: clamping 1/4096 shifted_linear scores to keep log R finite
warning: clamping 1/4096 shifted_linear scores to keep log R finite
warning: clamping 1/4096 shifted_linear scores to keep log R finite
warning: clamping 1/4096 shifted_linear scores to keep log R finite
warning: clamping 1/4096 shifted_linear scores to keep log R finite
warning: clamping 1/4096 shifted_linear scores to keep log R finite
warning: clamping 1/4096 shifted_linear scores to keep log R finite
warning: clamping 1/4096 shifted_linear scores to keep log R finite
warning: clamping 2/4096 shifted_linear scores to keep log R finite
warning: clamping 2/4096 shifted_linear scores to keep log R finite
warning: clamping 2/4096 shifted_linear scores to keep log R finite
warning: clamping 2/4096 shifted_linear scores to keep log R finite
warning: clamping 1/4096 shifted_linear scores to keep log R finite
warning: clamping 1/4096 shifted_linear scores to keep log R finite
step=09500 loss=-0.0009 reverse_nll=0.0000 ESS=0.995 batch_outcomes=4096 batch_topologies=4094 seen=38915986
warning: clamping 1/4096 shifted_linear scores to keep log R finite
warning: clamping 1/4096 shifted_linear scores to keep log R finite
warning: clamping 1/4096 shifted_linear scores to keep log R finite
warning: clamping 1/4096 shifted_linear scores to keep log R finite
warning: clamping 1/4096 shifted_linear scores to keep log R finite
warning: clamping 1/4096 shifted_linear scores to keep log R finite
warning: clamping 1/4096 shifted_linear scores to keep log R finite
warning: clamping 1/4096 shifted_linear scores to keep log R finite
warning: clamping 1/4096 shifted_linear scores to keep log R finite
warning: clamping 1/4096 shifted_linear scores to keep log R finite
warning: clamping 1/4096 shifted_linear scores to keep log R finite
warning: clamping 1/4096 shifted_linear scores to keep log R finite
warning: clamping 1/4096 shifted_linear scores to keep log R finite
warning: clamping 1/4096 shifted_linear scores to keep log R finite
step=09525 loss=0.0018 reverse_nll=0.0000 ESS=0.995 batch_outcomes=4096 batch_topologies=4095 seen=39018386
warning: clamping 2/4096 shifted_linear scores to keep log R finite
warning: clamping 2/4096 shifted_linear scores to keep log R finite
warning: clamping 1/4096 shifted_linear scores to keep log R finite
warning: clamping 1/4096 shifted_linear scores to keep log R finite
warning: clamping 1/4096 shifted_linear scores to keep log R finite
warning: clamping 1/4096 shifted_linear scores to keep log R finite
warning: clamping 1/4096 shifted_linear scores to keep log R finite
warning: clamping 1/4096 shifted_linear scores to keep log R finite
warning: clamping 2/4096 shifted_linear scores to keep log R finite
warning: clamping 2/4096 shifted_linear scores to keep log R finite
warning: clamping 1/4096 shifted_linear scores to keep log R finite
warning: clamping 1/4096 shifted_linear scores to keep log R finite
warning: clamping 1/4096 shifted_linear scores to keep log R finite
warning: clamping 1/4096 shifted_linear scores to keep log R finite
step=09550 loss=-0.0005 reverse_nll=0.0000 ESS=0.995 batch_outcomes=4096 batch_topologies=4095 seen=39120786
warning: clamping 1/4096 shifted_linear scores to keep log R finite
warning: clamping 1/4096 shifted_linear scores to keep log R finite
warning: clamping 1/4096 shifted_linear scores to keep log R finite
warning: clamping 1/4096 shifted_linear scores to keep log R finite
warning: clamping 2/4096 shifted_linear scores to keep log R finite
warning: clamping 2/4096 shifted_linear scores to keep log R finite
warning: clamping 1/4096 shifted_linear scores to keep log R finite
warning: clamping 1/4096 shifted_linear scores to keep log R finite
warning: clamping 1/4096 shifted_linear scores to keep log R finite
warning: clamping 1/4096 shifted_linear scores to keep log R finite
warning: clamping 1/4096 shifted_linear scores to keep log R finite
warning: clamping 1/4096 shifted_linear scores to keep log R finite
warning: clamping 1/4096 shifted_linear scores to keep log R finite
warning: clamping 1/4096 shifted_linear scores to keep log R finite
step=09575 loss=-0.0005 reverse_nll=0.0000 ESS=0.995 batch_outcomes=4096 batch_topologies=4096 seen=39223186
warning: clamping 1/4096 shifted_linear scores to keep log R finite
warning: clamping 1/4096 shifted_linear scores to keep log R finite
warning: clamping 1/4096 shifted_linear scores to keep log R finite
warning: clamping 1/4096 shifted_linear scores to keep log R finite
warning: clamping 2/4096 shifted_linear scores to keep log R finite
warning: clamping 2/4096 shifted_linear scores to keep log R finite
warning: clamping 1/4096 shifted_linear scores to keep log R finite
warning: clamping 1/4096 shifted_linear scores to keep log R finite
warning: clamping 1/4096 shifted_linear scores to keep log R finite
warning: clamping 1/4096 shifted_linear scores to keep log R finite
warning: clamping 1/4096 shifted_linear scores to keep log R finite
warning: clamping 1/4096 shifted_linear scores to keep log R finite
step=09600 loss=-0.0009 reverse_nll=0.0000 ESS=0.996 batch_outcomes=4096 batch_topologies=4096 seen=39325585
warning: clamping 1/4096 shifted_linear scores to keep log R finite
warning: clamping 1/4096 shifted_linear scores to keep log R finite
warning: clamping 1/4096 shifted_linear scores to keep log R finite
warning: clamping 1/4096 shifted_linear scores to keep log R finite
warning: clamping 1/4096 shifted_linear scores to keep log R finite
warning: clamping 1/4096 shifted_linear scores to keep log R finite
warning: clamping 2/4096 shifted_linear scores to keep log R finite
warning: clamping 2/4096 shifted_linear scores to keep log R finite
step=09625 loss=-0.0014 reverse_nll=0.0000 ESS=0.996 batch_outcomes=4096 batch_topologies=4096 seen=39427984
warning: clamping 1/4096 shifted_linear scores to keep log R finite
warning: clamping 1/4096 shifted_linear scores to keep log R finite
warning: clamping 1/4096 shifted_linear scores to keep log R finite
warning: clamping 1/4096 shifted_linear scores to keep log R finite
warning: clamping 1/4096 shifted_linear scores to keep log R finite
warning: clamping 1/4096 shifted_linear scores to keep log R finite
warning: clamping 1/4096 shifted_linear scores to keep log R finite
warning: clamping 1/4096 shifted_linear scores to keep log R finite
step=09650 loss=-0.0004 reverse_nll=0.0000 ESS=0.995 batch_outcomes=4096 batch_topologies=4096 seen=39530382
warning: clamping 2/4096 shifted_linear scores to keep log R finite
warning: clamping 2/4096 shifted_linear scores to keep log R finite
warning: clamping 1/4096 shifted_linear scores to keep log R finite
warning: clamping 1/4096 shifted_linear scores to keep log R finite
warning: clamping 2/4096 shifted_linear scores to keep log R finite
warning: clamping 2/4096 shifted_linear scores to keep log R finite
warning: clamping 1/4096 shifted_linear scores to keep log R finite
warning: clamping 1/4096 shifted_linear scores to keep log R finite
warning: clamping 1/4096 shifted_linear scores to keep log R finite
warning: clamping 1/4096 shifted_linear scores to keep log R finite
warning: clamping 2/4096 shifted_linear scores to keep log R finite
warning: clamping 2/4096 shifted_linear scores to keep log R finite
warning: clamping 1/4096 shifted_linear scores to keep log R finite
warning: clamping 1/4096 shifted_linear scores to keep log R finite
warning: clamping 1/4096 shifted_linear scores to keep log R finite
warning: clamping 1/4096 shifted_linear scores to keep log R finite
step=09675 loss=-0.0014 reverse_nll=0.0000 ESS=0.995 batch_outcomes=4096 batch_topologies=4096 seen=39632781
warning: clamping 1/4096 shifted_linear scores to keep log R finite
warning: clamping 1/4096 shifted_linear scores to keep log R finite
warning: clamping 1/4096 shifted_linear scores to keep log R finite
warning: clamping 1/4096 shifted_linear scores to keep log R finite
warning: clamping 2/4096 shifted_linear scores to keep log R finite
warning: clamping 2/4096 shifted_linear scores to keep log R finite
warning: clamping 1/4096 shifted_linear scores to keep log R finite
warning: clamping 1/4096 shifted_linear scores to keep log R finite
warning: clamping 1/4096 shifted_linear scores to keep log R finite
warning: clamping 1/4096 shifted_linear scores to keep log R finite
warning: clamping 1/4096 shifted_linear scores to keep log R finite
warning: clamping 1/4096 shifted_linear scores to keep log R finite
warning: clamping 1/4096 shifted_linear scores to keep log R finite
warning: clamping 1/4096 shifted_linear scores to keep log R finite
warning: clamping 1/4096 shifted_linear scores to keep log R finite
warning: clamping 1/4096 shifted_linear scores to keep log R finite
warning: clamping 3/4096 shifted_linear scores to keep log R finite
warning: clamping 3/4096 shifted_linear scores to keep log R finite
warning: clamping 1/4096 shifted_linear scores to keep log R finite
warning: clamping 1/4096 shifted_linear scores to keep log R finite
step=09700 loss=0.0008 reverse_nll=0.0000 ESS=0.995 batch_outcomes=4096 batch_topologies=4096 seen=39735181
warning: clamping 1/4096 shifted_linear scores to keep log R finite
warning: clamping 1/4096 shifted_linear scores to keep log R finite
warning: clamping 1/4096 shifted_linear scores to keep log R finite
warning: clamping 1/4096 shifted_linear scores to keep log R finite
warning: clamping 2/4096 shifted_linear scores to keep log R finite
warning: clamping 2/4096 shifted_linear scores to keep log R finite
warning: clamping 2/4096 shifted_linear scores to keep log R finite
warning: clamping 2/4096 shifted_linear scores to keep log R finite
warning: clamping 1/4096 shifted_linear scores to keep log R finite
warning: clamping 1/4096 shifted_linear scores to keep log R finite
warning: clamping 1/4096 shifted_linear scores to keep log R finite
warning: clamping 1/4096 shifted_linear scores to keep log R finite
step=09725 loss=0.0006 reverse_nll=0.0000 ESS=0.996 batch_outcomes=4096 batch_topologies=4094 seen=39837580
warning: clamping 1/4096 shifted_linear scores to keep log R finite
warning: clamping 1/4096 shifted_linear scores to keep log R finite
warning: clamping 1/4096 shifted_linear scores to keep log R finite
warning: clamping 1/4096 shifted_linear scores to keep log R finite
warning: clamping 1/4096 shifted_linear scores to keep log R finite
warning: clamping 1/4096 shifted_linear scores to keep log R finite
warning: clamping 1/4096 shifted_linear scores to keep log R finite
warning: clamping 1/4096 shifted_linear scores to keep log R finite
warning: clamping 1/4096 shifted_linear scores to keep log R finite
warning: clamping 1/4096 shifted_linear scores to keep log R finite
step=09750 loss=0.0010 reverse_nll=0.0000 ESS=0.995 batch_outcomes=4096 batch_topologies=4095 seen=39939980
warning: clamping 1/4096 shifted_linear scores to keep log R finite
warning: clamping 1/4096 shifted_linear scores to keep log R finite
warning: clamping 1/4096 shifted_linear scores to keep log R finite
warning: clamping 1/4096 shifted_linear scores to keep log R finite
warning: clamping 1/4096 shifted_linear scores to keep log R finite
warning: clamping 1/4096 shifted_linear scores to keep log R finite
warning: clamping 1/4096 shifted_linear scores to keep log R finite
warning: clamping 1/4096 shifted_linear scores to keep log R finite
warning: clamping 1/4096 shifted_linear scores to keep log R finite
warning: clamping 1/4096 shifted_linear scores to keep log R finite
step=09775 loss=-0.0018 reverse_nll=0.0000 ESS=0.995 batch_outcomes=4096 batch_topologies=4096 seen=40042379
warning: clamping 2/4096 shifted_linear scores to keep log R finite
warning: clamping 2/4096 shifted_linear scores to keep log R finite
warning: clamping 1/4096 shifted_linear scores to keep log R finite
warning: clamping 1/4096 shifted_linear scores to keep log R finite
warning: clamping 1/4096 shifted_linear scores to keep log R finite
warning: clamping 1/4096 shifted_linear scores to keep log R finite
warning: clamping 1/4096 shifted_linear scores to keep log R finite
warning: clamping 1/4096 shifted_linear scores to keep log R finite
warning: clamping 1/4096 shifted_linear scores to keep log R finite
warning: clamping 1/4096 shifted_linear scores to keep log R finite
warning: clamping 1/4096 shifted_linear scores to keep log R finite
warning: clamping 1/4096 shifted_linear scores to keep log R finite
warning: clamping 1/4096 shifted_linear scores to keep log R finite
warning: clamping 1/4096 shifted_linear scores to keep log R finite
warning: clamping 1/4096 shifted_linear scores to keep log R finite
warning: clamping 1/4096 shifted_linear scores to keep log R finite
warning: clamping 1/4096 shifted_linear scores to keep log R finite
warning: clamping 1/4096 shifted_linear scores to keep log R finite
warning: clamping 1/4096 shifted_linear scores to keep log R finite
warning: clamping 1/4096 shifted_linear scores to keep log R finite
step=09800 loss=0.0009 reverse_nll=0.0000 ESS=0.995 batch_outcomes=4096 batch_topologies=4095 seen=40144778
warning: clamping 1/4096 shifted_linear scores to keep log R finite
warning: clamping 1/4096 shifted_linear scores to keep log R finite
warning: clamping 2/4096 shifted_linear scores to keep log R finite
warning: clamping 2/4096 shifted_linear scores to keep log R finite
warning: clamping 2/4096 shifted_linear scores to keep log R finite
warning: clamping 2/4096 shifted_linear scores to keep log R finite
warning: clamping 1/4096 shifted_linear scores to keep log R finite
warning: clamping 1/4096 shifted_linear scores to keep log R finite
warning: clamping 1/4096 shifted_linear scores to keep log R finite
warning: clamping 1/4096 shifted_linear scores to keep log R finite
warning: clamping 2/4096 shifted_linear scores to keep log R finite
warning: clamping 2/4096 shifted_linear scores to keep log R finite
warning: clamping 1/4096 shifted_linear scores to keep log R finite
warning: clamping 1/4096 shifted_linear scores to keep log R finite
warning: clamping 1/4096 shifted_linear scores to keep log R finite
warning: clamping 1/4096 shifted_linear scores to keep log R finite
warning: clamping 1/4096 shifted_linear scores to keep log R finite
warning: clamping 1/4096 shifted_linear scores to keep log R finite
warning: clamping 1/4096 shifted_linear scores to keep log R finite
warning: clamping 1/4096 shifted_linear scores to keep log R finite
warning: clamping 1/4096 shifted_linear scores to keep log R finite
warning: clamping 1/4096 shifted_linear scores to keep log R finite
warning: clamping 1/4096 shifted_linear scores to keep log R finite
warning: clamping 1/4096 shifted_linear scores to keep log R finite
step=09825 loss=-0.0010 reverse_nll=0.0000 ESS=0.995 batch_outcomes=4096 batch_topologies=4096 seen=40247176
warning: clamping 1/4096 shifted_linear scores to keep log R finite
warning: clamping 1/4096 shifted_linear scores to keep log R finite
warning: clamping 1/4096 shifted_linear scores to keep log R finite
warning: clamping 1/4096 shifted_linear scores to keep log R finite
warning: clamping 1/4096 shifted_linear scores to keep log R finite
warning: clamping 1/4096 shifted_linear scores to keep log R finite
warning: clamping 1/4096 shifted_linear scores to keep log R finite
warning: clamping 1/4096 shifted_linear scores to keep log R finite
warning: clamping 1/4096 shifted_linear scores to keep log R finite
warning: clamping 1/4096 shifted_linear scores to keep log R finite
warning: clamping 1/4096 shifted_linear scores to keep log R finite
warning: clamping 1/4096 shifted_linear scores to keep log R finite
warning: clamping 1/4096 shifted_linear scores to keep log R finite
warning: clamping 1/4096 shifted_linear scores to keep log R finite
warning: clamping 1/4096 shifted_linear scores to keep log R finite
warning: clamping 1/4096 shifted_linear scores to keep log R finite
warning: clamping 2/4096 shifted_linear scores to keep log R finite
warning: clamping 2/4096 shifted_linear scores to keep log R finite
warning: clamping 1/4096 shifted_linear scores to keep log R finite
warning: clamping 1/4096 shifted_linear scores to keep log R finite
step=09850 loss=-0.0005 reverse_nll=0.0000 ESS=0.995 batch_outcomes=4096 batch_topologies=4096 seen=40349576
warning: clamping 1/4096 shifted_linear scores to keep log R finite
warning: clamping 1/4096 shifted_linear scores to keep log R finite
warning: clamping 1/4096 shifted_linear scores to keep log R finite
warning: clamping 1/4096 shifted_linear scores to keep log R finite
warning: clamping 1/4096 shifted_linear scores to keep log R finite
warning: clamping 1/4096 shifted_linear scores to keep log R finite
warning: clamping 2/4096 shifted_linear scores to keep log R finite
warning: clamping 2/4096 shifted_linear scores to keep log R finite
warning: clamping 2/4096 shifted_linear scores to keep log R finite
warning: clamping 2/4096 shifted_linear scores to keep log R finite
warning: clamping 1/4096 shifted_linear scores to keep log R finite
warning: clamping 1/4096 shifted_linear scores to keep log R finite
warning: clamping 1/4096 shifted_linear scores to keep log R finite
warning: clamping 1/4096 shifted_linear scores to keep log R finite
warning: clamping 1/4096 shifted_linear scores to keep log R finite
warning: clamping 1/4096 shifted_linear scores to keep log R finite
step=09875 loss=-0.0007 reverse_nll=0.0000 ESS=0.995 batch_outcomes=4096 batch_topologies=4096 seen=40451976
warning: clamping 1/4096 shifted_linear scores to keep log R finite
warning: clamping 1/4096 shifted_linear scores to keep log R finite
warning: clamping 1/4096 shifted_linear scores to keep log R finite
warning: clamping 1/4096 shifted_linear scores to keep log R finite
warning: clamping 1/4096 shifted_linear scores to keep log R finite
warning: clamping 1/4096 shifted_linear scores to keep log R finite
warning: clamping 1/4096 shifted_linear scores to keep log R finite
warning: clamping 1/4096 shifted_linear scores to keep log R finite
warning: clamping 1/4096 shifted_linear scores to keep log R finite
warning: clamping 1/4096 shifted_linear scores to keep log R finite
step=09900 loss=0.0002 reverse_nll=0.0000 ESS=0.995 batch_outcomes=4096 batch_topologies=4094 seen=40554376
warning: clamping 1/4096 shifted_linear scores to keep log R finite
warning: clamping 1/4096 shifted_linear scores to keep log R finite
warning: clamping 1/4096 shifted_linear scores to keep log R finite
warning: clamping 1/4096 shifted_linear scores to keep log R finite
warning: clamping 1/4096 shifted_linear scores to keep log R finite
warning: clamping 1/4096 shifted_linear scores to keep log R finite
warning: clamping 1/4096 shifted_linear scores to keep log R finite
warning: clamping 1/4096 shifted_linear scores to keep log R finite
warning: clamping 1/4096 shifted_linear scores to keep log R finite
warning: clamping 1/4096 shifted_linear scores to keep log R finite
warning: clamping 1/4096 shifted_linear scores to keep log R finite
warning: clamping 1/4096 shifted_linear scores to keep log R finite
warning: clamping 1/4096 shifted_linear scores to keep log R finite
warning: clamping 1/4096 shifted_linear scores to keep log R finite
warning: clamping 1/4096 shifted_linear scores to keep log R finite
warning: clamping 1/4096 shifted_linear scores to keep log R finite
warning: clamping 1/4096 shifted_linear scores to keep log R finite
warning: clamping 1/4096 shifted_linear scores to keep log R finite
step=09925 loss=0.0016 reverse_nll=0.0000 ESS=0.995 batch_outcomes=4096 batch_topologies=4096 seen=40656775
warning: clamping 1/4096 shifted_linear scores to keep log R finite
warning: clamping 1/4096 shifted_linear scores to keep log R finite
warning: clamping 1/4096 shifted_linear scores to keep log R finite
warning: clamping 1/4096 shifted_linear scores to keep log R finite
warning: clamping 3/4096 shifted_linear scores to keep log R finite
warning: clamping 3/4096 shifted_linear scores to keep log R finite
step=09950 loss=-0.0003 reverse_nll=0.0000 ESS=0.995 batch_outcomes=4096 batch_topologies=4096 seen=40759175
warning: clamping 1/4096 shifted_linear scores to keep log R finite
warning: clamping 1/4096 shifted_linear scores to keep log R finite
warning: clamping 1/4096 shifted_linear scores to keep log R finite
warning: clamping 1/4096 shifted_linear scores to keep log R finite
warning: clamping 1/4096 shifted_linear scores to keep log R finite
warning: clamping 1/4096 shifted_linear scores to keep log R finite
warning: clamping 1/4096 shifted_linear scores to keep log R finite
warning: clamping 1/4096 shifted_linear scores to keep log R finite
warning: clamping 1/4096 shifted_linear scores to keep log R finite
warning: clamping 1/4096 shifted_linear scores to keep log R finite
warning: clamping 1/4096 shifted_linear scores to keep log R finite
warning: clamping 1/4096 shifted_linear scores to keep log R finite
warning: clamping 1/4096 shifted_linear scores to keep log R finite
warning: clamping 1/4096 shifted_linear scores to keep log R finite
warning: clamping 1/4096 shifted_linear scores to keep log R finite
warning: clamping 1/4096 shifted_linear scores to keep log R finite
step=09975 loss=0.0006 reverse_nll=0.0000 ESS=0.995 batch_outcomes=4096 batch_topologies=4096 seen=40861575
warning: clamping 2/4096 shifted_linear scores to keep log R finite
warning: clamping 2/4096 shifted_linear scores to keep log R finite
warning: clamping 2/4096 shifted_linear scores to keep log R finite
warning: clamping 2/4096 shifted_linear scores to keep log R finite
warning: clamping 2/4096 shifted_linear scores to keep log R finite
warning: clamping 2/4096 shifted_linear scores to keep log R finite
warning: clamping 1/4096 shifted_linear scores to keep log R finite
warning: clamping 1/4096 shifted_linear scores to keep log R finite
warning: clamping 1/4096 shifted_linear scores to keep log R finite
warning: clamping 1/4096 shifted_linear scores to keep log R finite
warning: clamping 1/4096 shifted_linear scores to keep log R finite
warning: clamping 1/4096 shifted_linear scores to keep log R finite
warning: clamping 1/4096 shifted_linear scores to keep log R finite
warning: clamping 1/4096 shifted_linear scores to keep log R finite
warning: clamping 1/4096 shifted_linear scores to keep log R finite
warning: clamping 1/4096 shifted_linear scores to keep log R finite
completed: final/runs/10taxa_uniform_reverse_ablation/learned_reverse/20260825_235540_learned_reverse_10taxa_uniform_reverse_ablation_learned_reverse_ips_grpo
[final] running: /home/armaan/phylogfn/.venv/bin/python -u -m learned_reverse_ips.post_train --run-dir /home/armaan/phylogfn/final/runs/10taxa_uniform_reverse_ablation/learned_reverse/20260825_235540_learned_reverse_10taxa_uniform_reverse_ablation_learned_reverse_ips_grpo --skip-sampling --skip-sampling-plots

[final] 2026-08-26 08:32:34 /home/armaan/phylogfn/.venv/bin/python -u -m learned_reverse_ips.post_train --run-dir /home/armaan/phylogfn/final/runs/10taxa_uniform_reverse_ablation/learned_reverse/20260825_235540_learned_reverse_10taxa_uniform_reverse_ablation_learned_reverse_ips_grpo --skip-sampling --skip-sampling-plots
/usr/lib/python3.10/runpy.py:126: RuntimeWarning: 'learned_reverse_ips.post_train' found in sys.modules after import of package 'learned_reverse_ips', but prior to execution of 'learned_reverse_ips.post_train'; this may result in unpredictable behaviour
  warn(RuntimeWarning(msg))
[post_train 2026-08-26 08:32:36] starting post-train pipeline for /home/armaan/phylogfn/final/runs/10taxa_uniform_reverse_ablation/learned_reverse/20260825_235540_learned_reverse_10taxa_uniform_reverse_ablation_learned_reverse_ips_grpo
[post_train 2026-08-26 08:32:42] wrote training curves: /home/armaan/phylogfn/final/runs/10taxa_uniform_reverse_ablation/learned_reverse/20260825_235540_learned_reverse_10taxa_uniform_reverse_ablation_learned_reverse_ips_grpo/plots/training_curves.png
Traceback (most recent call last):
  File "/usr/lib/python3.10/runpy.py", line 196, in _run_module_as_main
    return _run_code(code, main_globals, None,
  File "/usr/lib/python3.10/runpy.py", line 86, in _run_code
    exec(code, run_globals)
  File "/home/armaan/phylogfn/learned_reverse_ips/post_train.py", line 218, in <module>
    main()
  File "/home/armaan/phylogfn/learned_reverse_ips/post_train.py", line 205, in main
    run_post_train_pipeline(
  File "/home/armaan/phylogfn/learned_reverse_ips/post_train.py", line 152, in run_post_train_pipeline
    raise FileNotFoundError(
FileNotFoundError: --skip-sampling set but samples not found: /home/armaan/phylogfn/final/runs/10taxa_uniform_reverse_ablation/learned_reverse/20260825_235540_learned_reverse_10taxa_uniform_reverse_ablation_learned_reverse_ips_grpo/sampled_full_diagnostics_10000.npz
Traceback (most recent call last):
  File "/usr/lib/python3.10/runpy.py", line 196, in _run_module_as_main
    return _run_code(code, main_globals, None,
  File "/usr/lib/python3.10/runpy.py", line 86, in _run_code
    exec(code, run_globals)
  File "/home/armaan/phylogfn/final/__main__.py", line 85, in <module>
    main()
  File "/home/armaan/phylogfn/final/__main__.py", line 31, in main
    run_suite_main(argv)
  File "/home/armaan/phylogfn/final/run_suite.py", line 126, in main
    manifest = run_suite(
  File "/home/armaan/phylogfn/final/run_suite.py", line 51, in run_suite
    method_manifest = run_pipeline(
  File "/home/armaan/phylogfn/final/pipeline.py", line 181, in run_pipeline
    run_command(
  File "/home/armaan/phylogfn/final/run_utils.py", line 62, in run_command
    subprocess.run(
  File "/usr/lib/python3.10/subprocess.py", line 526, in run
    raise CalledProcessError(retcode, process.args,
subprocess.CalledProcessError: Command '['/home/armaan/phylogfn/.venv/bin/python', '-u', '-m', 'learned_reverse_ips.post_train', '--run-dir', '/home/armaan/phylogfn/final/runs/10taxa_uniform_reverse_ablation/learned_reverse/20260825_235540_learned_reverse_10taxa_uniform_reverse_ablation_learned_reverse_ips_grpo', '--skip-sampling', '--skip-sampling-plots']' returned non-zero exit status 1.
